--------- beginning of main
08-31 20:36:14.788  2509  3717 I libsensor-boledalgo: dbv:1663,lux:27.1,cct:3327.6,hsv:-1.0,CWB R:101.3,G:137.3,B:107.1Event C:1054.7,R:672.3,G:330.4,B:183.6Cali C:0.0,R:0.0,G:0.0,B:0.0 
08-31 20:36:14.844  2509  3717 I libsensor-boledalgo: dbv:1663,lux:25.8,cct:3398.7,hsv:-1.0,CWB R:101.3,G:137.3,B:107.1Event C:1050.9,R:673.9,G:330.4,B:185.7Cali C:0.0,R:0.0,G:0.0,B:0.0 
08-31 20:36:14.845  2509  3717 I libsensor-boledalgo: dbv:1663,lux:27.0,cct:3311.6,hsv:-1.0,CWB R:101.3,G:137.3,B:107.1Event C:1054.4,R:673.4,G:329.5,B:183.1Cali C:0.0,R:0.0,G:0.0,B:0.0 
08-31 20:36:14.890  2509  3717 I libsensor-boledalgo: dbv:1663,lux:25.7,cct:3402.9,hsv:-1.0,CWB R:101.3,G:137.3,B:107.1Event C:1052.7,R:675.7,G:329.8,B:186.4Cali C:0.0,R:0.0,G:0.0,B:0.0 
08-31 20:36:14.940  2509  3717 I libsensor-boledalgo: dbv:1663,lux:26.0,cct:3338.3,hsv:-1.0,CWB R:101.3,G:137.3,B:107.1Event C:1050.1,R:674.7,G:329.0,B:183.3Cali C:0.0,R:0.0,G:0.0,B:0.0 
08-31 20:36:14.941  2509  3717 I libsensor-boledalgo: dbv:1663,lux:24.4,cct:3397.7,hsv:-1.0,CWB R:101.3,G:137.3,B:107.1Event C:1048.3,R:678.9,G:332.0,B:184.6Cali C:0.0,R:0.0,G:0.0,B:0.0 
08-31 20:36:14.990  2509  3717 I libsensor-boledalgo: dbv:1663,lux:25.0,cct:3459.3,hsv:-1.0,CWB R:101.3,G:137.3,B:107.1Event C:1052.4,R:677.3,G:330.4,B:188.5Cali C:0.0,R:0.0,G:0.0,B:0.0 
08-31 20:36:14.991  2509  3717 I libsensor-boledalgo: dbv:1663,lux:26.5,cct:3344.4,hsv:-1.0,CWB R:101.3,G:137.3,B:107.1Event C:1054.2,R:674.7,G:329.8,B:184.4Cali C:0.0,R:0.0,G:0.0,B:0.0 
08-31 20:36:15.040  3042  3773 W libbinder.ServiceManagerCppClient: Waited one second for android.hardware.biometrics.face.virtualhal.IVirtualHal/virtual (is service started? Number of threads started in the threadpool: 32. Are binder threads started and available?)
08-31 20:36:15.045   992 21054 W libc    : Unable to set property "ctl.interface_start" to "aidl/android.hardware.biometrics.face.virtualhal.IVirtualHal/virtual": PROP_ERROR_HANDLE_CONTROL_MESSAGE (0x20)
--------- beginning of kernel
08-31 20:36:15.045   992   992 I servicemanager: Caller(pid=3042,uid=1000,sid=u:r:system_server:s0) Since 'android.hardware.biometrics.face.virtualhal.IVirtualHal/virtual' could not be found trying to start it as a lazy AIDL service. (if it's not configured to be a lazy service, it may be stuck starting or still starting).
08-31 20:36:15.046 21054 21054 I servicemanager: Caller(pid=3042,uid=1000,sid=u:r:system_server:s0) Tried to start aidl service android.hardware.biometrics.face.virtualhal.IVirtualHal/virtual as a lazy service, but was unable to. Usually this happens when a service is not installed, but if the service is intended to be used as a lazy service, then it may be configured incorrectly.
08-31 20:36:15.292  2509  3717 I libsensor-boledalgo: dbv:1663,lux:25.0,cct:3384.1,hsv:-1.0,CWB R:101.3,G:137.3,B:107.1Event C:1050.4,R:678.6,G:329.8,B:185.1Cali C:0.0,R:0.0,G:0.0,B:0.0 
08-31 20:36:15.389  2509  3717 I libsensor-boledalgo: dbv:1663,lux:26.4,cct:3342.6,hsv:-1.0,CWB R:101.3,G:137.3,B:107.1Event C:1053.4,R:675.0,G:329.8,B:184.1Cali C:0.0,R:0.0,G:0.0,B:0.0 
08-31 20:36:15.494  2509  3717 I libsensor-boledalgo: dbv:1663,lux:25.5,cct:3465.9,hsv:-1.0,CWB R:101.3,G:137.3,B:107.1Event C:1050.1,R:673.1,G:329.0,B:188.5Cali C:0.0,R:0.0,G:0.0,B:0.0 
08-31 20:36:15.540  2509  3717 I libsensor-boledalgo: dbv:1663,lux:25.8,cct:3389.4,hsv:-1.0,CWB R:101.3,G:137.3,B:107.1Event C:1051.4,R:675.2,G:328.4,B:185.9Cali C:0.0,R:0.0,G:0.0,B:0.0 
08-31 20:36:15.740  2509  3717 I libsensor-boledalgo: dbv:1663,lux:26.3,cct:3337.1,hsv:-1.0,CWB R:101.3,G:137.3,B:107.1Event C:1052.1,R:674.7,G:328.7,B:183.9Cali C:0.0,R:0.0,G:0.0,B:0.0 
08-31 20:36:15.790  2509  3717 I libsensor-boledalgo: dbv:1663,lux:25.7,cct:3410.5,hsv:-1.0,CWB R:101.3,G:137.3,B:107.1Event C:1050.6,R:674.4,G:329.0,B:186.4Cali C:0.0,R:0.0,G:0.0,B:0.0 
08-31 20:36:15.819  3042  3708 D WifiClientModeImpl[11663:wlan0]: updateLinkLayerStatsRssiSpeedFrequencyCapabilities rssi=-65 TxLinkspeed=143 freq=2437 RxLinkSpeed=129
08-31 20:36:15.820  3042  3708 D WifiDataStall: tx tput in kbps: 93396
08-31 20:36:15.820  3042  3708 D WifiDataStall: rx tput in kbps: 94187
08-31 20:36:15.820  3042  3708 V WifiConfigManager: Updating scan detail cache freq=2437 BSSID=8c:9a:8f:a8:b2:54 RSSI=-65 for "Proximus-Home-990073"SAE
08-31 20:36:15.820  3042  3708 D WifiDataStall:  ccaLevel = 80
08-31 20:36:15.820  3042  3708 D WifiDataStall: L2 txTputKbps: 93396, rxTputKbps: 94187, L3 txTputKbps: 0, rxTputKbps: 0, TxTrafficHigh: false, RxTrafficHigh: false, Throughput Sufficient: true
08-31 20:36:15.821  3042  3708 D WifiThroughputPredictor:  utilization (LLS) 80 isBluetoothConnected: false final utilization: 80
08-31 20:36:15.821  3042  3708 D WifiThroughputPredictor:  BW: 0 RSSI: -65 Nss: 2 Mode: 6 symDur: 13600 snrDb 15 bitPerTone: 4995 rate: 171 throughput: 117
08-31 20:36:15.821  3042  3708 D WifiThroughputPredictor:  utilization (LLS) 80 isBluetoothConnected: false final utilization: 80
08-31 20:36:15.821  3042  3708 D WifiThroughputPredictor:  BW: 0 RSSI: -65 Nss: 2 Mode: 6 symDur: 13600 snrDb 15 bitPerTone: 4995 rate: 171 throughput: 117
08-31 20:36:15.825  3042  3708 D WifiScoreCard: BSSID update SIGNAL_POLL ID: 1760920805 SSID: "Proximus-Home-990073", BSSID: 8c:9a:8f:a8:b2:54, MAC: 3c:38:24:7f:7e:4c, IP: /192.168.129.54, Security type: 4, Supplicant state: COMPLETED, Wi-Fi standard: 11ax, RSSI: -65, Link speed: 143Mbps, Tx Link speed: 143Mbps, Max Supported Tx Link speed: 286Mbps, Calculated Tx : 93Mbps, Rx Link speed: 137Mbps, Max Supported Rx Link speed: 286Mbps, Calculated Rx : 94Mbps, Frequency: 2437MHz, Net ID: 1, Metered hint: false, score: 100, isUsable: true, CarrierMerged: false, SubscriptionId: -1, IsPrimary: 1, Trusted: true, Restricted: false, Ephemeral: false, OEM paid: false, OEM private: false, OSU AP: false, FQDN: <none>, Provider friendly name: <none>, Requesting package name: <none>"Proximus-Home-990073"wpa3-saeMLO Information: , Is TID-To-Link negotiation supported by the AP: false, AP MLD Address: <none>, AP MLO Link Id: <none>, AP MLO Affiliated links: <none>, Vendor Data: <none>
08-31 20:36:15.825  3042  3708 D WifiScoreCard: txRate: 1 txSpeed: 143
08-31 20:36:15.825  3042  3708 D WifiScoreCard: network update SIGNAL_POLL "Proximus-Home-990073" ID: 446730065 RSSI -65 txSpeed -1
08-31 20:36:15.825  3042  3708 D WifiClientModeImpl[11663:wlan0]:  ClientModeImpl$L2ConnectedState screen=on 9 0 "Proximus-Home-990073" 8c:9a:8f:a8:b2:54 rssi=-65 f=2437 sc=100 link=143 tx=0.0, 0.0, 0.0 rx=0.0 bcn=21674 [on:0 tx:0 rx:1 period:3031] from screen [on:4296 period:84984] score=100
08-31 20:36:15.845  2509  3717 I libsensor-boledalgo: dbv:1663,lux:26.5,cct:3299.1,hsv:-1.0,CWB R:101.3,G:137.3,B:107.1Event C:1051.4,R:674.7,G:328.7,B:182.0Cali C:0.0,R:0.0,G:0.0,B:0.0 
08-31 20:36:15.896     1     1 I process_monitor-sig_record: signal_record_hook_handle:268 hook cat sig = 9
08-31 20:36:15.896     1     1 I process_monitor-sig_record: signal_record_hook_handle:281 from init 1:1:0 to cnss-daemon 21055:1:1000
08-31 20:36:15.898 21056 21056 D tcmd    : tcmd starting up
08-31 20:36:15.899 21056 21056 W tcmd    : libminijail[21056]: failed to get path of fd 4: No such file or directory
08-31 20:36:15.899 21056 21056 W tcmd    : libminijail[21056]: allowing syscall: connect
08-31 20:36:15.899 21056 21056 W tcmd    : libminijail[21056]: allowing syscall: fcntl
08-31 20:36:15.899 21056 21056 W tcmd    : libminijail[21056]: allowing syscall: sendto
08-31 20:36:15.899 21056 21056 W tcmd    : libminijail[21056]: allowing syscall: socket
08-31 20:36:15.899 21056 21056 W tcmd    : libminijail[21056]: allowing syscall: writev
08-31 20:36:15.899 21056 21056 W tcmd    : libminijail[21056]: logging seccomp filter failures
08-31 20:36:15.901 21056 21056 D tcmd    : DpmCom::addComEventHandler fd 5, ComEventCallback 0x63976feb50, void* 0x0, ComCloseCallback 0x0, events 17
08-31 20:36:15.901 21056 21056 D tcmd    : DpmCom is ready. epollFd:4
08-31 20:36:15.901 21056 21056 D tcmd    : address of comEvent 0x7fe6fba300
08-31 20:36:15.902 21056 21056 E tcmd    : libminijail[21056]: blocked syscall: lseek
08-31 20:36:15.896 21056 21056 I tcmd    : type=1400 audit(0.0:1039358): avc:  denied  { write } for  name="tombstoned_crash" dev="tmpfs" ino=2268 scontext=u:r:vendor_tcmd:s0 tcontext=u:object_r:tombstoned_crash_socket:s0 tclass=sock_file permissive=1
08-31 20:36:15.896 21056 21056 I tcmd    : type=1400 audit(0.0:1039359): avc:  denied  { connectto } for  path="/dev/socket/tombstoned_crash" scontext=u:r:vendor_tcmd:s0 tcontext=u:r:tombstoned:s0 tclass=unix_stream_socket permissive=1
08-31 20:36:15.902  1345  1345 I tombstoned: received crash request for pid 21056
08-31 20:36:15.903  1345  1345 W tombstoned: failed to read from crash socket: Connection reset by peer
08-31 20:36:15.904     1     1 I process_monitor-sig_record: signal_record_hook_handle:268 hook cat sig = 9
08-31 20:36:15.904     1     1 I process_monitor-sig_record: signal_record_hook_handle:281 from init 1:1:0 to tcmd 21056:1:1000
08-31 20:36:15.907 21057 21057 I flags_health_check: ServerConfigurableFlagsReset reset_mode value: 1
08-31 20:36:15.907 21057 21057 I flags_health_check: ServerConfigurableFlagsReset updatable crashing detected, resetting flags.
08-31 20:36:15.900 21057 21057 I flags_health_ch: type=1400 audit(0.0:1039360): avc:  denied  { open } for  path="/dev/__properties__/u:object_r:aac_drc_prop:s0" dev="tmpfs" ino=91 scontext=u:r:flags_health_check:s0 tcontext=u:object_r:aac_drc_prop:s0 tclass=file permissive=1
08-31 20:36:15.900 21057 21057 I flags_health_ch: type=1400 audit(0.0:1039361): avc:  denied  { getattr } for  path="/dev/__properties__/u:object_r:aac_drc_prop:s0" dev="tmpfs" ino=91 scontext=u:r:flags_health_check:s0 tcontext=u:object_r:aac_drc_prop:s0 tclass=file permissive=1
08-31 20:36:15.900 21057 21057 I flags_health_ch: type=1400 audit(0.0:1039362): avc:  denied  { map } for  path="/dev/__properties__/u:object_r:aac_drc_prop:s0" dev="tmpfs" ino=91 scontext=u:r:flags_health_check:s0 tcontext=u:object_r:aac_drc_prop:s0 tclass=file permissive=1
08-31 20:36:15.908 21057 21057 W audit   : audit_lost=1033093 audit_rate_limit=5 audit_backlog_limit=64
08-31 20:36:15.908 21057 21057 E audit   : rate limit exceeded
08-31 20:36:15.921     1     1 I process_monitor-sig_record: signal_record_hook_handle:268 hook cat sig = 9
08-31 20:36:15.921     1     1 I process_monitor-sig_record: signal_record_hook_handle:281 from init 1:1:0 to flags_health_ch 21057:1:1000
08-31 20:36:15.929 21058 21058 I flags_health_check: ServerConfigurableFlagsReset reset_mode value: 1
08-31 20:36:15.929 21058 21058 I flags_health_check: ServerConfigurableFlagsReset updatable crashing detected, resetting flags.
08-31 20:36:15.939  2509  3717 I libsensor-boledalgo: dbv:1663,lux:25.2,cct:3464.5,hsv:-1.0,CWB R:101.3,G:137.3,B:107.1Event C:1051.4,R:675.2,G:330.1,B:188.5Cali C:0.0,R:0.0,G:0.0,B:0.0 
08-31 20:36:15.938     1     1 I process_monitor-sig_record: signal_record_hook_handle:268 hook cat sig = 9
08-31 20:36:15.938     1     1 I process_monitor-sig_record: signal_record_hook_handle:281 from init 1:1:0 to flags_health_ch 21058:1:1000
08-31 20:36:15.990  2509  3717 I libsensor-boledalgo: dbv:1663,lux:25.8,cct:3408.4,hsv:-1.0,CWB R:101.3,G:137.3,B:107.1Event C:1052.7,R:674.7,G:330.7,B:186.4Cali C:0.0,R:0.0,G:0.0,B:0.0 
08-31 20:36:16.041  2509  3717 I libsensor-boledalgo: dbv:1663,lux:26.2,cct:3340.7,hsv:-1.0,CWB R:101.3,G:137.3,B:107.1Event C:1052.7,R:676.0,G:327.9,B:184.4Cali C:0.0,R:0.0,G:0.0,B:0.0 
08-31 20:36:16.048   992   992 I servicemanager: Caller(pid=3042,uid=1000,sid=u:r:system_server:s0) Since 'android.hardware.biometrics.face.virtualhal.IVirtualHal/virtual' could not be found trying to start it as a lazy AIDL service. (if it's not configured to be a lazy service, it may be stuck starting or still starting).
08-31 20:36:16.044  3042  3773 W libbinder.ServiceManagerCppClient: Waited one second for android.hardware.biometrics.face.virtualhal.IVirtualHal/virtual (is service started? Number of threads started in the threadpool: 32. Are binder threads started and available?)
08-31 20:36:16.049   992 21059 W libc    : Unable to set property "ctl.interface_start" to "aidl/android.hardware.biometrics.face.virtualhal.IVirtualHal/virtual": PROP_ERROR_HANDLE_CONTROL_MESSAGE (0x20)
08-31 20:36:16.050 21059 21059 I servicemanager: Caller(pid=3042,uid=1000,sid=u:r:system_server:s0) Tried to start aidl service android.hardware.biometrics.face.virtualhal.IVirtualHal/virtual as a lazy service, but was unable to. Usually this happens when a service is not installed, but if the service is intended to be used as a lazy service, then it may be configured incorrectly.
08-31 20:36:16.341  2509  3717 I libsensor-boledalgo: dbv:1663,lux:24.7,cct:3390.9,hsv:-1.0,CWB R:101.3,G:137.3,B:107.1Event C:1048.1,R:677.6,G:330.7,B:184.6Cali C:0.0,R:0.0,G:0.0,B:0.0 
08-31 20:36:16.394  2509  3717 I libsensor-boledalgo: dbv:1663,lux:26.4,cct:3373.2,hsv:-1.0,CWB R:101.3,G:137.3,B:107.1Event C:1051.4,R:672.6,G:328.7,B:185.1Cali C:0.0,R:0.0,G:0.0,B:0.0 
--------- beginning of system
08-31 20:36:16.640  3042  3532 D ActivityManager: freezing 18766 com.google.android.projection.gearhead:car
08-31 20:36:16.706  3042  3532 D ActivityManager: freezing 20965 com.android.DeviceAsWebcam
08-31 20:36:16.758  3042  3532 D ActivityManager: freezing 20986 android.process.media
08-31 20:36:16.763  3042  3722 D InetDiagMessage: Destroyed 0 sockets, proto=IPPROTO_TCP, family=AF_INET, states=14
08-31 20:36:16.766  3042  3722 D InetDiagMessage: Destroyed 0 sockets, proto=IPPROTO_TCP, family=AF_INET6, states=14
08-31 20:36:16.766  3042  3722 D InetDiagMessage: Destroyed live tcp sockets for uids={10233} in 6ms
08-31 20:36:16.831  3042  3532 D ActivityManager: freezing 21004 com.google.android.projection.gearhead:shared
08-31 20:36:16.835  3042  3722 D InetDiagMessage: Destroyed 0 sockets, proto=IPPROTO_TCP, family=AF_INET, states=14
08-31 20:36:16.836  3042  3722 D InetDiagMessage: Destroyed 0 sockets, proto=IPPROTO_TCP, family=AF_INET6, states=14
08-31 20:36:16.836  3042  3722 D InetDiagMessage: Destroyed live tcp sockets for uids={10272} in 4ms
08-31 20:36:16.941  2509  3717 I libsensor-boledalgo: dbv:1663,lux:25.0,cct:3498.7,hsv:-1.0,CWB R:101.3,G:137.3,B:107.1Event C:1047.3,R:671.3,G:331.2,B:188.5Cali C:0.0,R:0.0,G:0.0,B:0.0 
08-31 20:36:16.994  2509  3717 I libsensor-boledalgo: dbv:1663,lux:26.9,cct:3324.3,hsv:-1.0,CWB R:101.3,G:137.3,B:107.1Event C:1055.7,R:674.7,G:330.9,B:183.6Cali C:0.0,R:0.0,G:0.0,B:0.0 
08-31 20:36:17.041  2509  3717 I libsensor-boledalgo: dbv:1663,lux:25.2,cct:3417.6,hsv:-1.0,CWB R:101.3,G:137.3,B:107.1Event C:1049.4,R:675.0,G:330.9,B:185.9Cali C:0.0,R:0.0,G:0.0,B:0.0 
08-31 20:36:17.048  3042  3773 W libbinder.ServiceManagerCppClient: Waited one second for android.hardware.biometrics.face.virtualhal.IVirtualHal/virtual (is service started? Number of threads started in the threadpool: 32. Are binder threads started and available?)
08-31 20:36:17.051   992   992 I servicemanager: Caller(pid=3042,uid=1000,sid=u:r:system_server:s0) Since 'android.hardware.biometrics.face.virtualhal.IVirtualHal/virtual' could not be found trying to start it as a lazy AIDL service. (if it's not configured to be a lazy service, it may be stuck starting or still starting).
08-31 20:36:17.052   992 21060 W libc    : Unable to set property "ctl.interface_start" to "aidl/android.hardware.biometrics.face.virtualhal.IVirtualHal/virtual": PROP_ERROR_HANDLE_CONTROL_MESSAGE (0x20)
08-31 20:36:17.054 21060 21060 I servicemanager: Caller(pid=3042,uid=1000,sid=u:r:system_server:s0) Tried to start aidl service android.hardware.biometrics.face.virtualhal.IVirtualHal/virtual as a lazy service, but was unable to. Usually this happens when a service is not installed, but if the service is intended to be used as a lazy service, then it may be configured incorrectly.
08-31 20:36:17.094  2509  3717 I libsensor-boledalgo: dbv:1663,lux:26.7,cct:3329.9,hsv:-1.0,CWB R:101.3,G:137.3,B:107.1Event C:1053.2,R:673.1,G:330.4,B:183.3Cali C:0.0,R:0.0,G:0.0,B:0.0 
08-31 20:36:17.441  2509  3717 I libsensor-boledalgo: dbv:1663,lux:25.1,cct:3352.0,hsv:-1.0,CWB R:101.3,G:137.3,B:107.1Event C:1042.5,R:672.9,G:327.9,B:182.3Cali C:0.0,R:0.0,G:0.0,B:0.0 
08-31 20:36:17.694  2509  3717 I libsensor-boledalgo: dbv:1663,lux:26.0,cct:3299.8,hsv:-1.0,CWB R:101.3,G:137.3,B:107.1Event C:1041.5,R:669.7,G:324.3,B:180.7Cali C:0.0,R:0.0,G:0.0,B:0.0 
08-31 20:36:18.041  2509  3717 I libsensor-boledalgo: dbv:1663,lux:24.6,cct:3317.9,hsv:-1.0,CWB R:101.3,G:137.3,B:107.1Event C:1037.2,R:672.9,G:325.4,B:180.2Cali C:0.0,R:0.0,G:0.0,B:0.0 
08-31 20:36:18.051  3042  3773 W libbinder.ServiceManagerCppClient: Waited one second for android.hardware.biometrics.face.virtualhal.IVirtualHal/virtual (is service started? Number of threads started in the threadpool: 32. Are binder threads started and available?)
08-31 20:36:18.055   992 21061 W libc    : Unable to set property "ctl.interface_start" to "aidl/android.hardware.biometrics.face.virtualhal.IVirtualHal/virtual": PROP_ERROR_HANDLE_CONTROL_MESSAGE (0x20)
08-31 20:36:18.054   992   992 I servicemanager: Caller(pid=3042,uid=1000,sid=u:r:system_server:s0) Since 'android.hardware.biometrics.face.virtualhal.IVirtualHal/virtual' could not be found trying to start it as a lazy AIDL service. (if it's not configured to be a lazy service, it may be stuck starting or still starting).
08-31 20:36:18.056 21061 21061 I servicemanager: Caller(pid=3042,uid=1000,sid=u:r:system_server:s0) Tried to start aidl service android.hardware.biometrics.face.virtualhal.IVirtualHal/virtual as a lazy service, but was unable to. Usually this happens when a service is not installed, but if the service is intended to be used as a lazy service, then it may be configured incorrectly.
08-31 20:36:18.090  2509  3717 I libsensor-boledalgo: dbv:1663,lux:26.1,cct:3298.0,hsv:-1.0,CWB R:101.3,G:137.3,B:107.1Event C:1041.2,R:669.5,G:323.7,B:180.7Cali C:0.0,R:0.0,G:0.0,B:0.0 
08-31 20:36:18.141  2509  3717 I libsensor-boledalgo: dbv:1663,lux:25.3,cct:3366.2,hsv:-1.0,CWB R:101.3,G:137.3,B:107.1Event C:1036.4,R:666.8,G:324.0,B:182.3Cali C:0.0,R:0.0,G:0.0,B:0.0 
08-31 20:36:18.141  2509  3717 I libsensor-boledalgo: dbv:1663,lux:25.7,cct:3243.7,hsv:-1.0,CWB R:101.3,G:137.3,B:107.1Event C:1038.7,R:671.0,G:323.4,B:177.9Cali C:0.0,R:0.0,G:0.0,B:0.0 
08-31 20:36:18.327  1690 20070 I sensors-hal: qsh_conn_event_cb:789, wakeup event[0] sensor:knuckle  Wakeup msg_id=1024, ts=46052647748
08-31 20:36:18.327  1690 20070 E sensors-hal: handle_sns_client_event:54, knuckle_event: ts=2392310616909, event=0.000000 now = 2392311749399
08-31 20:36:18.340  2509  3717 I libsensor-boledalgo: dbv:1663,lux:24.8,cct:3344.9,hsv:-1.0,CWB R:101.3,G:137.3,B:107.1Event C:1030.6,R:665.5,G:324.0,B:180.0Cali C:0.0,R:0.0,G:0.0,B:0.0 
08-31 20:36:18.390  2509  3717 I libsensor-boledalgo: dbv:1663,lux:25.6,cct:3277.1,hsv:-1.0,CWB R:101.3,G:137.3,B:107.1Event C:1037.7,R:670.2,G:322.0,B:179.4Cali C:0.0,R:0.0,G:0.0,B:0.0 
08-31 20:36:18.390  2509  3717 I libsensor-boledalgo: dbv:1663,lux:24.6,cct:3329.7,hsv:-1.0,CWB R:101.3,G:137.3,B:107.1Event C:1031.6,R:668.1,G:323.7,B:179.7Cali C:0.0,R:0.0,G:0.0,B:0.0 
08-31 20:36:18.441  2509  3717 I libsensor-boledalgo: dbv:1663,lux:25.6,cct:3274.9,hsv:-1.0,CWB R:101.3,G:137.3,B:107.1Event C:1036.2,R:669.2,G:321.2,B:179.2Cali C:0.0,R:0.0,G:0.0,B:0.0 
08-31 20:36:18.557 19727 19727 E [18:36:18:556-E][19727][mca_smart_charge]smart_charge_handle_bypass_chg: 901 for_bypass [0->0] fcc[0 0]
08-31 20:36:18.766  1725  1851 I CHRE    : @ 2399.11: [AR] ON => IDLE
08-31 20:36:18.766  1725  1851 I CHRE    : @ 2399.12: Successfully unsubscribed from sensor lsm6dsv
08-31 20:36:18.766  1725  1851 I CHRE    : @ 2399.12: [AR] audiofusion:HandleIdleStateChange: state = 1 
08-31 20:36:18.856  3042  3708 D WifiClientModeImpl[11663:wlan0]: updateLinkLayerStatsRssiSpeedFrequencyCapabilities rssi=-66 TxLinkspeed=143 freq=2437 RxLinkSpeed=129
08-31 20:36:18.857  3042  3708 D WifiDataStall: tx tput in kbps: 93396
08-31 20:36:18.857  3042  3708 D WifiDataStall: rx tput in kbps: 94187
08-31 20:36:18.857  3042  3708 V WifiConfigManager: Updating scan detail cache freq=2437 BSSID=8c:9a:8f:a8:b2:54 RSSI=-65 for "Proximus-Home-990073"SAE
08-31 20:36:18.857  3042  3708 D WifiDataStall:  ccaLevel = 80
08-31 20:36:18.857  3042  3708 D WifiDataStall: L2 txTputKbps: 93396, rxTputKbps: 94187, L3 txTputKbps: 0, rxTputKbps: 0, TxTrafficHigh: false, RxTrafficHigh: false, Throughput Sufficient: true
08-31 20:36:18.858  3042  3708 D WifiThroughputPredictor:  utilization (LLS) 80 isBluetoothConnected: false final utilization: 80
08-31 20:36:18.858  3042  3708 D WifiThroughputPredictor:  BW: 0 RSSI: -66 Nss: 2 Mode: 6 symDur: 13600 snrDb 14 bitPerTone: 4662 rate: 160 throughput: 109
08-31 20:36:18.858  3042  3708 D WifiThroughputPredictor:  utilization (LLS) 80 isBluetoothConnected: false final utilization: 80
08-31 20:36:18.858  3042  3708 D WifiThroughputPredictor:  BW: 0 RSSI: -66 Nss: 2 Mode: 6 symDur: 13600 snrDb 14 bitPerTone: 4662 rate: 160 throughput: 109
08-31 20:36:18.863  3042  3708 D WifiScoreCard: BSSID update SIGNAL_POLL ID: 1760920805 SSID: "Proximus-Home-990073", BSSID: 8c:9a:8f:a8:b2:54, MAC: 3c:38:24:7f:7e:4c, IP: /192.168.129.54, Security type: 4, Supplicant state: COMPLETED, Wi-Fi standard: 11ax, RSSI: -66, Link speed: 143Mbps, Tx Link speed: 143Mbps, Max Supported Tx Link speed: 286Mbps, Calculated Tx : 93Mbps, Rx Link speed: 137Mbps, Max Supported Rx Link speed: 286Mbps, Calculated Rx : 94Mbps, Frequency: 2437MHz, Net ID: 1, Metered hint: false, score: 100, isUsable: true, CarrierMerged: false, SubscriptionId: -1, IsPrimary: 1, Trusted: true, Restricted: false, Ephemeral: false, OEM paid: false, OEM private: false, OSU AP: false, FQDN: <none>, Provider friendly name: <none>, Requesting package name: <none>"Proximus-Home-990073"wpa3-saeMLO Information: , Is TID-To-Link negotiation supported by the AP: false, AP MLD Address: <none>, AP MLO Link Id: <none>, AP MLO Affiliated links: <none>, Vendor Data: <none>
08-31 20:36:18.863  3042  3708 D WifiScoreCard: txRate: 1 txSpeed: 143
08-31 20:36:18.863  3042  3708 D WifiScoreCard: network update SIGNAL_POLL "Proximus-Home-990073" ID: 446730065 RSSI -66 txSpeed -1
08-31 20:36:18.863  3042  3708 D WifiClientModeImpl[11663:wlan0]:  ClientModeImpl$L2ConnectedState screen=on 9 0 "Proximus-Home-990073" 8c:9a:8f:a8:b2:54 rssi=-66 f=2437 sc=100 link=143 tx=0.0, 0.0, 0.0 rx=0.0 bcn=21700 [on:0 tx:0 rx:6 period:3038] from screen [on:4296 period:88022] score=100
08-31 20:36:18.890  2509  3717 I libsensor-boledalgo: dbv:1663,lux:24.8,cct:3331.0,hsv:-1.0,CWB R:101.3,G:137.3,B:107.1Event C:1033.6,R:668.7,G:322.9,B:180.5Cali C:0.0,R:0.0,G:0.0,B:0.0 
08-31 20:36:18.941  2509  3717 I libsensor-boledalgo: dbv:1663,lux:25.3,cct:3261.9,hsv:-1.0,CWB R:101.3,G:137.3,B:107.1Event C:1037.2,R:671.8,G:323.2,B:178.4Cali C:0.0,R:0.0,G:0.0,B:0.0 
08-31 20:36:18.941  2509  3717 I libsensor-boledalgo: dbv:1663,lux:26.5,cct:3227.4,hsv:-1.0,CWB R:101.3,G:137.3,B:107.1Event C:1039.0,R:667.9,G:322.6,B:177.4Cali C:0.0,R:0.0,G:0.0,B:0.0 
08-31 20:36:18.994  2509  3717 I libsensor-boledalgo: dbv:1663,lux:25.5,cct:3322.3,hsv:-1.0,CWB R:101.3,G:137.3,B:107.1Event C:1037.7,R:668.9,G:322.3,B:181.3Cali C:0.0,R:0.0,G:0.0,B:0.0 
08-31 20:36:19.041  2509  3717 I libsensor-boledalgo: dbv:1663,lux:26.5,cct:3272.0,hsv:-1.0,CWB R:101.3,G:137.3,B:107.1Event C:1041.0,R:667.6,G:324.0,B:179.4Cali C:0.0,R:0.0,G:0.0,B:0.0 
08-31 20:36:19.055  3042  3773 W libbinder.ServiceManagerCppClient: Waited one second for android.hardware.biometrics.face.virtualhal.IVirtualHal/virtual (is service started? Number of threads started in the threadpool: 32. Are binder threads started and available?)
08-31 20:36:19.058   992 21062 W libc    : Unable to set property "ctl.interface_start" to "aidl/android.hardware.biometrics.face.virtualhal.IVirtualHal/virtual": PROP_ERROR_HANDLE_CONTROL_MESSAGE (0x20)
08-31 20:36:19.058   992   992 I servicemanager: Caller(pid=3042,uid=1000,sid=u:r:system_server:s0) Since 'android.hardware.biometrics.face.virtualhal.IVirtualHal/virtual' could not be found trying to start it as a lazy AIDL service. (if it's not configured to be a lazy service, it may be stuck starting or still starting).
08-31 20:36:19.060 21062 21062 I servicemanager: Caller(pid=3042,uid=1000,sid=u:r:system_server:s0) Tried to start aidl service android.hardware.biometrics.face.virtualhal.IVirtualHal/virtual as a lazy service, but was unable to. Usually this happens when a service is not installed, but if the service is intended to be used as a lazy service, then it may be configured incorrectly.
08-31 20:36:19.141  2509  3717 I libsensor-boledalgo: dbv:1663,lux:25.3,cct:3329.5,hsv:-1.0,CWB R:101.3,G:137.3,B:107.1Event C:1039.5,R:670.8,G:324.3,B:181.5Cali C:0.0,R:0.0,G:0.0,B:0.0 
08-31 20:36:19.240  2509  3717 I libsensor-boledalgo: dbv:1663,lux:27.0,cct:3270.4,hsv:-1.0,CWB R:101.3,G:137.3,B:107.1Event C:1045.0,R:668.4,G:324.5,B:180.2Cali C:0.0,R:0.0,G:0.0,B:0.0 
08-31 20:36:19.278     1     1 I init    : starting service 'vendor.msm_irqbalance'...
08-31 20:36:19.285     1     1 I libprocessgroup: Created cgroup /sys/fs/cgroup/system/uid_0/pid_21063
08-31 20:36:19.292     1     1 I init    : ... started service 'vendor.msm_irqbalance' has pid 21063
08-31 20:36:19.292  2509  3717 I libsensor-boledalgo: dbv:1663,lux:25.1,cct:3320.3,hsv:-1.0,CWB R:101.3,G:137.3,B:107.1Event C:1042.0,R:673.4,G:327.3,B:181.0Cali C:0.0,R:0.0,G:0.0,B:0.0 
08-31 20:36:19.301 21063 21063 E MSM-irqbalance: Unable to open /system/vendor/etc/msm_irqbalance.conf
08-31 20:36:19.301 21063 21063 E MSM-irqbalance: Error parsing configuration file /system/vendor/etc/msm_irqbalance.conf
08-31 20:36:19.303     1     1 I init    : Service 'vendor.msm_irqbalance' (pid 21063) exited with status 2
08-31 20:36:19.303     1     1 I init    : Sending SIGKILL to service 'vendor.msm_irqbalance' (pid 21063) process group...
08-31 20:36:19.303     1     1 I process_monitor-sig_record: signal_record_hook_handle:268 hook cat sig = 9
08-31 20:36:19.303     1     1 I process_monitor-sig_record: signal_record_hook_handle:281 from init 1:1:0 to msm_irqbalance 21063:1:0
08-31 20:36:19.303     1     1 I libprocessgroup: Removed cgroup /sys/fs/cgroup/system/uid_0/pid_21063
08-31 20:36:19.303     1     1 E init    : process with updatable components 'vendor.msm_irqbalance' exited 4 times in 4 minutes
08-31 20:36:19.304     1     1 I init    : processing action (sys.init.updatable_crashing=1) from (/system/etc/init/flags_health_check.rc:10)
08-31 20:36:19.304     1     1 I init    : starting service 'exec 1341 (/system/bin/flags_health_check UPDATABLE_CRASHING)'...
08-31 20:36:19.306     1     1 I libprocessgroup: Created cgroup /sys/fs/cgroup/system/uid_1000/pid_21064
08-31 20:36:19.316 21064 21064 I flags_health_check: ServerConfigurableFlagsReset reset_mode value: 1
08-31 20:36:19.317 21064 21064 I flags_health_check: ServerConfigurableFlagsReset updatable crashing detected, resetting flags.
08-31 20:36:19.312 21064 21064 I flags_health_ch: type=1400 audit(0.0:1040953): avc:  denied  { open } for  path="/dev/__properties__/u:object_r:aac_drc_prop:s0" dev="tmpfs" ino=91 scontext=u:r:flags_health_check:s0 tcontext=u:object_r:aac_drc_prop:s0 tclass=file permissive=1
08-31 20:36:19.312 21064 21064 I flags_health_ch: type=1400 audit(0.0:1040954): avc:  denied  { getattr } for  path="/dev/__properties__/u:object_r:aac_drc_prop:s0" dev="tmpfs" ino=91 scontext=u:r:flags_health_check:s0 tcontext=u:object_r:aac_drc_prop:s0 tclass=file permissive=1
08-31 20:36:19.312 21064 21064 I flags_health_ch: type=1400 audit(0.0:1040955): avc:  denied  { map } for  path="/dev/__properties__/u:object_r:aac_drc_prop:s0" dev="tmpfs" ino=91 scontext=u:r:flags_health_check:s0 tcontext=u:object_r:aac_drc_prop:s0 tclass=file permissive=1
08-31 20:36:19.312 21064 21064 I flags_health_ch: type=1400 audit(0.0:1040956): avc:  denied  { open } for  path="/dev/__properties__/u:object_r:ab_update_gki_prop:s0" dev="tmpfs" ino=93 scontext=u:r:flags_health_check:s0 tcontext=u:object_r:ab_update_gki_prop:s0 tclass=file permissive=1
08-31 20:36:19.312 21064 21064 I flags_health_ch: type=1400 audit(0.0:1040957): avc:  denied  { getattr } for  path="/dev/__properties__/u:object_r:ab_update_gki_prop:s0" dev="tmpfs" ino=93 scontext=u:r:flags_health_check:s0 tcontext=u:object_r:ab_update_gki_prop:s0 tclass=file permissive=1
08-31 20:36:19.318 21064 21064 W audit   : audit_lost=1034683 audit_rate_limit=5 audit_backlog_limit=64
08-31 20:36:19.318 21064 21064 E audit   : rate limit exceeded
08-31 20:36:19.330     1     1 I process_monitor-sig_record: signal_record_hook_handle:268 hook cat sig = 9
08-31 20:36:19.330     1     1 I process_monitor-sig_record: signal_record_hook_handle:281 from init 1:1:0 to flags_health_ch 21064:1:1000
08-31 20:36:19.338  2509  3717 I libsensor-boledalgo: dbv:1663,lux:27.5,cct:3288.0,hsv:-1.0,CWB R:101.3,G:137.3,B:107.1Event C:1049.4,R:668.4,G:326.5,B:181.5Cali C:0.0,R:0.0,G:0.0,B:0.0 
08-31 20:36:19.339  2509  3717 I libsensor-boledalgo: dbv:1663,lux:25.6,cct:3380.2,hsv:-1.0,CWB R:101.3,G:137.3,B:107.1Event C:1047.1,R:672.6,G:328.7,B:184.4Cali C:0.0,R:0.0,G:0.0,B:0.0 
08-31 20:36:19.491  2509  3717 I libsensor-boledalgo: dbv:1663,lux:25.4,cct:3458.7,hsv:-1.0,CWB R:101.3,G:137.3,B:107.1Event C:1050.4,R:674.4,G:328.2,B:188.5Cali C:0.0,R:0.0,G:0.0,B:0.0 
08-31 20:36:19.541  2509  3717 I libsensor-boledalgo: dbv:1663,lux:26.2,cct:3367.8,hsv:-1.0,CWB R:101.3,G:137.3,B:107.1Event C:1053.4,R:675.0,G:330.9,B:184.9Cali C:0.0,R:0.0,G:0.0,B:0.0 
08-31 20:36:19.694  2509  3717 I libsensor-boledalgo: dbv:1663,lux:26.0,cct:3436.3,hsv:-1.0,CWB R:101.3,G:137.3,B:107.1Event C:1047.8,R:668.7,G:330.1,B:186.4Cali C:0.0,R:0.0,G:0.0,B:0.0 
08-31 20:36:19.994  2509  3717 I libsensor-boledalgo: dbv:1663,lux:26.1,cct:3491.4,hsv:-1.0,CWB R:101.3,G:137.3,B:107.1Event C:1073.2,R:686.2,G:338.1,B:193.2Cali C:0.0,R:0.0,G:0.0,B:0.0 
08-31 20:36:19.994  2509  3717 I libsensor-boledalgo: dbv:1663,lux:27.8,cct:3453.9,hsv:-1.0,CWB R:101.3,G:137.3,B:107.1Event C:1080.6,R:684.1,G:338.4,B:193.4Cali C:0.0,R:0.0,G:0.0,B:0.0 
08-31 20:36:20.042  2509  3717 I libsensor-boledalgo: dbv:1663,lux:26.3,cct:3494.5,hsv:-1.0,CWB R:101.3,G:137.3,B:107.1Event C:1079.0,R:688.8,G:342.6,B:193.7Cali C:0.0,R:0.0,G:0.0,B:0.0 
08-31 20:36:20.058  3042  3773 W libbinder.ServiceManagerCppClient: Waited one second for android.hardware.biometrics.face.virtualhal.IVirtualHal/virtual (is service started? Number of threads started in the threadpool: 32. Are binder threads started and available?)
08-31 20:36:20.062   992 21065 W libc    : Unable to set property "ctl.interface_start" to "aidl/android.hardware.biometrics.face.virtualhal.IVirtualHal/virtual": PROP_ERROR_HANDLE_CONTROL_MESSAGE (0x20)
08-31 20:36:20.061   992   992 I servicemanager: Caller(pid=3042,uid=1000,sid=u:r:system_server:s0) Since 'android.hardware.biometrics.face.virtualhal.IVirtualHal/virtual' could not be found trying to start it as a lazy AIDL service. (if it's not configured to be a lazy service, it may be stuck starting or still starting).
08-31 20:36:20.063 21065 21065 I servicemanager: Caller(pid=3042,uid=1000,sid=u:r:system_server:s0) Tried to start aidl service android.hardware.biometrics.face.virtualhal.IVirtualHal/virtual as a lazy service, but was unable to. Usually this happens when a service is not installed, but if the service is intended to be used as a lazy service, then it may be configured incorrectly.
08-31 20:36:20.093  2509  3717 I libsensor-boledalgo: dbv:1663,lux:28.2,cct:3494.4,hsv:-1.0,CWB R:101.3,G:137.3,B:107.1Event C:1087.4,R:684.9,G:344.8,B:195.3Cali C:0.0,R:0.0,G:0.0,B:0.0 
08-31 20:36:20.289  2509  3717 I libsensor-boledalgo: dbv:1663,lux:27.0,cct:3563.3,hsv:-1.0,CWB R:101.3,G:137.3,B:107.1Event C:1088.4,R:689.9,G:345.6,B:198.1Cali C:0.0,R:0.0,G:0.0,B:0.0 
08-31 20:36:20.390  2509  3717 I libsensor-boledalgo: dbv:1663,lux:27.5,cct:3493.0,hsv:-1.0,CWB R:101.3,G:137.3,B:107.1Event C:1087.7,R:689.4,G:342.9,B:195.8Cali C:0.0,R:0.0,G:0.0,B:0.0 
08-31 20:36:20.541  2509  3717 I libsensor-boledalgo: dbv:1663,lux:26.1,cct:3511.7,hsv:-1.0,CWB R:101.3,G:137.3,B:107.1Event C:1073.7,R:685.4,G:339.8,B:193.7Cali C:0.0,R:0.0,G:0.0,B:0.0 
08-31 20:36:20.594  2509  3717 I libsensor-boledalgo: dbv:1663,lux:27.8,cct:3404.4,hsv:-1.0,CWB R:101.3,G:137.3,B:107.1Event C:1078.5,R:684.9,G:336.5,B:191.4Cali C:0.0,R:0.0,G:0.0,B:0.0 
08-31 20:36:20.643  2509  3717 I libsensor-boledalgo: dbv:1663,lux:26.0,cct:3579.8,hsv:-1.0,CWB R:101.3,G:137.3,B:107.1Event C:1075.0,R:684.9,G:339.3,B:196.8Cali C:0.0,R:0.0,G:0.0,B:0.0 
08-31 20:36:20.644  2509  3717 I libsensor-boledalgo: dbv:1663,lux:27.7,cct:3469.3,hsv:-1.0,CWB R:101.3,G:137.3,B:107.1Event C:1078.3,R:681.8,G:340.6,B:192.9Cali C:0.0,R:0.0,G:0.0,B:0.0 
08-31 20:36:20.740  2509  3717 I libsensor-boledalgo: dbv:1663,lux:26.9,cct:3561.0,hsv:-1.0,CWB R:101.3,G:137.3,B:107.1Event C:1077.5,R:683.1,G:339.0,B:196.8Cali C:0.0,R:0.0,G:0.0,B:0.0 
08-31 20:36:20.741  2509  3717 I libsensor-boledalgo: dbv:1663,lux:27.4,cct:3449.6,hsv:-1.0,CWB R:101.3,G:137.3,B:107.1Event C:1082.3,R:687.5,G:340.6,B:193.2Cali C:0.0,R:0.0,G:0.0,B:0.0 
08-31 20:36:20.790  2509  3717 I libsensor-boledalgo: dbv:1663,lux:27.2,cct:3544.9,hsv:-1.0,CWB R:101.3,G:137.3,B:107.1Event C:1083.3,R:686.0,G:342.6,B:196.8Cali C:0.0,R:0.0,G:0.0,B:0.0 
08-31 20:36:20.854  2216  2216 I         : receive blocking event type=6 event=62
08-31 20:36:20.889  2509  3717 I libsensor-boledalgo: dbv:1663,lux:27.4,cct:3459.5,hsv:-1.0,CWB R:101.3,G:137.3,B:107.1Event C:1080.3,R:685.4,G:341.2,B:192.9Cali C:0.0,R:0.0,G:0.0,B:0.0 
08-31 20:36:20.902     1     1 I process_monitor-sig_record: signal_record_hook_handle:268 hook cat sig = 9
08-31 20:36:20.902     1     1 I process_monitor-sig_record: signal_record_hook_handle:281 from init 1:1:0 to cnss-daemon 21067:1:1000
08-31 20:36:20.906 21068 21068 D tcmd    : tcmd starting up
08-31 20:36:20.906 21068 21068 W tcmd    : libminijail[21068]: failed to get path of fd 4: No such file or directory
08-31 20:36:20.906 21068 21068 W tcmd    : libminijail[21068]: allowing syscall: connect
08-31 20:36:20.906 21068 21068 W tcmd    : libminijail[21068]: allowing syscall: fcntl
08-31 20:36:20.906 21068 21068 W tcmd    : libminijail[21068]: allowing syscall: sendto
08-31 20:36:20.906 21068 21068 W tcmd    : libminijail[21068]: allowing syscall: socket
08-31 20:36:20.906 21068 21068 W tcmd    : libminijail[21068]: allowing syscall: writev
08-31 20:36:20.906 21068 21068 W tcmd    : libminijail[21068]: logging seccomp filter failures
08-31 20:36:20.909 21068 21068 D tcmd    : DpmCom::addComEventHandler fd 5, ComEventCallback 0x559d1f8b50, void* 0x0, ComCloseCallback 0x0, events 17
08-31 20:36:20.909 21068 21068 D tcmd    : DpmCom is ready. epollFd:4
08-31 20:36:20.909 21068 21068 D tcmd    : address of comEvent 0x7fd9f636b0
08-31 20:36:20.909 21068 21068 E tcmd    : libminijail[21068]: blocked syscall: lseek
08-31 20:36:20.904 21068 21068 I tcmd    : type=1400 audit(0.0:1041757): avc:  denied  { write } for  name="tombstoned_crash" dev="tmpfs" ino=2268 scontext=u:r:vendor_tcmd:s0 tcontext=u:object_r:tombstoned_crash_socket:s0 tclass=sock_file permissive=1
08-31 20:36:20.904 21068 21068 I tcmd    : type=1400 audit(0.0:1041758): avc:  denied  { connectto } for  path="/dev/socket/tombstoned_crash" scontext=u:r:vendor_tcmd:s0 tcontext=u:r:tombstoned:s0 tclass=unix_stream_socket permissive=1
08-31 20:36:20.909  1345  1345 I tombstoned: received crash request for pid 21068
08-31 20:36:20.910  1345  1345 W tombstoned: failed to read from crash socket: Connection reset by peer
08-31 20:36:20.911     1     1 I process_monitor-sig_record: signal_record_hook_handle:268 hook cat sig = 9
08-31 20:36:20.911     1     1 I process_monitor-sig_record: signal_record_hook_handle:281 from init 1:1:0 to tcmd 21068:1:1000
08-31 20:36:20.912 21069 21069 I flags_health_check: ServerConfigurableFlagsReset reset_mode value: 1
08-31 20:36:20.912 21069 21069 I flags_health_check: ServerConfigurableFlagsReset updatable crashing detected, resetting flags.
08-31 20:36:20.908 21069 21069 I flags_health_ch: type=1400 audit(0.0:1041759): avc:  denied  { open } for  path="/dev/__properties__/u:object_r:aac_drc_prop:s0" dev="tmpfs" ino=91 scontext=u:r:flags_health_check:s0 tcontext=u:object_r:aac_drc_prop:s0 tclass=file permissive=1
08-31 20:36:20.908 21069 21069 I flags_health_ch: type=1400 audit(0.0:1041760): avc:  denied  { getattr } for  path="/dev/__properties__/u:object_r:aac_drc_prop:s0" dev="tmpfs" ino=91 scontext=u:r:flags_health_check:s0 tcontext=u:object_r:aac_drc_prop:s0 tclass=file permissive=1
08-31 20:36:20.908 21069 21069 I flags_health_ch: type=1400 audit(0.0:1041761): avc:  denied  { map } for  path="/dev/__properties__/u:object_r:aac_drc_prop:s0" dev="tmpfs" ino=91 scontext=u:r:flags_health_check:s0 tcontext=u:object_r:aac_drc_prop:s0 tclass=file permissive=1
08-31 20:36:20.913 21069 21069 W audit   : audit_lost=1035482 audit_rate_limit=5 audit_backlog_limit=64
08-31 20:36:20.913 21069 21069 E audit   : rate limit exceeded
08-31 20:36:20.923     1     1 I process_monitor-sig_record: signal_record_hook_handle:268 hook cat sig = 9
08-31 20:36:20.923     1     1 I process_monitor-sig_record: signal_record_hook_handle:281 from init 1:1:0 to flags_health_ch 21069:1:1000
08-31 20:36:20.929 21070 21070 I flags_health_check: ServerConfigurableFlagsReset reset_mode value: 1
08-31 20:36:20.929 21070 21070 I flags_health_check: ServerConfigurableFlagsReset updatable crashing detected, resetting flags.
08-31 20:36:20.939  2509  3717 I libsensor-boledalgo: dbv:1663,lux:25.4,cct:3501.0,hsv:-1.0,CWB R:101.3,G:137.3,B:107.1Event C:1070.2,R:685.7,G:341.8,B:191.9Cali C:0.0,R:0.0,G:0.0,B:0.0 
08-31 20:36:20.939  2509  3717 I libsensor-boledalgo: dbv:1663,lux:27.7,cct:3463.5,hsv:-1.0,CWB R:101.3,G:137.3,B:107.1Event C:1079.5,R:682.5,G:342.0,B:192.7Cali C:0.0,R:0.0,G:0.0,B:0.0 
08-31 20:36:20.938     1     1 I process_monitor-sig_record: signal_record_hook_handle:268 hook cat sig = 9
08-31 20:36:20.938     1     1 I process_monitor-sig_record: signal_record_hook_handle:281 from init 1:1:0 to flags_health_ch 21070:1:1000
08-31 20:36:21.062  3042  3773 W libbinder.ServiceManagerCppClient: Waited one second for android.hardware.biometrics.face.virtualhal.IVirtualHal/virtual (is service started? Number of threads started in the threadpool: 32. Are binder threads started and available?)
08-31 20:36:21.067   992 21071 W libc    : Unable to set property "ctl.interface_start" to "aidl/android.hardware.biometrics.face.virtualhal.IVirtualHal/virtual": PROP_ERROR_HANDLE_CONTROL_MESSAGE (0x20)
08-31 20:36:21.066   992   992 I servicemanager: Caller(pid=3042,uid=1000,sid=u:r:system_server:s0) Since 'android.hardware.biometrics.face.virtualhal.IVirtualHal/virtual' could not be found trying to start it as a lazy AIDL service. (if it's not configured to be a lazy service, it may be stuck starting or still starting).
08-31 20:36:21.068 21071 21071 I servicemanager: Caller(pid=3042,uid=1000,sid=u:r:system_server:s0) Tried to start aidl service android.hardware.biometrics.face.virtualhal.IVirtualHal/virtual as a lazy service, but was unable to. Usually this happens when a service is not installed, but if the service is intended to be used as a lazy service, then it may be configured incorrectly.
08-31 20:36:21.098 20949 20949 I adbd    : adbd service requested 'shell,v2,TERM=xterm-256color,raw:monkey -p com.android.camera -c android.intent.category.LAUNCHER 1'
08-31 20:36:21.117   936   936 E hang_detect: hang_detect thread counts down 2147483647:2147483647, status 0.[2026-08-31 18:36:21]
08-31 20:36:21.139  2509  3717 I libsensor-boledalgo: dbv:1663,lux:26.6,cct:3562.9,hsv:-1.0,CWB R:101.3,G:137.3,B:107.1Event C:1078.8,R:684.9,G:340.6,B:196.8Cali C:0.0,R:0.0,G:0.0,B:0.0 
08-31 20:36:21.190  2509  3717 I libsensor-boledalgo: dbv:1663,lux:27.4,cct:3443.7,hsv:-1.0,CWB R:101.3,G:137.3,B:107.1Event C:1076.7,R:682.8,G:340.1,B:191.6Cali C:0.0,R:0.0,G:0.0,B:0.0 
08-31 20:36:21.217 21072 21072 D AndroidRuntime: >>>>>> START com.android.internal.os.RuntimeInit uid 0 <<<<<<
08-31 20:36:21.228 21072 21072 I AndroidRuntime: Using default boot image
08-31 20:36:21.228 21072 21072 I AndroidRuntime: Leaving lock profiling enabled
08-31 20:36:21.230 21072 21072 I app_process: Core platform API reporting enabled by runtime option
08-31 20:36:21.230 21072 21072 I app_process: Using generational CollectorTypeCMC GC.
08-31 20:36:21.230 21072 21072 E app_process: Error reading named image component header for /system/framework/boot.art, error: Failed to open oat file '/system/framework/arm64/boot.oat' when validating it for image '/system/framework/boot.art': In oat file '/system/framework/boot.oat': dex file checksum 0x4ef94313 does not match checksum 0x25bcfad4 of external dex file '/system/framework/qcom.fmradio.jar'
08-31 20:36:21.230 21072 21072 E app_process: Could not create image space with image file '/system/framework/boot.art!/apex/com.android.art/etc/boot-image.prof!/system/etc/boot-image.prof:/system/framework/boot-framework-adservices.art'. Attempting to fall back to imageless running. Error was: Failed to open oat file '/system/framework/arm64/boot.oat' when validating it for image '/system/framework/boot.art': In oat file '/system/framework/boot.oat': dex file checksum 0x4ef94313 does not match checksum 0x25bcfad4 of external dex file '/system/framework/qcom.fmradio.jar'
08-31 20:36:21.389  2509  3717 I libsensor-boledalgo: dbv:1663,lux:28.0,cct:3510.6,hsv:-1.0,CWB R:101.3,G:137.3,B:107.1Event C:1080.0,R:680.2,G:339.8,B:195.3Cali C:0.0,R:0.0,G:0.0,B:0.0 
08-31 20:36:21.390  2509  3717 I libsensor-boledalgo: dbv:1663,lux:26.5,cct:3532.0,hsv:-1.0,CWB R:101.3,G:137.3,B:107.1Event C:1077.8,R:685.2,G:342.0,B:195.0Cali C:0.0,R:0.0,G:0.0,B:0.0 
08-31 20:36:21.419 21072 21072 D nativeloader: InitDefaultPublicLibraries for_preload=1: libandroid.so:libaaudio.so:libamidi.so:libbinder_ndk.so:libc.so:libcamera2ndk.so:libdl.so:libEGL.so:libGLESv1_CM.so:libGLESv2.so:libGLESv3.so:libicu.so:libicui18n.so:libicuuc.so:libjnigraphics.so:liblog.so:libmediandk.so:libm.so:libnativehelper.so:libnativewindow.so:libOpenMAXAL.so:libOpenSLES.so:libRS.so:libstdc++.so:libsync.so:libvulkan.so:libwebviewchromium_plat_support.so:libz.so
08-31 20:36:21.428 21072 21072 D nativeloader: Load libicu_jni.so using APEX ns com_android_art for caller /apex/com.android.art/javalib/core-oj.jar: ok
08-31 20:36:21.429 21072 21072 D app_process: u_setTimeZoneFilesDirectory("/apex/com.android.tzdata/etc/tz/versioned/10/icu") succeeded. 
08-31 20:36:21.429 21072 21072 D app_process: I18n APEX ICU file found: /apex/com.android.i18n/etc/icu/icudt78l.dat
08-31 20:36:21.429 21072 21072 D nativeloader: Load libjavacore.so using APEX ns com_android_art for caller /apex/com.android.art/javalib/core-oj.jar: ok
08-31 20:36:21.430 21072 21072 D nativeloader: Load libopenjdk.so using APEX ns com_android_art for caller /apex/com.android.art/javalib/core-oj.jar: ok
08-31 20:36:21.440  2509  3717 I libsensor-boledalgo: dbv:1663,lux:27.1,cct:3474.9,hsv:-1.0,CWB R:101.3,G:137.3,B:107.1Event C:1078.0,R:684.9,G:340.4,B:193.2Cali C:0.0,R:0.0,G:0.0,B:0.0 
08-31 20:36:21.440 21072 21072 I app_process: Priority-to-niceness mapping: 19, 16, 13, 10, 0, -2, -4, -5, -6, -8
08-31 20:36:21.485 21072 21072 W app_process: hiddenapi: Core platform API violation: Ldalvik/system/VMDebug;->startLowOverheadTraceForLongRunningMethods(J)V (runtime_flags=0, domain=core-platform, api=blocked) from /system/framework/framework.jar (domain=platform) using linking
08-31 20:36:21.485 21072 21072 W app_process: hiddenapi: Core platform API violation: Ldalvik/system/VMDebug;->startLowOverheadTraceForAllMethods()V (runtime_flags=0, domain=core-platform, api=blocked) from /system/framework/framework.jar (domain=platform) using linking
08-31 20:36:21.485 21072 21072 W app_process: hiddenapi: Core platform API violation: Ldalvik/system/VMDebug$TraceDestination;->fromFileDescriptor(Ljava/io/FileDescriptor;)Ldalvik/system/VMDebug$TraceDestination; (runtime_flags=0, domain=core-platform, api=blocked) from /system/framework/framework.jar (domain=platform) using linking
08-31 20:36:21.485 21072 21072 W app_process: hiddenapi: Core platform API violation: Ldalvik/system/VMDebug;->dumpLowOverheadTrace(Ldalvik/system/VMDebug$TraceDestination;)V (runtime_flags=0, domain=core-platform, api=blocked) from /system/framework/framework.jar (domain=platform) using linking
08-31 20:36:21.485 21072 21072 W app_process: hiddenapi: Core platform API violation: Ldalvik/system/VMDebug;->stopLowOverheadTrace()V (runtime_flags=0, domain=core-platform, api=blocked) from /system/framework/framework.jar (domain=platform) using linking
08-31 20:36:21.521 21072 21072 D nativeloader: Load libframework-connectivity-tiramisu-jni.so using APEX ns com_android_tethering for caller /apex/com.android.tethering/javalib/framework-connectivity-t.jar: ok
08-31 20:36:21.521 21072 21072 D AndroidRuntime: Calling main entry com.android.commands.monkey.Monkey
08-31 20:36:21.524 21072 21072 D nativeloader: Load /system/lib64/libmonkey_jni.so using ns default for caller /system/framework/monkey.jar in same partition (is_bridged=0): ok
08-31 20:36:21.525 21072 21072 W Monkey  : args: [-p, com.android.camera, -c, android.intent.category.LAUNCHER, 1]
08-31 20:36:21.532 21072 21072 I AconfigPackage: com.android.crashrecovery.flags is mapped to com.android.crashrecovery
08-31 20:36:21.532 21072 21072 I AconfigPackage: android.telecom.flags is mapped to com.android.telephonycore
08-31 20:36:21.532 21072 21072 I AconfigPackage: com.android.internal.telecom.flags is mapped to com.android.telephonycore
08-31 20:36:21.532 21072 21072 I AconfigPackage: com.android.telephony.flags is mapped to com.android.telephonycore
08-31 20:36:21.532 21072 21072 I AconfigPackage: com.android.cellbroadcastreceiver.flags is mapped to com.android.cellbroadcast
08-31 20:36:21.533 21072 21072 I AconfigPackage: com.android.tethering.mainline.beta is mapped to com.android.tethering
08-31 20:36:21.533 21072 21072 I AconfigPackage: android.net.http is mapped to com.android.tethering
08-31 20:36:21.533 21072 21072 I AconfigPackage: com.android.tethering.readonly.flags is mapped to com.android.tethering
08-31 20:36:21.533 21072 21072 I AconfigPackage: android.net.vcn is mapped to com.android.tethering
08-31 20:36:21.533 21072 21072 I AconfigPackage: com.android.net.flags is mapped to com.android.tethering
08-31 20:36:21.533 21072 21072 I AconfigPackage: com.android.tethering.flags is mapped to com.android.tethering
08-31 20:36:21.533 21072 21072 I AconfigPackage: com.android.tethering.beta.test is mapped to com.android.tethering
08-31 20:36:21.533 21072 21072 I AconfigPackage: com.android.nearby.flags is mapped to com.android.tethering
08-31 20:36:21.533 21072 21072 I AconfigPackage: com.android.net.thread.flags is mapped to com.android.tethering
08-31 20:36:21.533 21072 21072 I AconfigPackage: com.android.net.ct.flags is mapped to com.android.tethering
08-31 20:36:21.533 21072 21072 I AconfigPackage: com.android.adservices.flags is mapped to com.android.adservices
08-31 20:36:21.533 21072 21072 I AconfigPackage: com.android.sdksandbox.flags is mapped to com.android.adservices
08-31 20:36:21.533 21072 21072 I AconfigPackage: android.app.sdksandbox.flags is mapped to com.android.adservices
08-31 20:36:21.533 21072 21072 I AconfigPackage: android.media.swcodec.flags is mapped to com.android.media.swcodec
08-31 20:36:21.533 21072 21072 I AconfigPackage: com.android.uwb.flags is mapped to com.android.uwb
08-31 20:36:21.533 21072 21072 I AconfigPackage: com.android.ranging.flags is mapped to com.android.uwb
08-31 20:36:21.533 21072 21072 I AconfigPackage: android.provider.flags is mapped to com.android.configinfrastructure
08-31 20:36:21.533 21072 21072 I AconfigPackage: com.android.server.deviceconfig is mapped to com.android.configinfrastructure
08-31 20:36:21.534 21072 21072 I AconfigPackage: com.android.rkpd.flags is mapped to com.android.rkpd
08-31 20:36:21.534 21072 21072 I AconfigPackage: com.android.uprobestats.flags is mapped to com.android.uprobestats
08-31 20:36:21.534 21072 21072 I AconfigPackage: android.uprobestats.mainline.flags is mapped to com.android.uprobestats
08-31 20:36:21.534 21072 21072 I AconfigPackage: android.os.profiling is mapped to com.android.profiling
08-31 20:36:21.534 21072 21072 I AconfigPackage: android.os.profiling.anomaly.flags is mapped to com.android.profiling
08-31 20:36:21.534 21072 21072 I AconfigPackage: com.android.appsearch.flags is mapped to com.android.appsearch
08-31 20:36:21.535 21072 21072 I AconfigPackage: com.android.ipsec.flags is mapped to com.android.ipsec
08-31 20:36:21.535 21072 21072 I AconfigPackage: com.android.adbd.flags is mapped to com.android.adbd
08-31 20:36:21.535 21072 21072 I AconfigPackage: com.android.devicelock.flags is mapped to com.android.devicelock
08-31 20:36:21.535 21072 21072 I AconfigPackage: com.android.npumanager is mapped to com.android.npumanager
08-31 20:36:21.535 21072 21072 I AconfigPackage: com.android.bluetooth.beta.flags is mapped to com.android.bt
08-31 20:36:21.535 21072 21072 I AconfigPackage: com.android.bluetooth.flags is mapped to com.android.bt
08-31 20:36:21.536 21072 21072 I AconfigPackage: com.android.wifi.flags is mapped to com.android.wifi
08-31 20:36:21.536 21072 21072 I AconfigPackage: com.android.media.extractor.flags is mapped to com.android.media
08-31 20:36:21.536 21072 21072 I AconfigPackage: com.android.media.metrics.flags is mapped to com.android.media
08-31 20:36:21.536 21072 21072 I AconfigPackage: com.android.media.mainline.flags is mapped to com.android.media
08-31 20:36:21.536 21072 21072 I AconfigPackage: android.graphics.pdf.flags is mapped to com.android.mediaprovider
08-31 20:36:21.536 21072 21072 I AconfigPackage: com.android.providers.media.flags is mapped to com.android.mediaprovider
08-31 20:36:21.536 21072 21072 I AconfigPackage: android.graphics.pdf.flags.readonly is mapped to com.android.mediaprovider
08-31 20:36:21.536 21072 21072 I AconfigPackage: com.android.nfc.module.flags is mapped to com.android.nfcservices
08-31 20:36:21.536 21072 21072 I AconfigPackage: com.android.nfc.module.nonexported.flags is mapped to com.android.nfcservices
08-31 20:36:21.537 21072 21072 I AconfigPackage: com.android.webapp.flags is mapped to com.android.webapp
08-31 20:36:21.537 21072 21072 I AconfigPackage: com.android.adservices.ondevicepersonalization.flags is mapped to com.android.ondevicepersonalization
08-31 20:36:21.537 21072 21072 I AconfigPackage: com.android.os.statsd.flags is mapped to com.android.os.statsd
08-31 20:36:21.537 21072 21072 I AconfigPackage: com.android.org.conscrypt.flags is mapped to com.android.conscrypt
08-31 20:36:21.537 21072 21072 I AconfigPackage: com.android.org.conscrypt.net.flags is mapped to com.android.conscrypt
08-31 20:36:21.537 21072 21072 I AconfigPackage: com.android.icu is mapped to com.android.i18n
08-31 20:36:21.538 21072 21072 I AconfigPackage: com.android.art.flags is mapped to com.android.art
08-31 20:36:21.538 21072 21072 I AconfigPackage: com.android.art.rw.flags is mapped to com.android.art
08-31 20:36:21.538 21072 21072 I AconfigPackage: com.android.libcore is mapped to com.android.art
08-31 20:36:21.538 21072 21072 I AconfigPackage: com.android.healthfitness.flags is mapped to com.android.healthfitness
08-31 20:36:21.538 21072 21072 I AconfigPackage: com.android.permission.flags is mapped to com.android.permission
08-31 20:36:21.538 21072 21072 I AconfigPackage: com.android.permissioncontroller.flags is mapped to com.android.permission
08-31 20:36:21.538 21072 21072 I AconfigPackage: com.android.system.virtualmachine.flags is mapped to com.android.virt
08-31 20:36:21.538 21072 21072 E FeatureFlagsImplExport: android.os.flagging.AconfigStorageReadException: ERROR_PACKAGE_NOT_FOUND: package android.xr cannot be found on the device
08-31 20:36:21.545 21072 21072 W Monkey  :  arg: "-p"
08-31 20:36:21.545 21072 21072 W Monkey  :  arg: "com.android.camera"
08-31 20:36:21.545 21072 21072 W Monkey  :  arg: "-c"
08-31 20:36:21.545 21072 21072 W Monkey  :  arg: "android.intent.category.LAUNCHER"
08-31 20:36:21.545 21072 21072 W Monkey  :  arg: "1"
08-31 20:36:21.545 21072 21072 W Monkey  : data="com.android.camera"
08-31 20:36:21.545 21072 21072 W Monkey  : data="android.intent.category.LAUNCHER"
08-31 20:36:21.545 21072 21072 I input   : Monkey touch as /devices/virtual/input/input10
08-31 20:36:21.549  3042  3559 D EventHub: No input device configuration file found for device 'Monkey touch'.
08-31 20:36:21.551  3042  3559 I EventHub: usingClockIoctl=true
08-31 20:36:21.551  3042  3559 I EventHub: New device: id=11, fd=352, path='/dev/input/event10', name='Monkey touch', classes=TOUCH | TOUCH_MT, configuration='', keyLayout='', keyCharacterMap='', builtinKeyboard=false, 
08-31 20:36:21.552  3042  3559 I InputReader: Device reconfigured: id=11, name='Monkey touch', size 1440x3200, orientation Rotation0, mode DIRECT, display id 0
08-31 20:36:21.552  3042  3559 I InputReader: Device added: id=11, eventHubId=11, name='Monkey touch', descriptor='e1fe28b90f915c7d1febbd52c1ef84b3c4cbed9f',sources=TOUCHSCREEN
08-31 20:36:21.560  3042  3108 D WindowManager: Direct invocation of sendNewConfiguration: Display{#0 state=ON size=1440x3200 ROTATION_0}
08-31 20:36:21.562  3042  3108 W libbinder.IPCThreadState: Sending oneway calls to frozen process.
08-31 20:36:21.562  3042  3108 W libbinder.IPCThreadState: Sending oneway calls to frozen process.
08-31 20:36:21.562  3042  3108 W libbinder.IPCThreadState: Sending oneway calls to frozen process.
08-31 20:36:21.564  6928  6928 I PkModeUpdater: PkModeUpdater.refreshDevices():206 refreshing devices
08-31 20:36:21.589  2509  3717 I libsensor-boledalgo: dbv:1663,lux:26.7,cct:3554.0,hsv:-1.0,CWB R:101.3,G:137.3,B:107.1Event C:1078.0,R:684.9,G:338.4,B:196.8Cali C:0.0,R:0.0,G:0.0,B:0.0 
08-31 20:36:21.608  3042  3080 W ActivityManager: registerReceiverWithFeature: no app for null
08-31 20:36:21.622  3042  3080 W ActivityTaskManager: callingPackage for (uid=0, pid=21072) has no WPC
08-31 20:36:21.624  3042  3080 I HidlServiceManagement: Trying to get transport of vendor.qti.hardware.servicetracker@1.2::IServicetracker/default without hwservicemanager
08-31 20:36:21.625  3042  3080 W ActivityTaskManager: servicetracker HIDL not available
08-31 20:36:21.625  3042  3080 E ActivityTaskManager: Unable to get servicetracker HAL instance
08-31 20:36:21.625  3042  3080 I HidlServiceManagement: Trying to get transport of vendor.qti.hardware.servicetracker@1.2::IServicetracker/default without hwservicemanager
08-31 20:36:21.625  3042  3080 W ActivityTaskManager: servicetracker HIDL not available
08-31 20:36:21.625  3042  3080 E ActivityTaskManager: Unable to get servicetracker HAL instance
08-31 20:36:21.625  3042  3080 V GrammaticalInflectionUtils: AttributionSource: AttributionSource { uid = 10240, packageName = null, attributionTag = null, token = android.os.Binder@bfe742e, deviceId = 0, next = null } does not have READ_SYSTEM_GRAMMATICAL_GENDER permission.
08-31 20:36:21.628  1711  2087 E PERFHAL-WLC-SCENARIO: PERFHAL-WLC-SCENARIO: GetType() 104: empty appName  or WLC is not initialized
08-31 20:36:21.628  1711  2087 E PERFHAL-WLC-SCENARIO: PERFHAL-WLC-SCENARIO: GetWeight() 127: empty appName or WLC is not initialized
08-31 20:36:21.628  1711  2087 E PERFHAL-WLC-SCENARIO: PERFHAL-WLC-SCENARIO: GetType() 104: empty appName  or WLC is not initialized
08-31 20:36:21.628  1711  2087 E PERFHAL-SCENARIOD: PERFHAL-SCENARIOD: applyLLBaseBoost() 481: MPCTL-NOW hint:0x1081,2, size:1
08-31 20:36:21.628  1711  2087 E PERFHAL-WLC-SCENARIO: PERFHAL-WLC-SCENARIO: GetType() 104: empty appName  or WLC is not initialized
08-31 20:36:21.628  1711  2087 E PERFHAL-WLC-SCENARIO: PERFHAL-WLC-SCENARIO: GetWeight() 127: empty appName or WLC is not initialized
08-31 20:36:21.630  1711  2074 E PERFHAL-UTIL: PERFHAL-UTIL: save_node_val() 266: Failed to read /sys/class/mmc_host/mmc0/clk_scaling/enable
08-31 20:36:21.630  1711  2074 E PERFHAL-OPTSHANDLER: PERFHAL-OPTSHANDLER: modify_sysfsnode() 1409: Failed to read /sys/class/mmc_host/mmc0/clk_scaling/enable
08-31 20:36:21.630  1711  2074 E PERFHAL-RESOURCEQS: PERFHAL-RESOURCEQS: AddAndApply() 159: Failed to apply optimization [11, 4]
08-31 20:36:21.630  1711  2074 E PERFHAL-UTIL: PERFHAL-UTIL: change_node_val() 204: Failed to update node /sys/devices/platform/soc/1d84000.ufshc/qcom/boost_min_threshold with value 1023
08-31 20:36:21.630  1711  2074 E PERFHAL-RESOURCEQS: PERFHAL-RESOURCEQS: AddAndApply() 159: Failed to apply optimization [11, 20]
08-31 20:36:21.630  4451  4451 D RecentsView: onTaskDisplayChanged: 47, new displayId = 0
08-31 20:36:21.631  1806  2321 D SurfaceFlinger: setDesiredMode 4630946995310957971 {mode={fps=120.00 Hz, modePtr={id=0, vsyncRate=120.00 Hz, peakRefreshRate=120.00 Hz}}, emitEvent=false, force=false}
08-31 20:36:21.632  1806  1918 I libbinder.BpBinder: onLastStrongRef automatically unlinking death recipients for binder (0xb400007119d03dd0) with descriptor: '(not cached)'
08-31 20:36:21.632  1711  2074 E PERFHAL-UTIL: PERFHAL-UTIL: save_node_val() 266: Failed to read /sys/class/mmc_host/mmc0/clk_scaling/enable
08-31 20:36:21.632  1711  2074 E PERFHAL-OPTSHANDLER: PERFHAL-OPTSHANDLER: modify_sysfsnode() 1409: Failed to read /sys/class/mmc_host/mmc0/clk_scaling/enable
08-31 20:36:21.632  1711  2074 E PERFHAL-RESOURCEQS: PERFHAL-RESOURCEQS: AddAndApply() 159: Failed to apply optimization [11, 4]
08-31 20:36:21.633  3042  3080 V SplashScreenExceptionList: SplashScreen checking exception for package com.android.camera (target sdk:35) -> false
08-31 20:36:21.634  3042  3080 D ActivityTrigger: ActivityTrigger activityPauseTrigger 
08-31 20:36:21.634  3042  3080 I HidlServiceManagement: Trying to get transport of vendor.qti.hardware.servicetracker@1.2::IServicetracker/default without hwservicemanager
08-31 20:36:21.634  3042  3080 W ActivityTaskManager: servicetracker HIDL not available
08-31 20:36:21.634  3042  3080 E ActivityTaskManager: Unable to get servicetracker HAL instance
08-31 20:36:21.634  4153  4306 I DynamicDDSService: handleMessage(ACTIVITY_INVOKE{appInfo=com.android.camera isFullScreen=}true)
08-31 20:36:21.635  4153  4204 W DynamicDDSService: appName is running in background.com.android.launcher3
08-31 20:36:21.635  1698  1807 I ANDR-PWR-OPT: GAMEPOWEROPT: sendEvents() 231: Start hint for app com.android.camera/com.android.camera.Camera/640004300, hintID : 4099, hintID hex : 1003 value: -1
08-31 20:36:21.635  3042  3080 D CorePackageUpdate: onRecentTaskRemoved Removing task: 46
08-31 20:36:21.635  3042  3080 D CorePackageUpdate: Couldn't find a persistent state for task= 46
08-31 20:36:21.635  1698  1807 I ANDR-PWR-OPT: PowerAppClassifier: getAppType() 59: checking app [com.android.camera] is type 1
08-31 20:36:21.635  1698  1807 I ANDR-PWR-OPT: GAMEPOWEROPT: isGame() 348: com.android.camera is Game = 1
08-31 20:36:21.635  3042  3080 V ActivityTaskManager: TaskLaunchParamsModifier: phase=3 task=Task{3aa4e39 #47 type=standard A=10240:com.android.camera nonResizable} activity=ActivityRecord{161994240 u0 com.android.camera/.Camera t-1} display-from-task=0 display-id=0 task-display-area-windowing-mode=1 suggested-display-area=DefaultTaskDisplayArea@228485887 inherit-from-task=fullscreen non-freeform-task-display-area display-area=DefaultTaskDisplayArea@228485887 activity-requested-portrait freeform-size-mismatch=Rect(369, 922 - 1072, 2362)
08-31 20:36:21.635  3042  3080 I ActivityTaskManager: START u0 {act=android.intent.action.MAIN cat=[android.intent.category.LAUNCHER] flg=0x10200000 cmp=com.android.camera/.Camera} with LAUNCH_SINGLE_TOP from uid 0 (BAL_ALLOW_ALLOWLISTED_UID) result code=0
08-31 20:36:21.636  1698  1807 I ANDR-PWR-OPT: GAMEPOWEROPT: sendEvents() 231: Start hint for app com.android.launcher3/com.android.launcher3.uioverrides.QuickstepLauncher/37, hintID : 4100, hintID hex : 1004 value: -1
08-31 20:36:21.636  4451  4451 D BaseActivity: Launcher flags updated: [state_started|state_resumed|state_deferred_resumed|state_window_focused|state_user_active] -[]
08-31 20:36:21.636  3991  4056 V RecentTasksController: Notify recent tasks changed
08-31 20:36:21.636  4451  4451 D BaseActivity: Launcher flags updated: [state_started|state_resumed|state_deferred_resumed|state_window_focused] -[state_user_active]
08-31 20:36:21.636  1698  1807 I ANDR-PWR-OPT: PowerAppClassifier: getAppType() 59: checking app [com.android.launcher3] is type 0
08-31 20:36:21.636  1698  1807 I ANDR-PWR-OPT: GAMEPOWEROPT: isGame() 348: com.android.launcher3 is Game = 0
08-31 20:36:21.636 21072 21072 I Monkey  : Events injected: 1
08-31 20:36:21.636  4451  4451 D BaseActivity: Launcher flags updated: [state_started|state_window_focused] -[state_resumed|state_deferred_resumed]
08-31 20:36:21.636  4451  4451 W SplitSelectStateCtor: Missing session instanceIds
08-31 20:36:21.636  4451  4451 D StatsLog: LAUNCHER_SPLIT_SELECTION_EXIT_INTERRUPTED
08-31 20:36:21.637  3042  3080 I HidlServiceManagement: Trying to get transport of vendor.qti.hardware.servicetracker@1.2::IServicetracker/default without hwservicemanager
08-31 20:36:21.637  3042  3080 W ActivityTaskManager: servicetracker HIDL not available
08-31 20:36:21.637  3042  3080 E ActivityTaskManager: Unable to get servicetracker HAL instance
08-31 20:36:21.637  3991  4056 V WindowManagerShell: Transition requested (#22): android.os.BinderProxy@d51019b TransitionRequestInfo { type = OPEN, triggerTask = TaskInfo{userId=0 taskId=47 effectiveUid=10240 displayId=0 isRunning=true baseIntent=Intent { act=android.intent.action.MAIN cat=[android.intent.category.LAUNCHER] flg=0x10200000 cmp=com.android.camera/.Camera } baseActivity=ComponentInfo{com.android.camera/com.android.camera.Camera} topActivity=ComponentInfo{com.android.camera/com.android.camera.Camera} origActivity=null realActivity=ComponentInfo{com.android.camera/com.android.camera.Camera} realActivityIsAppLockEnabled=false numActivities=1 lastActiveTime=2395619 supportsMultiWindow=false supportsMultiWindowWithoutConstraints=false resizeMode=0 isResizeable=false minWidth=-1 minHeight=-1 defaultMinSize=220 token=WCT{android.os.BinderProxy@2dd1938} topActivityType=1 pictureInPictureParams=null shouldDockBigOverlays=false launchIntoPipHostTaskId=-1 lastParentTaskIdBeforePip=-1 displayCutoutSafeInsets=Rect(0, 169 - 0, 0) topActivityInfo=ActivityInfo{f22fd11 com.android.camera.Camera} launchCookies=[] positionInParent=Point(0, 0) parentTaskId=-1 isFocused=false isInteractive=false isVisible=false isVisibleRequested=false isTopActivityNoDisplay=false isSleeping=false locusId=null displayAreaFeatureId=1 isTopActivityTransparent=false isActivityStackTransparent=false lastNonFullscreenBounds=Rect(369, 922 - 1072, 2362) leafTaskBoundsFromOptions= false capturedLink=null capturedLinkTimestamp=0 requestedVisibleTypes=503 topActivityRequestOpenInBrowserEducationTimestamp=0 appCompatTaskInfo=AppCompatTaskInfo { topActivityInSizeCompat=false isLeafTask= true eligibleForLetterboxEducation= false isLetterboxEducationEnabled= false isLetterboxDoubleTapEnabled= false eligibleForUserAspectRatioButton= false topActivityBoundsLetterboxed= false isFromLetterboxDoubleTap= false topActivityLetterboxVerticalPosition= -1 topActivityLetterboxHorizontalPosition= -1 topActivityLetterboxWidth=-1 topActivityLetterboxHeight=-1 topActivityAppBounds=Rect(0, 0 - 1440, 3200) isUserFullscreenOverrideEnabled=false isSystemFullscreenOverrideEnabled=false hasMinAspectRatioOverride=false topActivityLetterboxBounds=null topNonResizableActivityAspectRatio=-1.0} topActivityMainWindowFrame=null isAppBubble=false}, pipChange = null, remoteTransitionInfo = null, displayChanges = null, requestedLocation = null, userChange = null, windowingLayerChange = null, fullscreenRequestChange = null, flags = 0, debugId = 22 }
08-31 20:36:21.637  3991  4056 W DisconnectHandler: No disconnect change found in the transition, not handling request.
08-31 20:36:21.637  3991  4056 D ShellSplitScreen: logExit: no-op, mLoggerSessionId is null
08-31 20:36:21.637  3042  3080 I ActivityTaskManager: The Process com.android.camera Already Exists in BG. So sending its PID: 8274
08-31 20:36:21.638  3042  3080 D CorePackageUpdate: Couldn't find a persistent state for task= 47
08-31 20:36:21.638  3042  3080 W libbinder.IPCThreadState: Sending oneway calls to frozen process.
08-31 20:36:21.638  3042  3080 I HidlServiceManagement: Trying to get transport of vendor.qti.hardware.servicetracker@1.2::IServicetracker/default without hwservicemanager
08-31 20:36:21.638  3042  3080 W ActivityTaskManager: servicetracker HIDL not available
08-31 20:36:21.638  3042  3080 E ActivityTaskManager: Unable to get servicetracker HAL instance
08-31 20:36:21.639  3042  3080 D ActivityManager: quick sync unfreeze 8274 for 1
08-31 20:36:21.639  1798  2780 D AudioFlinger: onStateChanged: pid:8274  uid:10240  state:unfrozen - no freeze activity
08-31 20:36:21.640  1698  1807 I ANDR-PWR-OPT: GAMEPOWEROPT: sendEvents() 231: Start hint for app com.android.camera/com.android.camera.Camera/640004300, hintID : 4099, hintID hex : 1003 value: -1
08-31 20:36:21.640  1698  1807 I ANDR-PWR-OPT: PowerAppClassifier: getAppType() 59: checking app [com.android.camera] is type 1
08-31 20:36:21.640  1698  1807 I ANDR-PWR-OPT: GAMEPOWEROPT: isGame() 348: com.android.camera is Game = 1
08-31 20:36:21.641  3042  3108 D OomAdjuster: App adj change from cached state to fg state : 8274 com.android.camera
08-31 20:36:21.642  1711  2074 E PERFHAL-RESOURCEQS: PERFHAL-RESOURCEQS: AddAndApply() 159: Failed to apply optimization [10, 8]
08-31 20:36:21.642  4451  4451 D RecentTasksList: invalidateLoadedTasks - previous requestLoadId: -1
08-31 20:36:21.643  1806  1806 D SurfaceFlinger: initiateModeChange 4630946995310957971 {mode={fps=120.00 Hz, modePtr={id=0, vsyncRate=120.00 Hz, peakRefreshRate=120.00 Hz}}, emitEvent=false, force=false}
08-31 20:36:21.643  1709  2319 I SDM     : SDMDisplay::SetActiveConfigWithConstraints: display = 0, config: 0, WxH 1440x3200, fps 120@normal@120:120
08-31 20:36:21.643  1709  2319 W SDM     : HWDeviceDRM::GetSupportedBitClkRate: Requested rate not supported: 1360000000
08-31 20:36:21.643  1709  2319 I SDM     : HWDeviceDRM::UpdateMixerAttributes: Mixer WxH 1440x3200-1 for Peripheral
08-31 20:36:21.643  8274  8358 D AidlBufferPool: bufferpool2 0xb400007661554268 : 0(0 size) total buffers - 0(0 size) used buffers - 2/7 (recycle/alloc) - 17/128 (fetch/transfer)
08-31 20:36:21.643  8274  8358 D AidlBufferPool: Destruction - bufferpool2 0xb400007661554268 cached: 0/0M, 0/0% in use; allocs: 7, 29% recycled; transfers: 128, 87% unfetched
08-31 20:36:21.643  3042  3108 D ActivityManager: sync unfroze 8274 com.android.camera for 1
08-31 20:36:21.644  1709  2125 I SDM     : HWDeviceDRM::SetupConcurrentWriteback: Tear down the Concurrent Writeback topology
08-31 20:36:21.644  8274  8358 D AidlBufferPool: bufferpool2 0xb400007661553b78 : 0(0 size) total buffers - 0(0 size) used buffers - 1/8 (recycle/alloc) - 7/208 (fetch/transfer)
08-31 20:36:21.644  8274  8358 D AidlBufferPool: Destruction - bufferpool2 0xb400007661553b78 cached: 0/0M, 0/0% in use; allocs: 8, 13% recycled; transfers: 208, 97% unfetched
08-31 20:36:21.646  1709  2306 I vendor.qti.hardware.display.composer-service: Sensor: notify citsensorservice to trigger cwb, misForced = 0
08-31 20:36:21.646  1709  1709 I SDM     : CWB config passed by cwb_client : tappoint 1  CWB_ROI : (696.000000 106.000000 937.000000 347.000000) for display-0
08-31 20:36:21.646  3991  4056 V RecentTasksController: Notify recent tasks changed
08-31 20:36:21.646  6657  7785 I fczk    : (REDACTED) HDM. appOpsListener %s %s
08-31 20:36:21.646  3991  4056 D WindowManagerShell: setLauncherKeepClearAreaHeight: visible=false, height=627
08-31 20:36:21.646  6657  7785 I fczk    : (REDACTED) HDM. Ignoring irrelevant audio permission changes for package %s
08-31 20:36:21.545 21072 21072 D xiaomi-fp xiaomifp_input_connect: enter
08-31 20:36:21.646  4451  4451 D RecentTasksList: invalidateLoadedTasks - previous requestLoadId: -1
08-31 20:36:21.645  1197  1197 I         : [mi_disp:_sde_kms_drm_check_dpms [msm_drm]][2026-08-31 18:36:21.644768] [I]conn67 early_trigger:1 (power mode 2->2, fps 24->120) - 0.3(ms)
08-31 20:36:21.647  8274 13097 D AidlBufferPool: bufferpool2 0xb40000766153a478 : 0(0 size) total buffers - 0(0 size) used buffers - 1/7 (recycle/alloc) - 10/50 (fetch/transfer)
08-31 20:36:21.647  8274 13097 D AidlBufferPool: Destruction - bufferpool2 0xb40000766153a478 cached: 0/0M, 0/0% in use; allocs: 7, 14% recycled; transfers: 50, 80% unfetched
08-31 20:36:21.647  8274 12923 D AidlBufferPool: bufferpool2 0xb4000076615260b8 : 0(0 size) total buffers - 0(0 size) used buffers - 2/7 (recycle/alloc) - 15/86 (fetch/transfer)
08-31 20:36:21.647  8274 12923 D AidlBufferPool: Destruction - bufferpool2 0xb4000076615260b8 cached: 0/0M, 0/0% in use; allocs: 7, 29% recycled; transfers: 86, 83% unfetched
08-31 20:36:21.647  8274 13097 D AidlBufferPool: bufferpool2 0xb40000766151faf8 : 0(0 size) total buffers - 0(0 size) used buffers - 1/7 (recycle/alloc) - 6/48 (fetch/transfer)
08-31 20:36:21.647  8274 13097 D AidlBufferPool: Destruction - bufferpool2 0xb40000766151faf8 cached: 0/0M, 0/0% in use; allocs: 7, 14% recycled; transfers: 48, 88% unfetched
08-31 20:36:21.647  8274 12923 D AidlBufferPool: bufferpool2 0xb4000076615580d8 : 0(0 size) total buffers - 0(0 size) used buffers - 1/7 (recycle/alloc) - 6/28 (fetch/transfer)
08-31 20:36:21.647  8274 12923 D AidlBufferPool: Destruction - bufferpool2 0xb4000076615580d8 cached: 0/0M, 0/0% in use; allocs: 7, 14% recycled; transfers: 28, 79% unfetched
08-31 20:36:21.647  8274 13097 D AidlBufferPool: bufferpool2 0xb400007661556518 : 0(0 size) total buffers - 0(0 size) used buffers - 2/7 (recycle/alloc) - 9/68 (fetch/transfer)
08-31 20:36:21.647  8274 13097 D AidlBufferPool: Destruction - bufferpool2 0xb400007661556518 cached: 0/0M, 0/0% in use; allocs: 7, 29% recycled; transfers: 68, 87% unfetched
08-31 20:36:21.648  3042 13343 W InputChannel-JNI: Channel already disposed.
08-31 20:36:21.648 21072 21072 I Monkey  : ## Network stats: elapsed time=27ms (0ms mobile, 0ms wifi, 27ms not connected)
08-31 20:36:21.649 21072 21072 I app_process: System.exit called, status: 0
08-31 20:36:21.649 21072 21072 I AndroidRuntime: VM exiting with result code 0.
08-31 20:36:21.650  1720  2155 D FPSMonitor: threadFuncFpsMonitor display 0, fps 120
08-31 20:36:21.650  2509  3703 D libsensor-D2SNotifier: DisplayId 0 Displayinfo2SlpiNotifier to type 8 displayFrequency = 120 
08-31 20:36:21.651  1197  1197 I [drm:dsi_display_set_mode [msm_drm]] [msm-dsi-info]: mdp_transfer_time=7300, clk_rate=1360000000, hactive=1440, vactive=3200, fps=120,ddic_mode=normal, sf_fps=120, ddic_min_fps=120
08-31 20:36:21.651  2509  3703 I sensors : qsh_qmi:41, qsh_qmi
08-31 20:36:21.651  1596 21091 I resolv  : GetAddrInfoHandler::run: {100 262244 100 983140 10240 0}
08-31 20:36:21.651  1596  1632 I netd    : tetherGetStats() -> {[]} <4.89ms>
08-31 20:36:21.651  1596 21092 I resolv  : res_nmkquery: (QUERY, IN, AAAA)
08-31 20:36:21.651  1596 21093 I resolv  : res_nmkquery: (QUERY, IN, A)
08-31 20:36:21.653  8274  8299 D AidlBufferPool: bufferpool2 0xb40000766153de48 : 0(0 size) total buffers - 0(0 size) used buffers - 2/7 (recycle/alloc) - 11/52 (fetch/transfer)
08-31 20:36:21.653  8274  8299 D AidlBufferPool: Destruction - bufferpool2 0xb40000766153de48 cached: 0/0M, 0/0% in use; allocs: 7, 29% recycled; transfers: 52, 79% unfetched
08-31 20:36:21.654  8274  8450 D MCAM_ThumbnailClearExecutor: clearAllDepartedTask >> com.xiaomi.camera.mivi.qcom.MIVICaptureManagerQcomImpl.checkTimeoutTask(SourceFile:164), com.xiaomi.camera.mivi.qcom.MIVICaptureManagerQcomImpl.f(SourceFile:0), com.xiaomi.camera.mivi.qcom.MIVICaptureManagerQcomImpl$1.handleMessage(SourceFile:7), enableDSACPersistence:false
08-31 20:36:21.654  8274  8450 D MCAM_DbItemSaveTask: clearAllDepartedTask: application = com.android.camera, mivi bg service = 12925, support dsac = true, check timeout = true, clear all directly = false,enableDSACPersistence = false
08-31 20:36:21.654  8274 10581 I AdrenoGLES-0: QUALCOMM build                   : 208ca19915, Iab05a79315
08-31 20:36:21.654  8274 10581 I AdrenoGLES-0: Build Date                       : 02/06/26
08-31 20:36:21.654  8274 10581 I AdrenoGLES-0: OpenGL ES Shader Compiler Version: E031.47.18.49
08-31 20:36:21.654  8274 10581 I AdrenoGLES-0: Local Branch                     : 
08-31 20:36:21.654  8274 10581 I AdrenoGLES-0: Remote Branch                    : refs/tags/AU_LINUX_ANDROID_LA.VENDOR.15.4.0.11.00.00.1088.862
08-31 20:36:21.654  8274 10581 I AdrenoGLES-0: Remote Branch                    : NONE
08-31 20:36:21.654  8274 10581 I AdrenoGLES-0: Reconstruct Branch               : NOTHING
08-31 20:36:21.654  8274 10581 I AdrenoGLES-0: Build Config                     : S P 18.0.0 AArch64
08-31 20:36:21.654  8274  8450 D MCAM_ThumbnailClearExecutor: clearAllDepartedTask <<
08-31 20:36:21.654  8274 10581 I AdrenoGLES-0: Driver Path                      : /vendor/lib64/egl/libGLESv2_adreno.so
08-31 20:36:21.654  8274 10581 I AdrenoGLES-0: Driver Version                   : 0800.71
08-31 20:36:21.654  8274 10581 I AdrenoGLES-0: Process Name                     : com.android.camera
08-31 20:36:21.656   973   973 I [kworke][0xabcc2f63f][18:36:21.655399] peach_v2: [973:I:PMO] pmo_core_psoc_send_host_wakeup_ind_to_fw: Host wakeup indication sent to fw
08-31 20:36:21.656  3991  4092 I Surface : Creating surface for consumer unnamed-3991-20 with slotExpansion=1 for 64 slots
08-31 20:36:21.656  2509  3703 I sensors : ~qsh_qmi:68, ~qsh_qmi
08-31 20:36:21.656  8274  8450 D MCAM_MIVICaptureManager: checkTimeoutTask, leftDataCount: 0, leftTaskCount: 0
08-31 20:36:21.656  8274  8358 E MCAM_BGServiceClient: binderDied: camera provider progress died
08-31 20:36:21.657  8274  8358 I MCAM_MIVICaptureManagerImpl: [K_PROCESS]: setSnapshotAvailability: 1
08-31 20:36:21.657  8274  8358 D MCAM_BGServiceClient: reBindService: retry times > 1
08-31 20:36:21.657  8274  8358 W MCAM_MIVICaptureManager: clear all ParallelTaskData and SaveTask by provider died.
08-31 20:36:21.657  8274  8358 D MCAM_ThumbnailClearExecutor: clearAllDepartedTask >> com.xiaomi.camera.mivi.qcom.MIVICaptureManagerQcomImpl.clearAllParallelTaskDataAndSaveTaskByProviderDied(SourceFile:26), com.xiaomi.camera.mivi.MIVICaptureManager.clearAllParallelTaskDataAndSaveTaskByProviderDied(SourceFile:2), com.xiaomi.camera.mivi.AidlBGServiceClient.lambda$registerServiceDiedListener$0(SourceFile:41), enableDSACPersistence:false
08-31 20:36:21.657  8274  8358 D MCAM_DbItemSaveTask: clearAllDepartedTask: application = com.android.camera, mivi bg service = 12925, support dsac = true, check timeout = true, clear all directly = true,enableDSACPersistence = false
08-31 20:36:21.657  8274  8358 D MCAM_ThumbnailClearExecutor: clearAllDepartedTask <<
08-31 20:36:21.657  8274  8358 D MCAM_ThumbnailClearExecutor: setMiviBgServiceId: 0
08-31 20:36:21.658  8274  8274 D MCAM_ActivityBase: onCreate + 179966371
08-31 20:36:21.658  8274  8274 D MCAM_BoostFrameworkImpl: startBoost: duration = 500, scene = 6
08-31 20:36:21.658  8274  8274 D MCAM_BoostFrameworkImpl: ready to boost
08-31 20:36:21.658  8274  8274 D MCAM_CameraOptManager: boostAdj: [800, 0]
08-31 20:36:21.658  8274  8274 I MCAM_PerformanceManager: [P_PERFORM]: not allow traceStart
08-31 20:36:21.658  1711  2074 E PERFHAL-REQUEST: PERFHAL-REQUEST: Process() 398: Translate to physical failed
08-31 20:36:21.658  8274  8274 V MCAM_CameraIntentManager: dumpIntent is not enable on this device.
08-31 20:36:21.658  1711  2074 E PERFHAL-REQUEST: PERFHAL-REQUEST: Process() 398: Translate to physical failed
08-31 20:36:21.658  1711  2074 E PERFHAL-TARGETCONFIG: PERFHAL-TARGETCONFIG: getCoresInCluster() 86: Error: Invalid cluster id 3
08-31 20:36:21.658  1711  2074 E PERFHAL-REQUEST: PERFHAL-REQUEST: Process() 398: Translate to physical failed
08-31 20:36:21.658  1711  2074 E PERFHAL-TARGETCONFIG: PERFHAL-TARGETCONFIG: getCoresInCluster() 86: Error: Invalid cluster id 3
08-31 20:36:21.658  1711  2074 E PERFHAL-REQUEST: PERFHAL-REQUEST: Process() 398: Translate to physical failed
08-31 20:36:21.658  8274  8274 D MCAM_CameraIntentManager: canUseLocationPermission from launcher !isImageCaptureIntent&&!isVideoCaptureIntent is true
08-31 20:36:21.658  8274  8274 I MCAM_Camera@179966371: [K_PROCESS]: onCreate start 179966371
08-31 20:36:21.658  8274  8274 I MCAM_PerformanceManager: [P_PERFORM]: Event: HOT_LAUNCH start
08-31 20:36:21.659  8274  8274 I MCAM_Camera@179966371: onCreate: intent-> Intent { act=android.intent.action.MAIN cat=[android.intent.category.LAUNCHER] flg=0x10200000 cmp=com.android.camera/.Camera }
08-31 20:36:21.659  8274 10581 I AdrenoGLES-0: PFP: 0x01500081, ME: 0x01500022
08-31 20:36:21.659  8274  8274 W MCAM_DisplayHelper: invalid app bound size( w > h ).
08-31 20:36:21.659  8274  8274 I MCAM_DisplayHelper: windowSize=1440x3200 boundSize=1440x3200 density=3.5000 ori=false mw=false sl=false
08-31 20:36:21.659  8274  8274 V MCAM_DisplayHelper: StatusBarHeight=169
08-31 20:36:21.659  8274  8274 D MCAM_DisplayRectFactory: create display : a, parameter : appBoundWidth:1440,appBoundHeight:3200,statusBarHeight:169,displayMode:NORMAL_MODE.
08-31 20:36:21.659  8274  8274 D MCAM_DisplayAdapter: create DisplayAdapter, param appBoundWidth:1440,appBoundHeight:3200,statusBarHeight:169,displayMode:NORMAL_MODE
08-31 20:36:21.659  8274  8274 I MCAM_Display: appBoundSize=1440x3200 cp=DisplayAdapter{mKey='179966371,DisplayMode='NORMAL_MODE'}
08-31 20:36:21.659  8274 10581 E Adreno-AppProfiles: QSPM AIDL service doesn't exist
08-31 20:36:21.660  3042  3559 I EventHub: Removing device Monkey touch due to epoll hang-up event.
08-31 20:36:21.660  3042  3559 I EventHub: Removed device: path=/dev/input/event10 name=Monkey touch id=11 fd=352 classes=TOUCH | TOUCH_MT
08-31 20:36:21.660  3042  3559 I InputReader: Device removed: id=11, eventHubId=11, name='Monkey touch', descriptor='e1fe28b90f915c7d1febbd52c1ef84b3c4cbed9f', sources=TOUCHSCREEN
08-31 20:36:21.660  8274  8299 D AidlBufferPool: bufferpool2 0xb40000766150d798 : 0(0 size) total buffers - 0(0 size) used buffers - 1/7 (recycle/alloc) - 6/56 (fetch/transfer)
08-31 20:36:21.660  8274  8299 D AidlBufferPool: Destruction - bufferpool2 0xb40000766150d798 cached: 0/0M, 0/0% in use; allocs: 7, 14% recycled; transfers: 56, 89% unfetched
08-31 20:36:21.662  8274  8274 I MCAM_Camera@179966371: [P_PERFORM]: checkPermissionAndCTA E   
08-31 20:36:21.662  8274  8299 D AidlBufferPool: bufferpool2 0xb400007661536168 : 0(0 size) total buffers - 0(0 size) used buffers - 2/7 (recycle/alloc) - 14/78 (fetch/transfer)
08-31 20:36:21.662  8274  8299 D AidlBufferPool: Destruction - bufferpool2 0xb400007661536168 cached: 0/0M, 0/0% in use; allocs: 7, 29% recycled; transfers: 78, 82% unfetched
08-31 20:36:21.662  8274  8274 D MCAM_SystemSettingsUtils: isTurnOnInvisibleMode: 
08-31 20:36:21.662  8274  8274 D MCAM_SystemSettingsUtils: isTurnOnInvisibleMode: 
08-31 20:36:21.662  8274  8274 I MCAM_PermissionManager: getNeedCheckPermissionList() listSize =0
08-31 20:36:21.662  8274  8274 D MCAM_GlobalUtil: isFromThirdParty  false
08-31 20:36:21.663  8274  8274 I MCAM_PermissionManager: getNeedCheckPermissionList() listSize =0
08-31 20:36:21.663  8274  8274 I MCAM_PermissionManager: checkCameraLocationPermissions(), all on
08-31 20:36:21.663  8274  8274 D MCAM_Camera@179966371: onCreate(): prefixCamera2Setup
08-31 20:36:21.663  8274  8274 D MCAM_CameraIntentManager: start activity when locked: false
08-31 20:36:21.663  8274  8274 D MCAM_CameraIntentManager: The caller:null
08-31 20:36:21.663  8274  8274 D MCAM_CameraIntentManager: start activity when locked: false
08-31 20:36:21.663  8274  8274 D MCAM_IntentParser: setLaunchSource = null
08-31 20:36:21.663  8274  8274 D MCAM_CameraAgent: agentString: null
08-31 20:36:21.663  8274  8274 D MCAM_CameraIntentManager: isStartActivityWhenKeyguardShortCut: false
08-31 20:36:21.663  8274  8274 D MCAM_CameraIntentManager: isStartActivityWhenKeyguardShortCut: false
08-31 20:36:21.663  8274  8274 D MCAM_IntentParser: parseIntent timeOut = true, intentChanged = false, action = android.intent.action.MAIN, pendingOpenId = 0, pendingOpenModule = 163, intentCameraId = -1, intentType = 0
08-31 20:36:21.663  8274  8274 I MCAM_Camera@179966371: [P_PERFORM]: checkPermissionAndCTA X
08-31 20:36:21.663  8274  8274 D MCAM_CameraIntentManager: camera_launch_source = null  270532608
08-31 20:36:21.666  3042  3559 I EventHub: Removing device '/dev/input/event10' due to inotify event
08-31 20:36:21.666  3042  3108 W libbinder.IPCThreadState: Sending oneway calls to frozen process.
08-31 20:36:21.666  3042  3108 W libbinder.IPCThreadState: Sending oneway calls to frozen process.
08-31 20:36:21.667  8274  8351 D MCAM_PreFixCamera2Setup: mModuleChanged true LastMode is null
08-31 20:36:21.667  8274  8351 I MCAM_PermissionManager: getNeedCheckPermissionList() listSize =0
08-31 20:36:21.667  8274  8351 D MCAM_Camera2CompatAdapterRole: E: init()
08-31 20:36:21.667  8274  8351 D MCAM_Camera2CompatAdapterRole: E: reset()
08-31 20:36:21.667  8274  8351 D MCAM_Camera2CompatAdapterRole: X: reset()
08-31 20:36:21.667  3991  3991 D NavigationModeController: getCurrentUserContext: contextUser=0 currentUser=0
08-31 20:36:21.667  8274  8351 D MCAM_Camera2CompatAdapter: getCameraIdList: standard way
08-31 20:36:21.667  8274  8351 D MCAM_Camera2CompatAdapter: getCameraIdList: cameraIdList=[], usableCameraIdNum=10
08-31 20:36:21.667  8274  8351 D MCAM_Camera2CompatAdapter: getCameraIdList: Some camera may be lost, try again ! 1
08-31 20:36:21.667  8274  8351 I MCAM_Camera2CompatAdapterRole: [K_PROCESS]: All available camera ids: []
08-31 20:36:21.667  8274  8351 W MCAM_Camera2CompatAdapterRole: Warning: getMainBackCameraId(): #init() failed.
08-31 20:36:21.667  8274  8351 I MCAM_PermissionManager: getNeedCheckPermissionList() listSize =0
08-31 20:36:21.667  8274  8351 D MCAM_Camera2CompatAdapterRole: E: init()
08-31 20:36:21.667  8274  8351 D MCAM_Camera2CompatAdapterRole: E: reset()
08-31 20:36:21.667  8274  8351 D MCAM_Camera2CompatAdapterRole: X: reset()
08-31 20:36:21.667  6928  6928 I PkModeUpdater: PkModeUpdater.refreshDevices():206 refreshing devices
08-31 20:36:21.668  3991  4092 E ConsumerBase: [ImageReader-560x560f1u2816m2-3991-4] abandonLocked: ConsumerBase is abandoned!
08-31 20:36:21.668  8274  8351 D MCAM_Camera2CompatAdapter: getCameraIdList: standard way
08-31 20:36:21.668  8274  8351 D MCAM_Camera2CompatAdapter: getCameraIdList: cameraIdList=[], usableCameraIdNum=10
08-31 20:36:21.668  8274  8351 D MCAM_Camera2CompatAdapter: getCameraIdList: Some camera may be lost, try again ! 2
08-31 20:36:21.668  8274  8351 I MCAM_Camera2CompatAdapterRole: [K_PROCESS]: All available camera ids: []
08-31 20:36:21.668  8274  8351 W MCAM_ActualOpenCameraId: getActualOpenCameraId: #init failed. -1
08-31 20:36:21.668  8274  8351 I MCAM_PermissionManager: getNeedCheckPermissionList() listSize =0
08-31 20:36:21.668  8274  8351 D MCAM_Camera2CompatAdapterRole: E: init()
08-31 20:36:21.668  8274  8351 D MCAM_Camera2CompatAdapterRole: E: reset()
08-31 20:36:21.668  8274  8351 D MCAM_Camera2CompatAdapterRole: X: reset()
08-31 20:36:21.668  8274  8351 D MCAM_Camera2CompatAdapter: getCameraIdList: standard way
08-31 20:36:21.668  8274  8351 D MCAM_Camera2CompatAdapter: getCameraIdList: cameraIdList=[], usableCameraIdNum=10
08-31 20:36:21.668  8274  8351 D MCAM_Camera2CompatAdapter: getCameraIdList: Some camera may be lost, try again ! 3
08-31 20:36:21.668  8274  8351 I MCAM_Camera2CompatAdapterRole: [K_PROCESS]: All available camera ids: []
08-31 20:36:21.668  8274  8351 I MCAM_PermissionManager: getNeedCheckPermissionList() listSize =0
08-31 20:36:21.668  8274  8351 D MCAM_Camera2CompatAdapterRole: E: init()
08-31 20:36:21.668  8274  8351 D MCAM_Camera2CompatAdapterRole: E: reset()
08-31 20:36:21.668  8274  8351 D MCAM_Camera2CompatAdapterRole: X: reset()
08-31 20:36:21.668  8274  8351 D MCAM_Camera2CompatAdapter: getCameraIdList: standard way
08-31 20:36:21.668  8274  8351 D MCAM_Camera2CompatAdapter: getCameraIdList: cameraIdList=[], usableCameraIdNum=10
08-31 20:36:21.668  8274  8351 D MCAM_Camera2CompatAdapter: getCameraIdList: Some camera may be lost, try again ! 4
08-31 20:36:21.668  8274  8351 I MCAM_Camera2CompatAdapterRole: [K_PROCESS]: All available camera ids: []
08-31 20:36:21.668  8274  8351 D MCAM_Camera2CompatAdapter: Warning: getCurrentCameraCapabilities(): mCurrentOpenedCameraId is invalid.
08-31 20:36:21.668  8274  8351 D MCAM_PreFixCamera2Setup: subscribe: mPendingOpenId = 0 mPendingOpenModule = 163, actualCameraId: -1, reusable: false
08-31 20:36:21.668  8274  8351 I MCAM_PermissionManager: getNeedCheckPermissionList() listSize =0
08-31 20:36:21.668  8274  8351 D MCAM_Camera2CompatAdapterRole: E: init()
08-31 20:36:21.668  8274  8351 D MCAM_Camera2CompatAdapterRole: E: reset()
08-31 20:36:21.668  8274  8351 D MCAM_Camera2CompatAdapterRole: X: reset()
08-31 20:36:21.668  8274  8351 D MCAM_Camera2CompatAdapter: getCameraIdList: standard way
08-31 20:36:21.668  8274  8351 D MCAM_Camera2CompatAdapter: getCameraIdList: cameraIdList=[], usableCameraIdNum=10
08-31 20:36:21.668  8274  8351 D MCAM_Camera2CompatAdapter: getCameraIdList: Some camera may be lost, try again ! 5
08-31 20:36:21.668  8274  8351 I MCAM_Camera2CompatAdapterRole: [K_PROCESS]: All available camera ids: []
08-31 20:36:21.668  8274  8351 I MCAM_Camera2OpenManager: [K_PROCESS]: openCamera: cid: -1 -> -1, mid: 163 -> 163, exclusions: null
08-31 20:36:21.668  8274  8351 D MCAM_Camera2OpenManager: removeCameraCallables
08-31 20:36:21.668  8274  8351 D MCAM_CameraService: closeCamera addCameraCallable
08-31 20:36:21.669  8274  8351 D MCAM_Camera2OpenManager: subscribeCameraResultObservable: E
08-31 20:36:21.669  8274  8468 D MCAM_CloseCameraCallable: E: cid: null
08-31 20:36:21.669  8274  8468 I MCAM_CloseCameraCallable: [K_PROCESS]: E: closeCamera: cid = null, excludes = [], deviceHashes = []
08-31 20:36:21.669  8274  8468 I MCAM_CloseCameraCallable: [K_PROCESS]: X: closeCamera: cid = null, excludes = []
08-31 20:36:21.669  8274  8468 D MCAM_CloseCameraCallable: X: cid: null (dur: 0)
08-31 20:36:21.669  8274  8468 D MCAM_CloseCameraCallable: postCallback
08-31 20:36:21.669  8274  8351 D MCAM_Camera2OpenManager: subscribeCameraResultObservable: X
08-31 20:36:21.669  8274  8351 D MCAM_CameraOpenObservable: subscribeActual: openCamera: cid = -1, listener = 185714934
08-31 20:36:21.669  8274  8351 D MCAM_CameraService: openCamera addCameraCallable cameraId = -1
08-31 20:36:21.669  8274  8468 D MCAM_OpenCameraCallable: E: cid: -1
08-31 20:36:21.669  8274  8468 I MCAM_PermissionManager: getNeedCheckPermissionList() listSize =0
08-31 20:36:21.669  8274  8468 D MCAM_Camera2CompatAdapterRole: E: init()
08-31 20:36:21.669  8274  8468 D MCAM_Camera2CompatAdapterRole: E: reset()
08-31 20:36:21.669  8274  8468 D MCAM_Camera2CompatAdapterRole: X: reset()
08-31 20:36:21.669  8274  8351 I MCAM_PerformanceManager: [P_PERFORM]: Action: switch_prefix_camera_setup_163_-1 takes 2 ms
08-31 20:36:21.669  8274  8351 D MCAM_CloseCameraCallable: Success: cid: null (dur: 0)
08-31 20:36:21.669  8274  8468 D MCAM_Camera2CompatAdapter: getCameraIdList: standard way
08-31 20:36:21.669  8274  8468 D MCAM_Camera2CompatAdapter: getCameraIdList: cameraIdList=[], usableCameraIdNum=10
08-31 20:36:21.669  8274  8468 I MCAM_Camera2CompatAdapterRole: [K_PROCESS]: All available camera ids: []
08-31 20:36:21.669  8274 21103 V MCAM_PreFixCamera2Setup: [WTP]notifyModeAndFacing: E
08-31 20:36:21.669  8274  8468 D MCAM_OpenCameraCallable: Camera2 Compat Adapter is not initialized, camera id is -1
08-31 20:36:21.669  8274 21103 D MCAM_SendBroadcastNotifyExternal: notify external(mode:163,facing:0)
08-31 20:36:21.669  8274  8468 D MCAM_OpenCameraCallable: X: cid: -1 (dur: 0)
08-31 20:36:21.669  8274  8468 D MCAM_OpenCameraCallable: postCallback
08-31 20:36:21.669  8274  8351 W MCAM_OpenCameraCallable: Failure: cid: -1 (dur: 0)
08-31 20:36:21.669  8274  8351 W MCAM_OpenCameraCallable: java.lang.RuntimeException: not to open camera when not initialize camera list.
08-31 20:36:21.669  8274  8351 W MCAM_OpenCameraCallable: 	at oa.e.a(SourceFile:41)
08-31 20:36:21.669  8274  8351 W MCAM_OpenCameraCallable: 	at na.b.handleMessage(SourceFile:38)
08-31 20:36:21.669  8274  8351 W MCAM_OpenCameraCallable: 	at android.os.Handler.dispatchMessageImpl(Handler.java:138)
08-31 20:36:21.669  8274  8351 W MCAM_OpenCameraCallable: 	at android.os.Handler.dispatchMessage(Handler.java:125)
08-31 20:36:21.669  8274  8351 W MCAM_OpenCameraCallable: 	at android.os.Looper.loopOnce(Looper.java:296)
08-31 20:36:21.669  8274  8351 W MCAM_OpenCameraCallable: 	at android.os.Looper.loop(Looper.java:397)
08-31 20:36:21.669  8274  8351 W MCAM_OpenCameraCallable: 	at android.os.HandlerThread.run(HandlerThread.java:139)
08-31 20:36:21.669  8274  8351 D MCAM_Camera2OpenManager: fire: result = Failure: 231, requested cid = -1
08-31 20:36:21.669  8274  8351 D MCAM_Camera2OpenManager: fire: emitted
08-31 20:36:21.669  8274 21103 V MCAM_PreFixCamera2Setup: [WTP]notifyModeAndFacing: X
08-31 20:36:21.670  8274  8274 I MCAM_Camera@179966371: [K_PROCESS]: initAndAddGpuSurfaceView
08-31 20:36:21.671  8274  8274 D MCAM_CameraIntentManager: camera_launch_source = null  270532608
08-31 20:36:21.671  8274 21105 E MCAM_CameraOptManager: registerFPSCallback CamOptClient reflect error java.lang.ClassNotFoundException: com.miui.cameraopt.intentaware.client.CamOptClient
08-31 20:36:21.671  8274  8274 I Surface : Creating surface for consumer unnamed-8274-23 with slotExpansion=1 for 64 slots
08-31 20:36:21.671  8274  8274 D MCAM_CRE_PreviewRenderEngine: New PreviewRenderEngine instance isSupport10Bit: false
08-31 20:36:21.671  8274  8274 D MCAM_CRE_GlHandlerThread: new Instance with thread id:21106 name:PreviewRenderEngine
08-31 20:36:21.671  8274  8274 D MCAM_RenderEngineV2: Created
08-31 20:36:21.671  8274  8274 D MCAM_StreamingController: WindowBounds: Rect(0, 0 - 1440, 3200)
08-31 20:36:21.672  8274 21107 V MCAM_ActivityBase: [WTP] createPreviewSurface: E
08-31 20:36:21.672  8274  8274 D MCAM_StreamingController: Device naturally portrait? true
08-31 20:36:21.672  8274 21107 V MCAM_ActivityBase: [WTP] createPreviewSurface: X
08-31 20:36:21.672  8274  8274 D MCAM_DisplayAdapter: create DisplayAdapter, param appBoundWidth:1440,appBoundHeight:3200,statusBarHeight:169,displayMode:NORMAL_MODE
08-31 20:36:21.672  8274  8274 D MCAM_Display: initExtra DisplayAdapter{mKey='179966371,DisplayMode='NORMAL_MODE'}
08-31 20:36:21.672  8274  8274 D MCAM_CamLayoutManagerImpl@179966371: init NormalLayout{mWholeArea=Rect(0, 0 - 1440, 3200), mPreviewArea=Rect(0, 0 - 1440, 3200), mGalleryArea=Rect(0, 0 - 1440, 3200), mControlArea=Rect(0, 0 - 1440, 3200)} , debug false
08-31 20:36:21.672  8274  8274 D MCAM_ActivityBase: isMainScreen: true
08-31 20:36:21.672  8274  8274 D MCAM_CameraIntentManager: camera_launch_source = null  270532608
08-31 20:36:21.672  8274  8274 D MCAM_CameraIntentManager: start activity when locked: false
08-31 20:36:21.672  8274  8274 D MCAM_CRE_PreviewRenderEngine: setRequestRenderListener: o5.h@c6cdc3d
08-31 20:36:21.672  8274  8274 I MCAM_PermissionManager: getNeedCheckPermissionList() listSize =0
08-31 20:36:21.672  8274  8274 D MCAM_Camera2CompatAdapterRole: E: init()
08-31 20:36:21.672  8274  8274 D MCAM_Camera2CompatAdapterRole: E: reset()
08-31 20:36:21.672  8274  8274 D MCAM_Camera2CompatAdapterRole: X: reset()
08-31 20:36:21.672  8274 21106 D MCAM_CRE_GlHandlerThread: new egl Instance
08-31 20:36:21.672  8274 21106 D MCAM_CRE_EglCore: new Instance
08-31 20:36:21.672  8274  8274 D MCAM_Camera2CompatAdapter: getCameraIdList: standard way
08-31 20:36:21.672  8274  8274 D MCAM_Camera2CompatAdapter: getCameraIdList: cameraIdList=[], usableCameraIdNum=10
08-31 20:36:21.672  8274  8274 I MCAM_Camera2CompatAdapterRole: [K_PROCESS]: All available camera ids: []
08-31 20:36:21.672  8274  8274 D MCAM_Camera2CompatAdapter: Warning: getCurrentCameraCapabilities(): mCurrentOpenedCameraId is invalid.
08-31 20:36:21.672  8274  8274 D MCAM_RenderEngineV2: initCameraScreenNail
08-31 20:36:21.672  8274  8274 D MCAM_FML: registerProtocol: Thread name = main
08-31 20:36:21.672  8274  8274 D MCAM_HandleDetectorImpl: getMiChargeValue start 
08-31 20:36:21.672  8274  8274 W MCAM_HandleDetectorImpl: getMiChargeValue: java.lang.ClassNotFoundException: miui.util.IMiCharge
08-31 20:36:21.672  8274  8274 D MCAM_HandleDetectorImpl: initHandleConnectedState: mProHandleConnected = false, mProHandleColor = 
08-31 20:36:21.672  8274  8274 D MCAM_HandleDetectorImpl: initHandleConnectedState: mLiteHandleConnected = false, mLiteHandleColor = null
08-31 20:36:21.672  8274 10594 D MCAM_HandleDetectorImpl: registerReceiver
08-31 20:36:21.672  8274  8274 D MCAM_CameraIntentManager: start activity when locked: false
08-31 20:36:21.672  8274  8274 D MCAM_CameraIntentManager: start activity when locked: false
08-31 20:36:21.672  8274  8274 D MCAM_IntentParser: setLaunchSource = null
08-31 20:36:21.672  8274  8274 D MCAM_CameraAgent: agentString: null
08-31 20:36:21.672  8274  8274 D MCAM_CameraIntentManager: isStartActivityWhenKeyguardShortCut: false
08-31 20:36:21.672  8274  8274 D MCAM_CameraIntentManager: isStartActivityWhenKeyguardShortCut: false
08-31 20:36:21.672  8274  8274 D MCAM_IntentParser: parseIntent timeOut = true, intentChanged = false, action = android.intent.action.MAIN, pendingOpenId = 0, pendingOpenModule = 163, intentCameraId = -1, intentType = 0
08-31 20:36:21.672  8274  8274 D MCAM_ComponentRunningDualVideo: setRecordType: MERGED
08-31 20:36:21.672  8274  8274 I MCAM_Camera@179966371: [U_ACTION]: onModeSelected from 0xa0 to 0xa3, facing = 0
08-31 20:36:21.673  8274  8274 D MCAM_RemoteControlAgent: setCapturingMode: 163
08-31 20:36:21.673  8274  8274 D MCAM_RemoteControlAgent: setCapturingMode: not initialized
08-31 20:36:21.673  8274  8274 D MCAM_RemoteControlAgent: setCameraFacing: 0
08-31 20:36:21.673  8274  8274 D MCAM_RemoteControlAgent: setCameraFacing: not initialized
08-31 20:36:21.673  8274  8274 I MCAM_PermissionManager: getNeedCheckPermissionList() listSize =0
08-31 20:36:21.673  3991  4092 D SplashScreenView: Build android.window.SplashScreenView{1de19b2 V.E...... ......ID 0,0-0,0}
08-31 20:36:21.673  3991  4092 D SplashScreenView: Icon: view: android.widget.ImageView{9115d03 V.ED..... ......I. 0,0-0,0 #1020575 android:id/splashscreen_icon_view} drawable: com.android.wm.shell.startingsurface.SplashscreenIconDrawableFactory$ImmobileIconDrawable@a0db480 size: 560
08-31 20:36:21.673  3991  4092 D SplashScreenView: Branding: view: android.view.View{fd50ab9 G.ED..... ......I. 0,0-0,0 #1020574 android:id/splashscreen_branding_view} drawable: null size w: 0 h: 0
08-31 20:36:21.673  8274  8274 D MCAM_V6GestureRecognizer: put 179966371
08-31 20:36:21.673  8274  8274 D MCAM_HdrColorReproduction: HdrColorReproduction.new mCvType: 0
08-31 20:36:21.673  8274  8274 D MCAM_BaseModule: setModuleCallback, callback: com.android.camera.Camera@aba11a3, com.android.camera.module.BaseModule.setModuleCallback(SourceFile:18), com.android.camera.module.BaseModule.setParameter(SourceFile:2), com.android.camera.Camera.Df(SourceFile:1318), 
08-31 20:36:21.673  8274  8274 D MCAM_CameraMainViewModel: onSwitchMode: 
08-31 20:36:21.673  8274  8274 I MCAM_Camera@179966371: enterNewMode: newModule=CaptureModule@193047296: mid = 163, cid = -1, created = false, departed = false
08-31 20:36:21.673  8274  8274 D MCAM_DataItemRunning: setDummyEnablefalse
08-31 20:36:21.673  8274  8274 D MCAM_PreDataSetup: reInit ,  resetType = 4
08-31 20:36:21.673  8274  8274 D MCAM_CRE_PreviewRenderEngine: setExternalRenderer: null
08-31 20:36:21.673  3991  4091 D WindowOnBackDispatcher: setTopOnBackInvokedCallback (unwrapped): android.view.ViewRootImpl$$ExternalSyntheticLambda14@8d998ac
08-31 20:36:21.673  8274  8274 D MCAM_LGal_GalleryContainerManager: setInTimerBurstShotting inTimerBurstShotting: false, fromComplete: false, mIsInTimerBurstShotting: false, mTimerBurstItems.size(): 0, CameraSettings.getTimerBurstTotalCount(): 30
08-31 20:36:21.673  8274  8274 D MCAM_TimerBurstController: setInTimerBurstShotting: false
08-31 20:36:21.673  8274  8274 D MCAM_ComponentRunningDualVideo: setRecordType: MERGED
08-31 20:36:21.673  8274  8274 D MCAM_PreDataSetup: [VideoSwitch] updateRatioSameRecordStart: no start recording return
08-31 20:36:21.673  3042  3749 D CoreBackPreview: Window{94b6dad u0 Splash Screen com.android.camera}: Setting back callback OnBackInvokedCallbackInfo{mCallback=android.window.IOnBackInvokedCallback$Stub$Proxy@b0d4448, mPriority=0, mIsAnimationCallback=false, mOverrideBehavior=0}
08-31 20:36:21.673  8274  8274 I MCAM_PermissionManager: getNeedCheckPermissionList() listSize =0
08-31 20:36:21.673  8274  8274 D MCAM_Camera2CompatAdapterRole: E: init()
08-31 20:36:21.673  8274  8274 D MCAM_Camera2CompatAdapterRole: E: reset()
08-31 20:36:21.673  8274  8274 D MCAM_Camera2CompatAdapterRole: X: reset()
08-31 20:36:21.673  8274  8274 D MCAM_Camera2CompatAdapter: getCameraIdList: standard way
08-31 20:36:21.673  8274  8274 D MCAM_Camera2CompatAdapter: getCameraIdList: cameraIdList=[], usableCameraIdNum=10
08-31 20:36:21.673  8274  8274 I MCAM_Camera2CompatAdapterRole: [K_PROCESS]: All available camera ids: []
08-31 20:36:21.673  8274  8274 W MCAM_Camera2CompatAdapterRole: Warning: getUltraWideCameraId(): #init() failed.
08-31 20:36:21.673  8274  8274 I MCAM_PermissionManager: getNeedCheckPermissionList() listSize =0
08-31 20:36:21.673  8274  8274 D MCAM_Camera2CompatAdapterRole: E: init()
08-31 20:36:21.673  8274  8274 D MCAM_Camera2CompatAdapterRole: E: reset()
08-31 20:36:21.673  8274  8274 D MCAM_Camera2CompatAdapterRole: X: reset()
08-31 20:36:21.673  3042  3749 D WindowManager: setClientSurface Surface(name=VRI-Splash Screen com.android.camera#243)/@0x72432e1 for 94b6dad Splash Screen com.android.camera
08-31 20:36:21.673  8274  8274 D MCAM_Camera2CompatAdapter: getCameraIdList: standard way
08-31 20:36:21.673  8274  8274 D MCAM_Camera2CompatAdapter: getCameraIdList: cameraIdList=[], usableCameraIdNum=10
08-31 20:36:21.673  8274  8274 I MCAM_Camera2CompatAdapterRole: [K_PROCESS]: All available camera ids: []
08-31 20:36:21.673  8274  8274 W MCAM_Camera2CompatAdapterRole: Warning: getMainBackCameraId(): #init() failed.
08-31 20:36:21.673  8274  8274 I MCAM_PermissionManager: getNeedCheckPermissionList() listSize =0
08-31 20:36:21.673  8274  8274 D MCAM_Camera2CompatAdapterRole: E: init()
08-31 20:36:21.673  8274  8274 D MCAM_Camera2CompatAdapterRole: E: reset()
08-31 20:36:21.673  8274  8274 D MCAM_Camera2CompatAdapterRole: X: reset()
08-31 20:36:21.674  8274  8274 D MCAM_Camera2CompatAdapter: getCameraIdList: standard way
08-31 20:36:21.674  8274  8274 D MCAM_Camera2CompatAdapter: getCameraIdList: cameraIdList=[], usableCameraIdNum=10
08-31 20:36:21.674  8274  8274 I MCAM_Camera2CompatAdapterRole: [K_PROCESS]: All available camera ids: []
08-31 20:36:21.674  8274  8274 W MCAM_ActualOpenCameraId: getActualOpenCameraId: #init failed. -1
08-31 20:36:21.674  8274  8274 I MCAM_PermissionManager: getNeedCheckPermissionList() listSize =0
08-31 20:36:21.674  8274  8274 D MCAM_Camera2CompatAdapterRole: E: init()
08-31 20:36:21.674  8274  8274 D MCAM_Camera2CompatAdapterRole: E: reset()
08-31 20:36:21.674  8274  8274 D MCAM_Camera2CompatAdapterRole: X: reset()
08-31 20:36:21.674  8274  8274 D MCAM_Camera2CompatAdapter: getCameraIdList: standard way
08-31 20:36:21.674  8274  8274 D MCAM_Camera2CompatAdapter: getCameraIdList: cameraIdList=[], usableCameraIdNum=10
08-31 20:36:21.674  8274  8274 I MCAM_Camera2CompatAdapterRole: [K_PROCESS]: All available camera ids: []
08-31 20:36:21.674  8274  8274 D MCAM_Camera2CompatAdapter: Warning: getCapabilities(): #init() failed.
08-31 20:36:21.674  8274  8274 I MCAM_PaintConditionUtil: configVariables mode:163, uiStyle:0
08-31 20:36:21.674  8274  8274 D MCAM_DataItemRunning: setPaintCondition: 0
08-31 20:36:21.674  8274  8274 I MCAM_PerformanceManager: [P_PERFORM]: Action: switch_prefix_data_setup_163_-1 takes 1 ms
08-31 20:36:21.674  8274  8351 D MCAM_CameraIntentManager: start activity when locked: false
08-31 20:36:21.674  8274  8351 D MCAM_Camera@179966371: setupCamera, startControl module 0xa3, need anim 1, need blur false, reset type 4, fk false.
08-31 20:36:21.674  8274  8351 D MCAM_SystemSettingsUtils: isTurnOnInvisibleMode: 
08-31 20:36:21.674  8274  8274 D MCAM_SystemSettingsUtils: isTurnOnInvisibleMode: 
08-31 20:36:21.674  8274  8274 I MCAM_PermissionManager: getNeedCheckPermissionList() listSize =0
08-31 20:36:21.674  8274  8274 D MCAM_Camera@179966371: showGuide: isCtsCall = false
08-31 20:36:21.674  8274  8274 D MCAM_GuideManager: init: state = 2
08-31 20:36:21.674  8274  8351 I MCAM_PermissionManager: getNeedCheckPermissionList() listSize =0
08-31 20:36:21.674  8274  8351 D MCAM_Camera@179966371: setupCamera: E
08-31 20:36:21.674  8274  8274 V MCAM_Delegate@173014841: loadBasic  opts ：[Opt{o=opt{o:ADD,c:CONTROL_BAR,f:F4,sf:F0'}}, Opt{o=opt{o:SHOW_CONTAINER,c:CONTROL_BAR,f:0,sf:F0'}}, Opt{o=opt{o:ADD,c:CONTROL_BAR,f:F1,sf:F0'}}, Opt{o=opt{o:SHOW_CONTAINER,c:CONTROL_BAR,f:0,sf:F0'}}, Opt{o=opt{o:ADD,c:MODE_SELECTOR,f:F2,sf:F0'}}, Opt{o=opt{o:SHOW_CONTAINER,c:MODE_SELECTOR,f:0,sf:F0'}}, Opt{o=opt{o:ADD,c:DUAL_CAMERA,f:B7,sf:F0'}}, Opt{o=opt{o:SHOW_CONTAINER,c:DUAL_CAMERA,f:0,sf:F0'}}, Opt{o=opt{o:ADD,c:MAIN_CONTENT,f:F3,sf:F0'}}, Opt{o=opt{o:SHOW_CONTAINER,c:MAIN_CONTENT,f:0,sf:F0'}}]
08-31 20:36:21.674  8274  8351 D MCAM_CameraIntentManager: start activity when locked: false
08-31 20:36:21.674  8274  8351 D MCAM_GlobalUtil: isFromThirdParty  false
08-31 20:36:21.674  8274  8274 V MCAM_OptRequest@48839038: apply start, async true
08-31 20:36:21.674  8274  8351 I MCAM_PermissionManager: getNeedCheckPermissionList() listSize =0
08-31 20:36:21.674  8274  8351 I MCAM_PermissionManager: checkCameraLocationPermissions(), all on
08-31 20:36:21.674  8274  8351 D MCAM_Camera@179966371: setupCamera: CameraSetupDisposable: E
08-31 20:36:21.674  8274  8351 D MCAM_Camera@179966371: setupCamera: X
08-31 20:36:21.674  8274  8351 D MCAM_SystemSettingsUtils: isTurnOnInvisibleMode: 
08-31 20:36:21.674  8274  8351 I MCAM_PermissionManager: getNeedCheckPermissionList() listSize =0
08-31 20:36:21.674  8274  8351 D MCAM_FunctionCameraPrepare: reconfigureData needResetForFrontZoom:false lastCameraId:0 currentCameraId:0 mResetType:4 mLastMode:0 mTargetMode:163
08-31 20:36:21.674  8274  8274 D MCAM_AbstractFragment: load FragmentTopBar by async inflater.
08-31 20:36:21.674  8274  8274 D MCAM_AnimationComposite: put, key 244, value FragmentTopBar{2460edf} (382d17cb-3254-46ef-b707-3ce1900ea88f)
08-31 20:36:21.674  8274  8274 D MCAM_AbstractFragment: load FragmentBottomAction by async inflater.
08-31 20:36:21.674  8274  8274 D MCAM_AnimationComposite: put, key 241, value FragmentBottomAction{fd6772c} (c4c5c8e9-cb78-464b-8769-cff0aee915fe)
08-31 20:36:21.674  8274  8274 D MCAM_AbstractFragment: load FragmentModeSelector by async inflater.
08-31 20:36:21.674  8274  8274 D MCAM_AnimationComposite: put, key 242, value FragmentModeSelector{ea855f5} (90abf076-3215-47f1-ae15-d5d89859ca72)
08-31 20:36:21.674  8274  8274 D MCAM_AbstractFragment: load FragmentZoomToggle by async inflater.
08-31 20:36:21.674  8274  8274 D MCAM_AnimationComposite: put, key 183, value FragmentZoomToggle{85b6f8a} (4a039426-30c4-4129-b9d8-ca6d5b435ee5)
08-31 20:36:21.674  8274  8274 D MCAM_AbstractFragment: load FragmentMainContent by async inflater.
08-31 20:36:21.674  8274  8351 D MCAM_ComponentRunningDualVideo: setRecordType: MERGED
08-31 20:36:21.674  8274  8274 D MCAM_AnimationComposite: put, key 243, value FragmentMainContent{9a6b9fb} (c04e56aa-47e0-4214-a5a3-27030e112478)
08-31 20:36:21.674  3991  4091 I Surface : Creating surface for consumer unnamed-3991-21 with slotExpansion=1 for 64 slots
08-31 20:36:21.675  8274  8274 D MCAM_ThermalDetector: onCreate
08-31 20:36:21.675  8274  8274 D MCAM_BatteryDetector: onCreate
08-31 20:36:21.675  8274  8274 D MCAM_StreamingController: onActivityCreate: Camera@179966371
08-31 20:36:21.675  8274  8274 I MCAM_PerformanceManager: [P_PERFORM]: Action: A1:createActivity_163_-1 takes 16 ms
08-31 20:36:21.675  8274  8274 D MCAM_Camera@179966371: IsMultiCamera: false
08-31 20:36:21.675  8274 21106 I MCAM_MIGLUtil: Config chosen: R8 G8 B8 A8 D0 S0 RT69 
08-31 20:36:21.675  3991  4091 I Surface : Creating surface for consumer VRI[camera]#16(BLAST Consumer)16 with slotExpansion=1 for 64 slots
08-31 20:36:21.675  8274 10607 W MCAM_DisplayHelper: Failed to read KEY_SCREEN_ZOOM_LEVEL settings android.provider.Settings$SettingNotFoundException: key_screen_zoom_level
08-31 20:36:21.676  8274  8274 I MCAM_Camera@179966371: [K_PROCESS]: onCreate end 179966371
08-31 20:36:21.676  8274  8274 D MCAM_BoostFrameworkImpl: stopBoost
08-31 20:36:21.676  8274  8274 D MCAM_BoostFrameworkImpl: ready to stop boost
08-31 20:36:21.676  8274  8274 D MCAM_ActivityBase: onCreate -
08-31 20:36:21.676  8274  8351 I MCAM_PermissionManager: getNeedCheckPermissionList() listSize =0
08-31 20:36:21.676  8274  8351 D MCAM_Camera2CompatAdapterRole: E: init()
08-31 20:36:21.676  8274  8351 D MCAM_Camera2CompatAdapterRole: E: reset()
08-31 20:36:21.676  8274  8351 D MCAM_Camera2CompatAdapterRole: X: reset()
08-31 20:36:21.676  8274 10607 E .android.camera: No package ID ff found for resource ID 0xffffffff.
08-31 20:36:21.676  8274 10607 E .android.camera: No package ID ff found for resource ID 0xffffffff.
08-31 20:36:21.676  8274 10607 E .android.camera: No package ID ff found for resource ID 0xffffffff.
08-31 20:36:21.676  8274  8351 D MCAM_Camera2CompatAdapter: getCameraIdList: standard way
08-31 20:36:21.676  8274  8351 D MCAM_Camera2CompatAdapter: getCameraIdList: cameraIdList=[], usableCameraIdNum=10
08-31 20:36:21.676  8274  8351 I MCAM_Camera2CompatAdapterRole: [K_PROCESS]: All available camera ids: []
08-31 20:36:21.676  8274  8351 W MCAM_Camera2CompatAdapterRole: Warning: getBokehCameraId(): #init() failed.
08-31 20:36:21.676  8274  8351 I MCAM_PermissionManager: getNeedCheckPermissionList() listSize =0
08-31 20:36:21.676  8274  8351 D MCAM_Camera2CompatAdapterRole: E: init()
08-31 20:36:21.676  8274  8351 D MCAM_Camera2CompatAdapterRole: E: reset()
08-31 20:36:21.676  8274  8351 D MCAM_Camera2CompatAdapterRole: X: reset()
08-31 20:36:21.677  8274 21106 D MCAM_CRE_EglOffscreenSurface: createOffscreenSurface -5476376637101080976
08-31 20:36:21.677  8274  8274 W MCAM_SensorSM@82996061: register fail because activity is not alive.
08-31 20:36:21.677  8274  8274 D MCAM_ExtraModuleManagerImpl: onCreate
08-31 20:36:21.677  8274  8274 D MCAM_CamLayoutManagerImpl@179966371: onCreate
08-31 20:36:21.677  8274 21106 D MCAM_CRE_GlHandlerThread: getEglCore: Current EGL: display = android.opengl.EGLDisplay@5578015; context = android.opengl.EGLContext@55566ef5
08-31 20:36:21.677  8274  8274 V MCAM_DisplayCommonPreviewRect: getDisplayRect:Rect(0, 474 - 1440, 2394),key：0
08-31 20:36:21.677  8274 21106 D MCAM_CRE_TextureProgram: initShader start, mTextureType:TEXTURE_OES
08-31 20:36:21.677  8274 21106 D MCAM_CRE_ShaderManager: createProgram type : 2
08-31 20:36:21.677  8274 21106 D MCAM_CRE_ShaderManager: ExistProgramCache in map , type : 2
08-31 20:36:21.677  8274 21106 D MCAM_CRE_MIGL: ShaderManager glCreateProgram: 1
08-31 20:36:21.677  8274  8274 D MCAM_DisplayRectFactory: create display : a, parameter : appBoundWidth:1440,appBoundHeight:3200,statusBarHeight:169,displayMode:NORMAL_MODE.
08-31 20:36:21.677  8274  8274 D MCAM_DisplayAdapter: create DisplayAdapter, param appBoundWidth:1440,appBoundHeight:3200,statusBarHeight:169,displayMode:NORMAL_MODE
08-31 20:36:21.677  8274  8274 V MCAM_DisplayCommonPreviewRect: getDisplayRect:Rect(0, 474 - 1440, 2394),key：0
08-31 20:36:21.677  8274  8274 D MCAM_CamLayoutAnimationMgr: startPreviewAnimation :Rect(0, 0 - -1, -1) -> Rect(0, 474 - 1440, 2394)
08-31 20:36:21.677  8274  8274 D MCAM_CamLayoutAnimationMgr: startPreviewAnimation skip caz src is empty.
08-31 20:36:21.677  8274  8274 D MCAM_CRE_PreviewRenderEngine: setFixedSurfaceView:false
08-31 20:36:21.677  8274  8274 D MCAM_CRE_PreviewRenderEngine: setPreviewDisplayArea:Rect(0, 474 - 1440, 2394)
08-31 20:36:21.677  8274  8274 D MCAM_STScreenNail: setDisplayArea Rect(0, 474 - 1440, 2394)
08-31 20:36:21.677  8274  8274 D MCAM_CameraScreenNail: setPreviewFrameLayoutSize: 1440x1920
08-31 20:36:21.677  8274  8274 D MCAM_DisplayRectFactory: create display : a, parameter : appBoundWidth:1440,appBoundHeight:3200,statusBarHeight:169,displayMode:NORMAL_MODE.
08-31 20:36:21.677  8274  8274 D MCAM_DisplayAdapter: create DisplayAdapter, param appBoundWidth:1440,appBoundHeight:3200,statusBarHeight:169,displayMode:NORMAL_MODE
08-31 20:36:21.677  8274  8274 D MCAM_DisplayRectFactory: create display : a, parameter : appBoundWidth:1440,appBoundHeight:3200,statusBarHeight:169,displayMode:NORMAL_MODE.
08-31 20:36:21.677  8274  8274 D MCAM_DisplayAdapter: create DisplayAdapter, param appBoundWidth:1440,appBoundHeight:3200,statusBarHeight:169,displayMode:NORMAL_MODE
08-31 20:36:21.677  8274  8274 E MCAM_ModuleUtil: com.android.camera.module.BaseModule.isDeviceAndModuleAlive(SourceFile:27), A.d.test(SourceFile:75), |device: invalid module: destroyed|alive
08-31 20:36:21.677  8274  8351 D MCAM_Camera2CompatAdapter: getCameraIdList: standard way
08-31 20:36:21.677  8274  8351 D MCAM_Camera2CompatAdapter: getCameraIdList: cameraIdList=[], usableCameraIdNum=10
08-31 20:36:21.677  8274  8351 I MCAM_Camera2CompatAdapterRole: [K_PROCESS]: All available camera ids: []
08-31 20:36:21.677  8274  8351 W MCAM_Camera2CompatAdapterRole: Warning: getMainBackCameraId(): #init() failed.
08-31 20:36:21.677  8274  8351 I MCAM_PermissionManager: getNeedCheckPermissionList() listSize =0
08-31 20:36:21.677  8274  8351 D MCAM_Camera2CompatAdapterRole: E: init()
08-31 20:36:21.677  8274  8351 D MCAM_Camera2CompatAdapterRole: E: reset()
08-31 20:36:21.677  8274  8351 D MCAM_Camera2CompatAdapterRole: X: reset()
08-31 20:36:21.677  8274 21106 D MCAM_CRE_MIGL: create Program id : 1
08-31 20:36:21.677  8274 21106 D MCAM_CRE_ShaderManager:  getProgramFromCache type : 2 Link program success size = 3495 format = 34624  programID : 1
08-31 20:36:21.677  8274 21106 D MCAM_CRE_ShaderManager: addProgramBinaryFromCache  type : 2
08-31 20:36:21.677  8274  8274 D MCAM_ActivityBase: onStart +179966371
08-31 20:36:21.677  8274  8274 D MCAM_BoostFrameworkImpl: startBoost: duration = 500, scene = 6
08-31 20:36:21.677  8274 21106 D MCAM_CRE_TextureProgram: initShader end, mProgram:1
08-31 20:36:21.678  8274  8274 D MCAM_BoostFrameworkImpl: ready to boost
08-31 20:36:21.678  8274 21106 D MCAM_CRE_TextureProgram: initShader start, mTextureType:TEXTURE_2D
08-31 20:36:21.678  8274 21106 D MCAM_CRE_ShaderManager: createProgram type : 1
08-31 20:36:21.678  8274 21106 D MCAM_CRE_ShaderManager: ExistProgramCache in map , type : 1
08-31 20:36:21.678  8274 21106 D MCAM_CRE_MIGL: ShaderManager glCreateProgram: 2
08-31 20:36:21.678  1711  2074 E PERFHAL-REQUEST: PERFHAL-REQUEST: Process() 398: Translate to physical failed
08-31 20:36:21.678  1711  2074 E PERFHAL-REQUEST: PERFHAL-REQUEST: Process() 398: Translate to physical failed
08-31 20:36:21.678  1711  2074 E PERFHAL-TARGETCONFIG: PERFHAL-TARGETCONFIG: getCoresInCluster() 86: Error: Invalid cluster id 3
08-31 20:36:21.678  1711  2074 E PERFHAL-REQUEST: PERFHAL-REQUEST: Process() 398: Translate to physical failed
08-31 20:36:21.678  8274  8351 D MCAM_Camera2CompatAdapter: getCameraIdList: standard way
08-31 20:36:21.678  1711  2074 E PERFHAL-TARGETCONFIG: PERFHAL-TARGETCONFIG: getCoresInCluster() 86: Error: Invalid cluster id 3
08-31 20:36:21.678  1711  2074 E PERFHAL-REQUEST: PERFHAL-REQUEST: Process() 398: Translate to physical failed
08-31 20:36:21.678  8274  8351 D MCAM_Camera2CompatAdapter: getCameraIdList: cameraIdList=[], usableCameraIdNum=10
08-31 20:36:21.678  8274  8274 D MCAM_Camera@179966371: onStart start
08-31 20:36:21.678  8274  8274 D MCAM_RenderEngineV2: onResume start
08-31 20:36:21.678  8274  8274 D MCAM_RenderEngineV2: onResume end
08-31 20:36:21.678  8274  8274 D MCAM_ActivityBase: registerAvailabilityCallback
08-31 20:36:21.678  8274  8351 I MCAM_Camera2CompatAdapterRole: [K_PROCESS]: All available camera ids: []
08-31 20:36:21.678  8274  8351 D MCAM_Camera2CompatAdapter: Warning: getCapabilities(): #init() failed.
08-31 20:36:21.678  8274  8351 D MCAM_FeatureUtil: get CvLens version from tag: 0
08-31 20:36:21.678  8274  8351 D LivePhotoImp: isDeviceSupportLivePhoto isSupportByMeminfo false
08-31 20:36:21.678  8274  8274 D MCAM_StreamingController: onActivityStart: Camera@179966371
08-31 20:36:21.678  8274 21106 D MCAM_CRE_MIGL: create Program id : 2
08-31 20:36:21.678  8274  8351 D MCAM_LGal_GalleryContainerManager: setInTimerBurstShotting inTimerBurstShotting: false, fromComplete: false, mIsInTimerBurstShotting: false, mTimerBurstItems.size(): 0, CameraSettings.getTimerBurstTotalCount(): 30
08-31 20:36:21.678  8274 21106 D MCAM_CRE_ShaderManager:  getProgramFromCache type : 1 Link program success size = 3227 format = 34624  programID : 2
08-31 20:36:21.678  8274 21106 D MCAM_CRE_ShaderManager: addProgramBinaryFromCache  type : 1
08-31 20:36:21.678  8274  8351 D MCAM_TimerBurstController: setInTimerBurstShotting: false
08-31 20:36:21.678  8274 21106 D MCAM_CRE_TextureProgram: initShader end, mProgram:2
08-31 20:36:21.678  8274  8274 D MCAM_Camera@179966371: onStart end, ds= true
08-31 20:36:21.678  8274  8274 D MCAM_Camera@179966371: original density = 560 original default density = 560 dynamic density = 586
08-31 20:36:21.678  8274  8274 D MCAM_Camera@179966371: original smallest width = 411 dynamic smallest width = 393
08-31 20:36:21.678  8274  8274 D MCAM_Camera@179966371: configuration = {1.0469677 206mcc20mnc [en_US_#u-ms-metric-mu-celsius] ldltr sw411dp w411dp h914dp 586dpi nrml long compactNeeded hdr widecg port finger -keyb/v/h -nav/h winConfig={ mBounds=Rect(0, 0 - 1440, 3200) mAppBounds=Rect(0, 0 - 1440, 3200) mMaxBounds=Rect(0, 0 - 1440, 3200) mDisplayRotation=ROTATION_0 mWindowingMode=fullscreen mActivityType=standard mAlwaysOnTop=undefined mRotation=ROTATION_0} s.2 fontWeightAdjustment=0}
08-31 20:36:21.678  8274  8274 D MCAM_BoostFrameworkImpl: stopBoost
08-31 20:36:21.678  8274  8274 D MCAM_BoostFrameworkImpl: ready to stop boost
08-31 20:36:21.678  8274  8351 D MCAM_SmartCompositionManager: setSmartCompositionRefreshing: false
08-31 20:36:21.678  8274 21106 D MCAM_CRE_PreviewRenderEngine: Add inner global renderer af.s@d9617eb isFirst false
08-31 20:36:21.678  8274  8274 D MCAM_ActivityBase: onStart -
08-31 20:36:21.678  8274  8351 I MCAM_PermissionManager: getNeedCheckPermissionList() listSize =0
08-31 20:36:21.678  8274 21106 D MCAM_CRE_ShaderManager: createProgram type : 6
08-31 20:36:21.678  8274  8351 D MCAM_Camera2CompatAdapterRole: E: init()
08-31 20:36:21.678  8274 21106 D MCAM_CRE_ShaderManager: ExistProgramCache in map , type : 6
08-31 20:36:21.678  8274  8351 D MCAM_Camera2CompatAdapterRole: E: reset()
08-31 20:36:21.678  8274  8351 D MCAM_Camera2CompatAdapterRole: X: reset()
08-31 20:36:21.678  8274 21106 D MCAM_CRE_MIGL: ShaderManager glCreateProgram: 3
08-31 20:36:21.678  8274  8274 D MCAM_ExtraModuleManagerImpl: onStart
08-31 20:36:21.678  8274  8469 D MCAM_BaseActivityViewModel: enableOrientationObserver
08-31 20:36:21.678  8274  8274 D MCAM_CamLayoutManagerImpl@179966371: onStart 1788201381678, sTimeOutLastTime 1788201381677
08-31 20:36:21.678  8274  8274 D MCAM_CamLayoutManagerImpl@179966371: updateLayout false, type INIT, s.1 LayoutBuilder{mLayoutMode=NORMAL_MODE, mScreenRotation=0, mFacingFront=false, mUiStyle=0, mModeId=163, mWholeArea=Rect(0, 0 - 1440, 3200)} -> LayoutBuilder{mLayoutMode=NORMAL_MODE, mScreenRotation=0, mFacingFront=false, mUiStyle=0, mModeId=163, mWholeArea=Rect(0, 0 - 1440, 3200)}
08-31 20:36:21.678  8274  8351 D MCAM_Camera2CompatAdapter: getCameraIdList: standard way
08-31 20:36:21.678  8274  8274 D MCAM_CamLayoutManagerImpl@179966371: updateLayout s.3 layout NormalLayout{mWholeArea=Rect(0, 0 - 1440, 3200), mPreviewArea=Rect(0, 0 - 1440, 3200), mGalleryArea=Rect(0, 0 - 1440, 3200), mControlArea=Rect(0, 0 - 1440, 3200)} , needReset2TargetMode false, gallery opened false, laptop switch false
08-31 20:36:21.678  8274  8351 D MCAM_Camera2CompatAdapter: getCameraIdList: cameraIdList=[], usableCameraIdNum=10
08-31 20:36:21.678  8274  8351 I MCAM_Camera2CompatAdapterRole: [K_PROCESS]: All available camera ids: []
08-31 20:36:21.678  8274  8274 D MCAM_DisplayAdapter: create DisplayAdapter, param appBoundWidth:1440,appBoundHeight:3200,statusBarHeight:169,displayMode:NORMAL_MODE
08-31 20:36:21.678  8274  8274 D MCAM_Display: initExtra DisplayAdapter{mKey='179966371,DisplayMode='NORMAL_MODE'}
08-31 20:36:21.678  8274  8351 W MCAM_Camera2CompatAdapterRole: Warning: getMainBackCameraId(): #init() failed.
08-31 20:36:21.678  8274  8351 I MCAM_PermissionManager: getNeedCheckPermissionList() listSize =0
08-31 20:36:21.678  8274  8351 D MCAM_Camera2CompatAdapterRole: E: init()
08-31 20:36:21.678  8274  8351 D MCAM_Camera2CompatAdapterRole: E: reset()
08-31 20:36:21.678  8274  8351 D MCAM_Camera2CompatAdapterRole: X: reset()
08-31 20:36:21.678  8274 21106 D MCAM_CRE_MIGL: create Program id : 3
08-31 20:36:21.678  8274 21106 D MCAM_CRE_ShaderManager:  getProgramFromCache type : 6 Link program success size = 2950 format = 34624  programID : 3
08-31 20:36:21.678  8274 21106 D MCAM_CRE_ShaderManager: addProgramBinaryFromCache  type : 6
08-31 20:36:21.678  8274 21106 D MCAM_CRE_ShaderManager: createProgram type : 6
08-31 20:36:21.678  8274 21106 D MCAM_CRE_ShaderManager: ExistProgramCache in map , type : 6
08-31 20:36:21.678  8274 21106 D MCAM_CRE_MIGL: ShaderManager glCreateProgram: 4
08-31 20:36:21.678  8274  8274 V MCAM_DisplayCommonPreviewRect: getDisplayRect:Rect(0, 474 - 1440, 2394),key：0
08-31 20:36:21.678  8274  8274 D MCAM_DisplayRectFactory: create display : a, parameter : appBoundWidth:1440,appBoundHeight:3200,statusBarHeight:169,displayMode:NORMAL_MODE.
08-31 20:36:21.678  8274  8274 D MCAM_DisplayAdapter: create DisplayAdapter, param appBoundWidth:1440,appBoundHeight:3200,statusBarHeight:169,displayMode:NORMAL_MODE
08-31 20:36:21.678  8274  8274 V MCAM_DisplayCommonPreviewRect: getDisplayRect:Rect(0, 474 - 1440, 2394),key：0
08-31 20:36:21.678  8274  8274 D MCAM_CamLayoutAnimationMgr: startPreviewAnimation :Rect(0, 474 - 1440, 2394) -> Rect(0, 474 - 1440, 2394)
08-31 20:36:21.678  8274  8274 D MCAM_CamLayoutAnimationMgr: startPreviewAnimation skip s1 caz src == dst.
08-31 20:36:21.678  8274  8274 D MCAM_CRE_PreviewRenderEngine: setFixedSurfaceView:false
08-31 20:36:21.678  8274  8274 D MCAM_CRE_PreviewRenderEngine: setPreviewDisplayArea:Rect(0, 474 - 1440, 2394)
08-31 20:36:21.678  8274  8274 D MCAM_STScreenNail: setDisplayArea Rect(0, 474 - 1440, 2394)
08-31 20:36:21.678  8274  8274 D MCAM_CameraScreenNail: setPreviewFrameLayoutSize: 1440x1920
08-31 20:36:21.679  8274  8274 D MCAM_DisplayRectFactory: create display : a, parameter : appBoundWidth:1440,appBoundHeight:3200,statusBarHeight:169,displayMode:NORMAL_MODE.
08-31 20:36:21.679  8274  8274 D MCAM_DisplayAdapter: create DisplayAdapter, param appBoundWidth:1440,appBoundHeight:3200,statusBarHeight:169,displayMode:NORMAL_MODE
08-31 20:36:21.679  8274  8274 D MCAM_DisplayRectFactory: create display : a, parameter : appBoundWidth:1440,appBoundHeight:3200,statusBarHeight:169,displayMode:NORMAL_MODE.
08-31 20:36:21.679  8274  8274 D MCAM_DisplayAdapter: create DisplayAdapter, param appBoundWidth:1440,appBoundHeight:3200,statusBarHeight:169,displayMode:NORMAL_MODE
08-31 20:36:21.679  8274  8274 E MCAM_ModuleUtil: com.android.camera.module.BaseModule.isDeviceAndModuleAlive(SourceFile:27), A.d.test(SourceFile:75), |device: invalid module: destroyed|alive
08-31 20:36:21.679  8274  8274 D MCAM_ActivityBase: onResume +179966371
08-31 20:36:21.679  8274  8274 I MCAM_PerformanceManager: [P_PERFORM]: Action: [WMS]onStart_2_onResume_179966371_163_-1 takes 1 ms
08-31 20:36:21.679  8274  8274 D MCAM_BoostFrameworkImpl: startBoost: duration = 500, scene = 6
08-31 20:36:21.679  8274  8274 D MCAM_BoostFrameworkImpl: ready to boost
08-31 20:36:21.679  1711  2074 E PERFHAL-REQUEST: PERFHAL-REQUEST: Process() 398: Translate to physical failed
08-31 20:36:21.679  8274  8274 D MCAM_CameraIntentManager: canUseLocationPermission from launcher !isImageCaptureIntent&&!isVideoCaptureIntent is true
08-31 20:36:21.679  8274  8274 D MCAM_Camera@179966371: onResume start
08-31 20:36:21.679  1711  2074 E PERFHAL-REQUEST: PERFHAL-REQUEST: Process() 398: Translate to physical failed
08-31 20:36:21.679  8274  8274 I MCAM_Camera@179966371: [P_PERFORM]: checkPermissionAndCTA E   
08-31 20:36:21.679  1711  2074 E PERFHAL-TARGETCONFIG: PERFHAL-TARGETCONFIG: getCoresInCluster() 86: Error: Invalid cluster id 3
08-31 20:36:21.679  1711  2074 E PERFHAL-REQUEST: PERFHAL-REQUEST: Process() 398: Translate to physical failed
08-31 20:36:21.679  1711  2074 E PERFHAL-TARGETCONFIG: PERFHAL-TARGETCONFIG: getCoresInCluster() 86: Error: Invalid cluster id 3
08-31 20:36:21.679  1711  2074 E PERFHAL-REQUEST: PERFHAL-REQUEST: Process() 398: Translate to physical failed
08-31 20:36:21.679  8274  8274 D MCAM_SystemSettingsUtils: isTurnOnInvisibleMode: 
08-31 20:36:21.679  8274  8274 D MCAM_SystemSettingsUtils: isTurnOnInvisibleMode: 
08-31 20:36:21.679  8274  8274 I MCAM_PermissionManager: getNeedCheckPermissionList() listSize =0
08-31 20:36:21.679  8274  8351 D MCAM_Camera2CompatAdapter: getCameraIdList: standard way
08-31 20:36:21.679  8274  8274 D MCAM_GlobalUtil: isFromThirdParty  false
08-31 20:36:21.679  8274  8274 I MCAM_PermissionManager: getNeedCheckPermissionList() listSize =0
08-31 20:36:21.679  8274  8274 I MCAM_PermissionManager: checkCameraLocationPermissions(), all on
08-31 20:36:21.679  8274  8274 I MCAM_Camera@179966371: [P_PERFORM]: checkPermissionAndCTA X
08-31 20:36:21.679  8274  8351 D MCAM_Camera2CompatAdapter: getCameraIdList: cameraIdList=[], usableCameraIdNum=10
08-31 20:36:21.679  8274  8351 I MCAM_Camera2CompatAdapterRole: [K_PROCESS]: All available camera ids: []
08-31 20:36:21.679  8274  8274 D FirebaseSessions: App foregrounded on com.android.camera
08-31 20:36:21.679  8274  8351 W MCAM_ActualOpenCameraId: getActualOpenCameraId: #init failed. -1
08-31 20:36:21.679  8274  8351 I MCAM_PermissionManager: getNeedCheckPermissionList() listSize =0
08-31 20:36:21.679  8274  8351 D MCAM_Camera2CompatAdapterRole: E: init()
08-31 20:36:21.679  8274  8351 D MCAM_Camera2CompatAdapterRole: E: reset()
08-31 20:36:21.679  8274  8274 D FirebaseSessions: Session 525ca9eb3d134bdab9d805956c832ae1 is expired
08-31 20:36:21.679  8274  8351 D MCAM_Camera2CompatAdapterRole: X: reset()
08-31 20:36:21.679  8274 21106 D MCAM_CRE_MIGL: create Program id : 4
08-31 20:36:21.679  8274 21106 D MCAM_CRE_ShaderManager:  getProgramFromCache type : 6 Link program success size = 2950 format = 34624  programID : 4
08-31 20:36:21.679  8274 21106 D MCAM_CRE_ShaderManager: addProgramBinaryFromCache  type : 6
08-31 20:36:21.679  8274 21106 D MCAM_CRE_ShaderManager: createProgram type : 15
08-31 20:36:21.679  8274 21106 D MCAM_CRE_ShaderManager: ExistProgramCache in map , type : 15
08-31 20:36:21.679  8274 21106 D MCAM_CRE_MIGL: ShaderManager glCreateProgram: 5
08-31 20:36:21.680  8274  8351 D MCAM_Camera2CompatAdapter: getCameraIdList: standard way
08-31 20:36:21.680  8274 21106 D MCAM_CRE_MIGL: create Program id : 5
08-31 20:36:21.680  8274 21106 D MCAM_CRE_ShaderManager:  getProgramFromCache type : 15 Link program success size = 2475 format = 34624  programID : 5
08-31 20:36:21.680  8274  8351 D MCAM_Camera2CompatAdapter: getCameraIdList: cameraIdList=[], usableCameraIdNum=10
08-31 20:36:21.680  8274 21106 D MCAM_CRE_ShaderManager: addProgramBinaryFromCache  type : 15
08-31 20:36:21.680  8274  8351 I MCAM_Camera2CompatAdapterRole: [K_PROCESS]: All available camera ids: []
08-31 20:36:21.680  8274 21106 D MCAM_CRE_MIGL: GLUtils glGenTextures: 1
08-31 20:36:21.680  8274  8351 D MCAM_Camera2CompatAdapter: Warning: getCapabilities(): #init() failed.
08-31 20:36:21.680  8274  8351 W MCAM_FunctionCameraPrepare: reInitComponent CameraCapabilities is null
08-31 20:36:21.680  8274 21106 D MCAM_CRE_SurfaceTextureWrapper: Create camera surface texture:android.graphics.SurfaceTexture@5a98e19 timestamp:1788201381671
08-31 20:36:21.680  8274 21106 D MCAM_CRE_PreviewRenderer: setFixedSurfaceView:false
08-31 20:36:21.680  8274 21106 D MCAM_CRE_PreviewRenderer: setPreviewAreaParams Rect(0, 474 - 1440, 2394)
08-31 20:36:21.680  8274 21106 D MCAM_CRE_PreviewRenderer: setFixedSurfaceView:false
08-31 20:36:21.680  8274  8351 I MCAM_PerformanceManager: [P_PERFORM]: Action: A2:switch_camera_prepare_163_-1 takes 6 ms
08-31 20:36:21.680  8274 21106 D MCAM_CRE_PreviewRenderer: setPreviewAreaParams Rect(0, 474 - 1440, 2394)
08-31 20:36:21.680  8274 10607 D MCAM_ZoomRatioToggleView: setVisibility(): GONEandroid.view.LayoutInflater.parseInclude(LayoutInflater.java:1162), android.view.LayoutInflater.rInflate(LayoutInflater.java:1008), android.view.LayoutInflater.rInflateChildren(LayoutInflater.java:973), android.view.LayoutInflater.rInflate(LayoutInflater.java:1016), android.view.LayoutInflater.rInflateChildren(LayoutInflater.java:973), android.view.LayoutInflater.inflate(LayoutInflater.java:571), android.view.LayoutInflater.inflate(LayoutInflater.java:462), A8.a$c.run(SourceFile:19), <bottom of call stack>, <bottom of call stack>, <bottom of call stack>, <bottom of call stack>, <bottom of call stack>, <bottom of call stack>, <bottom of call stack>, <bottom of call stack>, <bottom of call stack>, <bottom of call stack>, <bottom of call stack>, <bottom of call stack>, 
08-31 20:36:21.680  8274  8351 I MCAM_PermissionManager: getNeedCheckPermissionList() listSize =0
08-31 20:36:21.680  8274  8351 D MCAM_Camera2CompatAdapterRole: E: init()
08-31 20:36:21.680  8274  8351 D MCAM_Camera2CompatAdapterRole: E: reset()
08-31 20:36:21.680  8274  8351 D MCAM_Camera2CompatAdapterRole: X: reset()
08-31 20:36:21.680  8274  8274 D AutofillManager: Fill dialog is enabled:false, hints=[]
08-31 20:36:21.680  8274  8274 D MCAM_HandleDetectorImpl: setListener: 
08-31 20:36:21.680  8274  8274 D MCAM_Camera@179966371: onResume start
08-31 20:36:21.680  8274  8274 D MCAM_Camera@179966371: resume in MultiWindowMode false
08-31 20:36:21.680  8274  8351 D MCAM_Camera2CompatAdapter: getCameraIdList: standard way
08-31 20:36:21.680  8274  8351 D MCAM_Camera2CompatAdapter: getCameraIdList: cameraIdList=[], usableCameraIdNum=10
08-31 20:36:21.680  8274  8351 I MCAM_Camera2CompatAdapterRole: [K_PROCESS]: All available camera ids: []
08-31 20:36:21.680  8274  8274 D MCAM_ActivityBase: isCameraAliveWhenResume: releaseByModule: false, isModuleAlive: false, isCameraDevicesAlive: false
08-31 20:36:21.680  8274  8351 W MCAM_Camera2CompatAdapterRole: Warning: getMainBackCameraId(): #init() failed.
08-31 20:36:21.680  8274  8351 I MCAM_PermissionManager: getNeedCheckPermissionList() listSize =0
08-31 20:36:21.680  8274  8351 D MCAM_Camera2CompatAdapterRole: E: init()
08-31 20:36:21.680  8274  8351 D MCAM_Camera2CompatAdapterRole: E: reset()
08-31 20:36:21.680  8274  8351 D MCAM_Camera2CompatAdapterRole: X: reset()
08-31 20:36:21.680  8274  8274 D MCAM_RenderEngineV2: getAnimationResult: ANIMATION_LAST_FRAME_BLUR
08-31 20:36:21.680  8274  8393 D FirebaseSessions: Session 525ca9eb3d134bdab9d805956c832ae1 is expired
08-31 20:36:21.680  8274  8274 D MCAM_DisplayHelper: is display size change:false
08-31 20:36:21.680  8274  8274 D MCAM_ViewUtil: clearRotationAnimation
08-31 20:36:21.680  8274  8274 V MCAM_ActivityBase: checkGalleryLock: galleryLocked=false
08-31 20:36:21.680  8274  8274 D MCAM_CameraIntentManager: start activity when locked: false
08-31 20:36:21.680  8274  8274 D MCAM_ActivityBase: checkKeyguard: setShowWhenLocked:false
08-31 20:36:21.680  8274  8274 D MCAM_CameraIntentManager: start activity when locked: false
08-31 20:36:21.680  8274  8274 V MCAM_ActivityBase: checkKeyguard: isLockScreenLaunch=false, isOnLockScreen=false, secureUriList is null
08-31 20:36:21.680  8274  8274 V MCAM_CameraBrightness: onResume adjustBrightness
08-31 20:36:21.680  3042  4747 D ActivityManager: sync unfroze 5716 com.google.android.gms for 6
08-31 20:36:21.681  8274  8274 D VolumeCompat: getSdcardPath: sdcardVolume = null
08-31 20:36:21.681  8274  8274 D MCAM_FileCompat: updateSDPath: activePath = null
08-31 20:36:21.681  8274  8274 D VolumeCompat: getSdcardPath: sdcardVolume = null
08-31 20:36:21.681  8274  8274 V MCAM_Storage: initStorage sd=null
08-31 20:36:21.681  8274  8351 D MCAM_Camera2CompatAdapter: getCameraIdList: standard way
08-31 20:36:21.681  8274  8351 D MCAM_Camera2CompatAdapter: getCameraIdList: cameraIdList=[], usableCameraIdNum=10
08-31 20:36:21.681  8274  8274 D MCAM_Camera@179966371: resumeCamera: E
08-31 20:36:21.681  8274  8351 I MCAM_Camera2CompatAdapterRole: [K_PROCESS]: All available camera ids: []
08-31 20:36:21.681  8274  8351 W MCAM_ActualOpenCameraId: getActualOpenCameraId: #init failed. -1
08-31 20:36:21.681  8274  8274 D MCAM_Camera@179966371: resumeCamera: isSwitchingModule() : true &&  getDisplayFoldState() : true: 
08-31 20:36:21.681  8274  8351 D MCAM_Camera2OpenOnSubScribe: subscribe: request to open bogusCameraId=0, actualCameraId=-1
08-31 20:36:21.681  8274  8274 D MCAM_DragEventBusImpl: addOnDragListener: Camera@179966371
08-31 20:36:21.681  8274  8274 D MCAM_ThermalDetector: registerReceiver
08-31 20:36:21.681  8274  8351 I MCAM_PermissionManager: getNeedCheckPermissionList() listSize =0
08-31 20:36:21.681  8274  8351 D MCAM_Camera2CompatAdapterRole: E: init()
08-31 20:36:21.681  8274  8351 D MCAM_Camera2CompatAdapterRole: E: reset()
08-31 20:36:21.681  8274  8351 D MCAM_Camera2CompatAdapterRole: X: reset()
08-31 20:36:21.681  8274  8274 V MCAM_ImageSaver: onHostResume: isCapture=false
08-31 20:36:21.681  1690  1690 I sensors-hal: flush:170, android.sensor.accelerometer/11
08-31 20:36:21.681  8274  8274 D MCAM_SystemSettingsUtils: isTurnOnInvisibleMode: 
08-31 20:36:21.681  8274  8274 I MCAM_PermissionManager: getNeedCheckPermissionList() listSize =0
08-31 20:36:21.681  8274  8274 D MCAM_Camera@179966371: showGuide: isCtsCall = false
08-31 20:36:21.681  1690  1690 I sensors-hal: send_sync_sensor_request:471, send sync request
08-31 20:36:21.681  8274  8274 D MCAM_GuideManager: init: state = 2
08-31 20:36:21.681  8274  8274 D MCAM_StreamingController: onActivityResume: Camera@179966371
08-31 20:36:21.681  8274 21128 D MCAM_ActivityBase: showBlurCover: blur bitmap from user blur file, and bitmap is not null.
08-31 20:36:21.681  8274  8274 D MCAM_DualScreenManager: is fromThirdApp : false
08-31 20:36:21.681  1690  1690 I sensors-hal: send_sync_sensor_request:500, wait for notification of response
08-31 20:36:21.681  8274  8274 D MCAM_Camera@179966371: onResume end
08-31 20:36:21.681  8274  8274 I MCAM_PerformanceManager: [P_PERFORM]: Action: resumeActivity@179966371_163_-1 takes 2 ms
08-31 20:36:21.681  8274  8274 D MCAM_Camera@179966371: onResume end
08-31 20:36:21.681  8274 21105 V MCAM_Camera@179966371: [WTP]notifyCameraResume: E
08-31 20:36:21.681  8274  8401 D FirebaseSessions: Notified CRASHLYTICS of new session aacd1d3211624981bb2e2f446002c690
08-31 20:36:21.681  8274 21105 D MCAM_SendBroadcastNotifyExternal: notify external(status: start_foreground, displayId: 0)
08-31 20:36:21.681  8274  8274 D MCAM_ActivityBase: onResume - version: G6.4.000430.0 buildType: release
08-31 20:36:21.681  8274 21107 V MCAM_Camera@179966371: [WTP]initShortcut: E
08-31 20:36:21.681  8274  8274 W MCAM_GalleryUtil: failed to find package
08-31 20:36:21.681  8274  8274 W MCAM_GalleryUtil: android.content.pm.PackageManager$NameNotFoundException: com.miui.gallery
08-31 20:36:21.681  8274  8274 W MCAM_GalleryUtil: 	at android.app.ApplicationPackageManager.getApplicationInfoAsUser(ApplicationPackageManager.java:554)
08-31 20:36:21.681  8274  8274 W MCAM_GalleryUtil: 	at android.app.ApplicationPackageManager.getApplicationInfo(ApplicationPackageManager.java:537)
08-31 20:36:21.681  8274  8274 W MCAM_GalleryUtil: 	at android.app.ApplicationPackageManager.getApplicationInfo(ApplicationPackageManager.java:531)
08-31 20:36:21.681  8274  8274 W MCAM_GalleryUtil: 	at C9.d.b(SourceFile:45)
08-31 20:36:21.681  8274  8274 W MCAM_GalleryUtil: 	at com.android.camera.ActivityBase.onResume(SourceFile:213)
08-31 20:36:21.681  8274  8274 W MCAM_GalleryUtil: 	at android.app.Instrumentation.callActivityOnResume(Instrumentation.java:1742)
08-31 20:36:21.681  8274  8274 W MCAM_GalleryUtil: 	at android.app.Activity.performResume(Activity.java:9500)
08-31 20:36:21.681  8274  8274 W MCAM_GalleryUtil: 	at android.app.ActivityThread.performResumeActivity(ActivityThread.java:5966)
08-31 20:36:21.681  8274  8274 W MCAM_GalleryUtil: 	at android.app.ActivityThread.handleResumeActivity(ActivityThread.java:6009)
08-31 20:36:21.681  8274  8274 W MCAM_GalleryUtil: 	at android.app.servertransaction.ResumeActivityItem.execute(ResumeActivityItem.java:73)
08-31 20:36:21.681  8274  8274 W MCAM_GalleryUtil: 	at android.app.servertransaction.ActivityTransactionItem.execute(ActivityTransactionItem.java:63)
08-31 20:36:21.681  8274  8274 W MCAM_GalleryUtil: 	at android.app.servertransaction.TransactionExecutor.executeLifecycleItem(TransactionExecutor.java:169)
08-31 20:36:21.681  8274  8274 W MCAM_GalleryUtil: 	at android.app.servertransaction.TransactionExecutor.executeTransactionItems(TransactionExecutor.java:101)
08-31 20:36:21.681  8274  8274 W MCAM_GalleryUtil: 	at android.app.servertransaction.TransactionExecutor.execute(TransactionExecutor.java:80)
08-31 20:36:21.681  8274  8274 W MCAM_GalleryUtil: 	at android.app.ActivityThread$H.handleMessage(ActivityThread.java:3035)
08-31 20:36:21.681  8274  8274 W MCAM_GalleryUtil: 	at android.os.Handler.dispatchMessageImpl(Handler.java:142)
08-31 20:36:21.681  8274  8274 W MCAM_GalleryUtil: 	at android.os.Handler.dispatchMessage(Handler.java:125)
08-31 20:36:21.681  8274  8274 W MCAM_GalleryUtil: 	at android.os.Looper.loopOnce(Looper.java:296)
08-31 20:36:21.681  8274  8274 W MCAM_GalleryUtil: 	at android.os.Looper.loop(Looper.java:397)
08-31 20:36:21.681  8274  8274 W MCAM_GalleryUtil: 	at android.app.ActivityThread.main(ActivityThread.java:9583)
08-31 20:36:21.681  8274  8274 W MCAM_GalleryUtil: 	at java.lang.reflect.Method.invoke(Native Method)
08-31 20:36:21.681  8274  8274 W MCAM_GalleryUtil: 	at com.android.internal.os.RuntimeInit$MethodAndArgsCaller.run(RuntimeInit.java:575)
08-31 20:36:21.681  8274  8274 W MCAM_GalleryUtil: 	at com.android.internal.os.ZygoteInit.main(ZygoteInit.java:945)
08-31 20:36:21.681  8274  8274 I MCAM_ActivityBase: onResume - camera ppp: 5 gallery ppp: 4
08-31 20:36:21.681  8274  8274 D MCAM_BoostFrameworkImpl: stopBoost
08-31 20:36:21.681  8274  8274 D MCAM_BoostFrameworkImpl: ready to stop boost
08-31 20:36:21.682  8274  8274 E MCAM_SensorSM@82996061: mSensorRegistered has contain sensorList: 0
08-31 20:36:21.682  8274  8274 D MCAM_HeapMemoryManager: checkUsedMemory is called by Camera_onResume
08-31 20:36:21.682  8274  8274 D MCAM_HeapMemoryManager: jvm:{maxMemory:524288, totalMemory:66469, freeMemory:46011, usedMemory:20458, availableMemory:503830, javaUsedRate:3%}
08-31 20:36:21.682  8274  8274 D MCAM_HeapMemoryManager: commonCache:{ByteArrayPool: 0}
08-31 20:36:21.682  8274  8274 D MCAM_HeapMemoryManager: ParallelTaskMaps:{"ParallelTaskDataConverter": {"mParallelItemCacheMap": 0, "cacheSize": 0},"OfflineImageDataZipper": 0,"ParallelDataZipper": workThread is already print,"MockCameraImageReceiver": [{"mMockCameraID": 8, "mResultImageDataHashMapSize": 0}, {"mMockCameraID": 9, "mResultImageDataHashMapSize": 0}],"MIVICaptureManagerImpl": {"mParallelTaskHashMap": 0_, "byteSize": 0}}
08-31 20:36:21.682  8274  8274 D MCAM_HeapMemoryManager: mUsedMemory is released
08-31 20:36:21.682  8274  8351 D MCAM_Camera2CompatAdapter: getCameraIdList: standard way
08-31 20:36:21.682  1690 20052 I sensors-hal: qsh_conn_resp_cb:825, resp_value = 0 for accel 
08-31 20:36:21.682  8274  8351 D MCAM_Camera2CompatAdapter: getCameraIdList: cameraIdList=[], usableCameraIdNum=10
08-31 20:36:21.682  8274  8351 I MCAM_Camera2CompatAdapterRole: [K_PROCESS]: All available camera ids: []
08-31 20:36:21.682  8274  8351 I MCAM_Camera2OpenManager: [K_PROCESS]: openCamera: cid: -1 -> -1, mid: 163 -> 163, exclusions: [-1]
08-31 20:36:21.682  8274  8351 D MCAM_Camera2OpenManager: removeCameraCallables
08-31 20:36:21.682  8274  8351 D MCAM_CameraService: closeCamera addCameraCallable
08-31 20:36:21.682  8274  8351 D MCAM_Camera2OpenManager: subscribeCameraResultObservable: E
08-31 20:36:21.682  8274  8274 D MCAM_ExtraModuleManagerImpl: onResume
08-31 20:36:21.682  8274  8274 D MCAM_CamLayoutManagerImpl@179966371: onResume
08-31 20:36:21.682  8274  8274 D MCAM_AutoLockManager: onResume: 
08-31 20:36:21.682  8274  8351 D MCAM_Camera2OpenOnSubScribe: onSubscribe
08-31 20:36:21.682  8274  8468 D MCAM_CloseCameraCallable: E: cid: null
08-31 20:36:21.682  8274  8468 I MCAM_CloseCameraCallable: [K_PROCESS]: E: closeCamera: cid = null, excludes = [-1], deviceHashes = []
08-31 20:36:21.682  8274  8468 I MCAM_CloseCameraCallable: [K_PROCESS]: X: closeCamera: cid = null, excludes = [-1]
08-31 20:36:21.682  8274  8468 D MCAM_CloseCameraCallable: X: cid: null (dur: 0)
08-31 20:36:21.682  8274  8468 D MCAM_CloseCameraCallable: postCallback
08-31 20:36:21.682  8274  8351 D MCAM_Camera2OpenManager: subscribeCameraResultObservable: X
08-31 20:36:21.682  8274  8351 D MCAM_CameraOpenObservable: subscribeActual: openCamera: cid = -1, listener = 166298947
08-31 20:36:21.682  8274  8351 D MCAM_CameraService: openCamera addCameraCallable cameraId = -1
08-31 20:36:21.682  8274  8351 I MCAM_PerformanceManager: [P_PERFORM]: Action: A3:switch_camera_2_open_163_-1 takes 2 ms
08-31 20:36:21.682  8274  8351 D MCAM_CloseCameraCallable: Success: cid: null (dur: 0)
08-31 20:36:21.682  8274  8468 D MCAM_OpenCameraCallable: E: cid: -1
08-31 20:36:21.682  8274 21097 V MCAM_AutoLockManager: [WTP]updateScreenOffTimeout: E
08-31 20:36:21.682  8274  8468 I MCAM_PermissionManager: getNeedCheckPermissionList() listSize =0
08-31 20:36:21.682  8274  8468 D MCAM_Camera2CompatAdapterRole: E: init()
08-31 20:36:21.682  8274  8468 D MCAM_Camera2CompatAdapterRole: E: reset()
08-31 20:36:21.682  8274  8468 D MCAM_Camera2CompatAdapterRole: X: reset()
08-31 20:36:21.682  8274 21097 V MCAM_AutoLockManager: [WTP]updateScreenOffTimeout: X
08-31 20:36:21.682  1690  1690 I sensors-hal: send_sync_sensor_request:506, takes 0 ms to receive the response with 0
08-31 20:36:21.682  1690  1690 I sensors-hal: flush:176, android.sensor.accelerometer/11 completed
08-31 20:36:21.682  8274  8468 D MCAM_Camera2CompatAdapter: getCameraIdList: standard way
08-31 20:36:21.682  8274  8468 D MCAM_Camera2CompatAdapter: getCameraIdList: cameraIdList=[], usableCameraIdNum=10
08-31 20:36:21.682  8274  8468 I MCAM_Camera2CompatAdapterRole: [K_PROCESS]: All available camera ids: []
08-31 20:36:21.682  8274  8468 D MCAM_OpenCameraCallable: Camera2 Compat Adapter is not initialized, camera id is -1
08-31 20:36:21.682  8274  8468 D MCAM_OpenCameraCallable: X: cid: -1 (dur: 1)
08-31 20:36:21.682  8274  8468 D MCAM_OpenCameraCallable: postCallback
08-31 20:36:21.682  8274  8351 W MCAM_OpenCameraCallable: Failure: cid: -1 (dur: 1)
08-31 20:36:21.682  8274  8351 W MCAM_OpenCameraCallable: java.lang.RuntimeException: not to open camera when not initialize camera list.
08-31 20:36:21.682  8274  8351 W MCAM_OpenCameraCallable: 	at oa.e.a(SourceFile:41)
08-31 20:36:21.682  8274  8351 W MCAM_OpenCameraCallable: 	at na.b.handleMessage(SourceFile:38)
08-31 20:36:21.682  8274  8351 W MCAM_OpenCameraCallable: 	at android.os.Handler.dispatchMessageImpl(Handler.java:138)
08-31 20:36:21.682  8274  8351 W MCAM_OpenCameraCallable: 	at android.os.Handler.dispatchMessage(Handler.java:125)
08-31 20:36:21.682  8274  8351 W MCAM_OpenCameraCallable: 	at android.os.Looper.loopOnce(Looper.java:296)
08-31 20:36:21.682  8274  8351 W MCAM_OpenCameraCallable: 	at android.os.Looper.loop(Looper.java:397)
08-31 20:36:21.682  8274  8351 W MCAM_OpenCameraCallable: 	at android.os.HandlerThread.run(HandlerThread.java:139)
08-31 20:36:21.682  8274  8351 D MCAM_Camera2OpenManager: fire: result = Failure: 231, requested cid = -1
08-31 20:36:21.682  8274  8351 D MCAM_Camera2OpenManager: fire: emitted
08-31 20:36:21.682  8274  8351 V MCAM_ActivityBase: hasSurface(): mCurrentSurfaceState=1
08-31 20:36:21.682  8274  8351 D MCAM_Camera2OpenOnSubScribe: onNext: hasSurface = false, isCapture = true
08-31 20:36:21.682  8274  8351 D MCAM_Camera@179966371: BiFunction apply: isSuccess = false
08-31 20:36:21.683  8274  8351 D MCAM_Camera2OpenOnSubScribe: onComplete
08-31 20:36:21.683  8274  8461 D MCAM_ParallelDataZipper: mCaptureDataArray: 0, mCaptureDataBeanArray: 0
08-31 20:36:21.683  8274 21107 V MCAM_Camera@179966371: [WTP]initShortcut: X
08-31 20:36:21.683  8274  8469 D MCAM_Storage: getAvailableSpace /storage/emulated/0/DCIM/Camera
08-31 20:36:21.683  8274  8274 D InsetsController: Setting requestedVisibleTypes to 498 (was 503)
08-31 20:36:21.683  8274  8469 V MCAM_Storage: getQuotaInfo
08-31 20:36:21.683  8274  8469 I MCAM_Storage: setLeftSpace(465187409920)
08-31 20:36:21.683  8274 21128 E MiSysProxyV2: Unable to load IMiSysImpl!
08-31 20:36:21.683  3042  3105 V WindowManager: Sent Transition (#22) createdAt=08-31 20:36:21.626 via request=TransitionRequestInfo { type = OPEN, triggerTask = TaskInfo{userId=0 taskId=47 effectiveUid=10240 displayId=0 isRunning=true baseIntent=Intent { act=android.intent.action.MAIN cat=[android.intent.category.LAUNCHER] flg=0x10200000 cmp=com.android.camera/.Camera } baseActivity=ComponentInfo{com.android.camera/com.android.camera.Camera} topActivity=ComponentInfo{com.android.camera/com.android.camera.Camera} origActivity=null realActivity=ComponentInfo{com.android.camera/com.android.camera.Camera} realActivityIsAppLockEnabled=false numActivities=1 lastActiveTime=2395619 supportsMultiWindow=false supportsMultiWindowWithoutConstraints=false resizeMode=0 isResizeable=false minWidth=-1 minHeight=-1 defaultMinSize=220 token=WCT{RemoteToken{40e9651 Task{3aa4e39 #47 type=standard A=10240:com.android.camera nonResizable}}} topActivityType=1 pictureInPictureParams=null shouldDockBigOverlays=false launchIntoPipHostTaskId=-1 lastParentTaskIdBeforePip=-1 displayCutoutSafeInsets=Rect(0, 169 - 0, 0) topActivityInfo=ActivityInfo{fa8deb6 com.android.camera.Camera} launchCookies=[] positionInParent=Point(0, 0) parentTaskId=-1 isFocused=false isInteractive=false isVisible=false isVisibleRequested=false isTopActivityNoDisplay=false isSleeping=false locusId=null displayAreaFeatureId=1 isTopActivityTransparent=false isActivityStackTransparent=false lastNonFullscreenBounds=Rect(369, 922 - 1072, 2362) leafTaskBoundsFromOptions= false capturedLink=null capturedLinkTimestamp=0 requestedVisibleTypes=503 topActivityRequestOpenInBrowserEducationTimestamp=0 appCompatTaskInfo=AppCompatTaskInfo { topActivityInSizeCompat=false isLeafTask= true eligibleForLetterboxEducation= false isLetterboxEducationEnabled= false isLetterboxDoubleTapEnabled= false eligibleForUserAspectRatioButton= false topActivityBoundsLetterboxed= false isFromLetterboxDoubleTap= false topActivityLetterboxVerticalPosition= -1 topActivityLetterboxHorizontalPosition= -1 topActivityLetterboxWidth=-1 topActivityLetterboxHeight=-1 topActivityAppBounds=Rect(0, 0 - 1440, 3200) isUserFullscreenOverrideEnabled=false isSystemFullscreenOverrideEnabled=false hasMinAspectRatioOverride=false topActivityLetterboxBounds=null topNonResizableActivityAspectRatio=-1.0} topActivityMainWindowFrame=null isAppBubble=false}, pipChange = null, remoteTransitionInfo = null, displayChanges = null, requestedLocation = null, userChange = null, windowingLayerChange = null, fullscreenRequestChange = null, flags = 0, debugId = 22 }
08-31 20:36:21.683  3042  3105 V WindowManager:     startWCT=WindowContainerTransaction { changes= {} hops= [] flags= 0 errorCallbackToken=null taskFragmentOrganizer=null }
08-31 20:36:21.683  3042  3105 V WindowManager:     info={id=22 t=OPEN f=0x0 trk=0 r=[0@Point(0, 0)] c=[
08-31 20:36:21.683  3042  3105 V WindowManager:         {WCT{RemoteToken{40e9651 Task{3aa4e39 #47 type=standard A=10240:com.android.camera nonResizable}}} m=OPEN f=MOVE_TO_TOP|FLAG_CHANGED_INTERACTIVE leash=Surface(name=Task=47#240)/@0xd844fbf sb=Rect(0, 0 - 1440, 3200) eb=Rect(0, 0 - 1440, 3200) epz=Point(1440, 3200) d=0 taskParent=-1 winMode=1 userId=0},
08-31 20:36:21.683  3042  3105 V WindowManager:         {WCT{RemoteToken{bde296f Task{e4428cd #1 type=home}}} m=TO_BACK f=SHOW_WALLPAPER|FLAG_CHANGED_INTERACTIVE leash=Surface(name=Task=1#35)/@0xa11af13 sb=Rect(0, 0 - 1440, 3200) eb=Rect(0, 0 - 1440, 3200) epz=Point(1440, 3200) d=0 taskParent=-1 winMode=1 userId=0},
08-31 20:36:21.683  3042  3105 V WindowManager:         {m=TO_BACK f=IS_WALLPAPER leash=Surface(name=WallpaperWindowToken{295e8f1}#39)/@0x6c9ddb4 sb=Rect(0, 0 - 1440, 3200) eb=Rect(0, 0 - 1440, 3200) epz=Point(1440, 3200) d=0}
08-31 20:36:21.683  3042  3105 V WindowManager:     ]}
08-31 20:36:21.683  8274 21105 V MCAM_Camera@179966371: [WTP]notifyCameraResume: X
08-31 20:36:21.683  8274  8469 D MCAM_Storage: getAvailableSpace /storage/emulated/0/DCIM/Camera/Raw
08-31 20:36:21.684  8274  8469 V MCAM_Storage: getQuotaInfo
08-31 20:36:21.684  3042 11297 W ProcessStats: Tracking association SourceState{58677b7 com.android.camera/10240 BTop #4733} whose proc state 2 is better than process ProcessState{f135a33 com.google.android.gms/10291 pkg=com.google.android.gms} proc state 14 (16 skipped)
08-31 20:36:21.684  3042  4747 W UserManagerService: Requested status bar icon for non-badged user 0
08-31 20:36:21.684  1709  1709 I SDM     : PartialUpdateSrcSplit::SetCwbRoiForNonPU: CWB ROI Rect(696.000000 106.000000 937.000000 347.000000)
08-31 20:36:21.684  3991  4995 V WindowManagerShell: onTransitionReady(transaction=13065290516937)
08-31 20:36:21.684  8274 10594 W MCAM_ImagePrinterManger: init false
08-31 20:36:21.684  3991  4056 V WindowManagerShell: onTransitionReady (#22) android.os.BinderProxy@d51019b: {id=22 t=OPEN f=0x0 trk=0 r=[0@Point(0, 0)] c=[
08-31 20:36:21.684  3991  4056 V WindowManagerShell:         {m=OPEN f=MOVE_TO_TOP|FLAG_CHANGED_INTERACTIVE leash=Surface(name=Task=47#240)/@0xe51822d sb=Rect(0, 0 - 1440, 3200) eb=Rect(0, 0 - 1440, 3200) epz=Point(1440, 3200) d=0 taskParent=-1 winMode=1 userId=0},
08-31 20:36:21.684  3991  4056 V WindowManagerShell:         {m=TO_BACK f=SHOW_WALLPAPER|FLAG_CHANGED_INTERACTIVE leash=Surface(name=Task=1#35)/@0xa2c5362 sb=Rect(0, 0 - 1440, 3200) eb=Rect(0, 0 - 1440, 3200) epz=Point(1440, 3200) d=0 taskParent=-1 winMode=1 userId=0},
08-31 20:36:21.684  3991  4056 V WindowManagerShell:         {m=TO_BACK f=IS_WALLPAPER leash=Surface(name=WallpaperWindowToken{295e8f1}#39)/@0x6138cf3 sb=Rect(0, 0 - 1440, 3200) eb=Rect(0, 0 - 1440, 3200) epz=Point(1440, 3200) d=0}
08-31 20:36:21.684  3991  4056 V WindowManagerShell:     ]}
08-31 20:36:21.684  8274  8393 D FirebaseSessions: Session Event Type: SESSION_START
08-31 20:36:21.685  3991  4056 V WindowManagerShell: Playing animation for (#22) android.os.BinderProxy@d51019b@0
08-31 20:36:21.685  8274 21128 D MCAM_CCW_WaterMarkConfig: saveLayout: /data/user/0/com.android.camera/files/watermarks/leica/1/mivi_5.json
08-31 20:36:21.685  8274  8393 D FirebaseSessions: Successfully logged Session Start event.
08-31 20:36:21.685  3042  7364 W InputChannel-JNI: Channel already disposed.
08-31 20:36:21.685  1697  1697 I         : imported_mem_show begin
08-31 20:36:21.685  1697  1697 I         : imported_mem_show end
08-31 20:36:21.685  4451  4451 D BaseActivity: Launcher flags updated: [state_started] -[state_window_focused]
08-31 20:36:21.686  8274  8274 D MCAM_BatteryDetector: onReceive battery = 100 temperature = 274 cutoff = false
08-31 20:36:21.686  8274  8274 D MCAM_BatteryDetector: onBatteryNotification action=0 caller = com.android.camera.BatteryDetector.b(SourceFile:9), A.t0.onReceive(SourceFile:119), android.app.LoadedApk$ReceiverDispatcher$Args.lambda$getRunnable$0(LoadedApk.java:2050), android.app.LoadedApk$ReceiverDispatcher$Args.$r8$lambda$mcNAAl1SQ4MyJPyDg8TJ2x2h0Rk(LoadedApk.java:0), android.app.LoadedApk$ReceiverDispatcher$Args$$ExternalSyntheticLambda0.run(D8$$SyntheticClass:0), 
08-31 20:36:21.686  8274  8274 W MCAM_Camera@118838636: onLowBatteryNotification: isActivityPaused=true,isSwitchingModule=false
08-31 20:36:21.686  8274  8274 V MCAM_BaseModule: onPreviewLayoutChanged: Rect(0, 474 - 1440, 2394)
08-31 20:36:21.686  8274  8274 D MCAM_ActivityBase: onLayoutChange Rect(0, 474 - 1440, 2394), changeType 1
08-31 20:36:21.686  8274  8274 D MCAM_CamLayoutManagerImpl@179966371: updateLayout false, type PREVIEW_RECT_CHANGE, s.1 LayoutBuilder{mLayoutMode=NORMAL_MODE, mScreenRotation=0, mFacingFront=false, mUiStyle=0, mModeId=163, mWholeArea=Rect(0, 0 - 1440, 3200)} -> LayoutBuilder{mLayoutMode=NORMAL_MODE, mScreenRotation=0, mFacingFront=false, mUiStyle=0, mModeId=163, mWholeArea=Rect(0, 0 - 1440, 3200)}
08-31 20:36:21.686  8274  8274 D MCAM_AsyncUILoadOnSubscribe: subscribe
08-31 20:36:21.686  8274  8274 D MCAM_ZoomRatioToggleView: resetAnimators
08-31 20:36:21.686  8274  8274 I MCAM_ActivityBase: showBlurView display rect: Rect(0, 474 - 1440, 2394),bitmap: 270x360, uiStyle: 0
08-31 20:36:21.686  8274  8274 D MCAM_ActivityBase: showBlurCover: show... cost time = 6ms
08-31 20:36:21.686  8274  8274 D MCAM_BaseModule: setDeparted
08-31 20:36:21.686  8274  8274 I MCAM_PermissionManager: getNeedCheckPermissionList() listSize =0
08-31 20:36:21.686  8274  8274 D MCAM_Camera2CompatAdapterRole: E: init()
08-31 20:36:21.686  8274  8274 D MCAM_Camera2CompatAdapterRole: E: reset()
08-31 20:36:21.686  8274  8274 D MCAM_Camera2CompatAdapterRole: X: reset()
08-31 20:36:21.686  3991  4056 D ShellSplitScreen: startAnimation: transition=22 isSplitActive=false
08-31 20:36:21.686  3991  4056 V ShellRecents: RecentsTransitionHandler.startAnimation: no controller found
08-31 20:36:21.686  8274  8274 D MCAM_Camera2CompatAdapter: getCameraIdList: standard way
08-31 20:36:21.686  3991  4056 V WindowManagerShell: Transition doesn't have explicit remote, search filters for match for {id=22 t=OPEN f=0x0 trk=0 r=[0@Point(0, 0)] c=[{m=OPEN f=MOVE_TO_TOP|FLAG_CHANGED_INTERACTIVE leash=Surface(name=Task=47#240)/@0xe51822d sb=Rect(0, 0 - 1440, 3200) eb=Rect(0, 0 - 1440, 3200) epz=Point(1440, 3200) d=0 taskParent=-1 winMode=1 userId=0},{m=TO_BACK f=SHOW_WALLPAPER|FLAG_CHANGED_INTERACTIVE leash=Surface(name=Task=1#35)/@0xa2c5362 sb=Rect(0, 0 - 1440, 3200) eb=Rect(0, 0 - 1440, 3200) epz=Point(1440, 3200) d=0 taskParent=-1 winMode=1 userId=0},{m=TO_BACK f=IS_WALLPAPER leash=Surface(name=WallpaperWindowToken{295e8f1}#39)/@0x6138cf3 sb=Rect(0, 0 - 1440, 3200) eb=Rect(0, 0 - 1440, 3200) epz=Point(1440, 3200) d=0}]}
08-31 20:36:21.686  8274  8274 D MCAM_Camera2CompatAdapter: getCameraIdList: cameraIdList=[], usableCameraIdNum=10
08-31 20:36:21.686  8274  8274 I MCAM_Camera2CompatAdapterRole: [K_PROCESS]: All available camera ids: []
08-31 20:36:21.686  3991  4056 V WindowManagerShell:  Checking filter Pair{{types=[] flags=0x0 notFlags=0x0 checks=[{atype=standard independent=false modes=[CHANGE] flags=NONE mustBeTask=true order=ANY topActivity=null launchCookie=null windowingMode=undefined isCrossDisplayMove=true}]} RemoteTransition { remoteTransition = android.window.IRemoteTransition$Stub$Proxy@d6a23b4, appThread = android.app.IApplicationThread$Stub$Proxy@e4a3bdd, debugName = QuickstepDisplayMove, filter = {types=[] flags=0x0 notFlags=0x0 checks=[{atype=standard independent=false modes=[CHANGE] flags=NONE mustBeTask=true order=ANY topActivity=null launchCookie=null windowingMode=undefined isCrossDisplayMove=true}]} }}
08-31 20:36:21.686  8274  8274 I MCAM_PermissionManager: getNeedCheckPermissionList() listSize =0
08-31 20:36:21.686  8274  8274 D MCAM_Camera2CompatAdapterRole: E: init()
08-31 20:36:21.686  8274  8274 D MCAM_Camera2CompatAdapterRole: E: reset()
08-31 20:36:21.686  8274  8274 D MCAM_Camera2CompatAdapterRole: X: reset()
08-31 20:36:21.686  3991  4056 V WindowManagerShell:  Checking filter Pair{{types=[] flags=0x0 notFlags=0x100 checks=[{atype=home independent=true modes=[OPEN,TO_FRONT] flags=NONE mustBeTask=false order=ANY topActivity=ComponentInfo{com.android.launcher3/com.android.launcher3.uioverrides.QuickstepLauncher} launchCookie=null windowingMode=undefined isCrossDisplayMove=false},{atype=standard independent=true modes=[CLOSE,TO_BACK] flags=NONE mustBeTask=false order=ANY topActivity=null launchCookie=null windowingMode=undefined isCrossDisplayMove=false},{NOT atype=undefined independent=true modes=[] flags=NONE mustBeTask=true order=ANY topActivity=null launchCookie=null customAnim=true windowingMode=undefined isCrossDisplayMove=false}]} RemoteTransition { remoteTransition = android.window.IRemoteTransition$Stub$Proxy@dc70352, appThread = android.app.IApplicationThread$Stub$Proxy@42b9623, debugName = QuickstepLaunchHome, filter = {types=[] flags=0x0 notFlags=0x100 checks=[{atype=home independent=true modes=[OPEN,TO_FRONT] flags=NONE mustBeTask=false order=ANY topActivity=ComponentInfo{com.android.launcher3/com.android.launcher3.uioverrides.QuickstepLauncher} launchCookie=null windowingMode=undefined isCrossDisplayMove=false},{atype=standard independent=true modes=[CLOSE,TO_BACK] flags=NONE mustBeTask=false order=ANY topActivity=null launchCookie=null windowingMode=undefined isCrossDisplayMove=false},{NOT atype=undefined independent=true modes=[] flags=NONE mustBeTask=true order=ANY topActivity=null launchCookie=null customAnim=true windowingMode=undefined isCrossDisplayMove=false}]} }}
08-31 20:36:21.686  3991  4056 V WindowManagerShell:  Delegate animation for (#22) to null
08-31 20:36:21.686  3991  4056 V WindowManagerShell: start default transition animation, info = {id=22 t=OPEN f=0x0 trk=0 r=[0@Point(0, 0)] c=[{m=OPEN f=MOVE_TO_TOP|FLAG_CHANGED_INTERACTIVE leash=Surface(name=Task=47#240)/@0xe51822d sb=Rect(0, 0 - 1440, 3200) eb=Rect(0, 0 - 1440, 3200) epz=Point(1440, 3200) d=0 taskParent=-1 winMode=1 userId=0},{m=TO_BACK f=SHOW_WALLPAPER|FLAG_CHANGED_INTERACTIVE leash=Surface(name=Task=1#35)/@0xa2c5362 sb=Rect(0, 0 - 1440, 3200) eb=Rect(0, 0 - 1440, 3200) epz=Point(1440, 3200) d=0 taskParent=-1 winMode=1 userId=0},{m=TO_BACK f=IS_WALLPAPER leash=Surface(name=WallpaperWindowToken{295e8f1}#39)/@0x6138cf3 sb=Rect(0, 0 - 1440, 3200) eb=Rect(0, 0 - 1440, 3200) epz=Point(1440, 3200) d=0}]}
08-31 20:36:21.687  8274  8274 D MCAM_Camera2CompatAdapter: getCameraIdList: standard way
08-31 20:36:21.687  8274  8274 D MCAM_Camera2CompatAdapter: getCameraIdList: cameraIdList=[], usableCameraIdNum=10
08-31 20:36:21.687  8274  8274 I MCAM_Camera2CompatAdapterRole: [K_PROCESS]: All available camera ids: []
08-31 20:36:21.687  3991  4056 V WindowManagerShell: loadAnimation: anim=android.view.animation.AnimationSet@10043ae animAttr=0x13 type=OPEN isEntrance=false
08-31 20:36:21.687  8274  8274 D MCAM_Camera2CompatAdapterRole: Warning: getRoleIdByActualId(): #init() failed.
08-31 20:36:21.687  8274  8274 D MCAM_AftersalesManager: aftersales record not enable in this device
08-31 20:36:21.687  8274 21128 D MCAM_CCW_WatermarkItem: sendJsonToMivi: from path >: /data/user/0/com.android.camera/files/watermarks/leica/1
08-31 20:36:21.687  8274  8274 I DeviceUtils: isMiuiLiteRom failed
08-31 20:36:21.687  8274  8274 I DeviceUtils: java.lang.ClassNotFoundException: miui.os.Build
08-31 20:36:21.687  8274  8274 I DeviceUtils: 	at java.lang.Class.classForName(Native Method)
08-31 20:36:21.687  8274  8274 I DeviceUtils: 	at java.lang.Class.forName(Class.java:591)
08-31 20:36:21.687  8274  8274 I DeviceUtils: 	at java.lang.Class.forName(Class.java:496)
08-31 20:36:21.687  8274  8274 I DeviceUtils: 	at Zh.a.j(SourceFile:7)
08-31 20:36:21.687  8274  8274 I DeviceUtils: 	at Zh.a.d(SourceFile:0)
08-31 20:36:21.687  8274  8274 I DeviceUtils: 	at miuix.appcompat.app.AlertController$AlertParams.<init>(SourceFile:47)
08-31 20:36:21.687  8274  8274 I DeviceUtils: 	at miuix.appcompat.app.AlertDialog$a.<init>(SourceFile:5)
08-31 20:36:21.687  8274  8274 I DeviceUtils: 	at miuix.appcompat.app.AlertDialog$a.<init>(SourceFile:1)
08-31 20:36:21.687  8274  8274 I DeviceUtils: 	at R.a.invoke(SourceFile:12)
08-31 20:36:21.687  8274  8274 I DeviceUtils: 	at kf.m.getValue(SourceFile:20)
08-31 20:36:21.687  8274  8274 I DeviceUtils: 	at R.e.emit(SourceFile:56)
08-31 20:36:21.687  8274  8274 I DeviceUtils: 	at Bf.a.g(SourceFile:129)
08-31 20:36:21.687  8274  8274 I DeviceUtils: 	at Vg.g.invokeSuspend(SourceFile:11)
08-31 20:36:21.687  8274  8274 I DeviceUtils: 	at qf.a.resumeWith(SourceFile:7)
08-31 20:36:21.687  8274  8274 I DeviceUtils: 	at Sg.T.run(SourceFile:106)
08-31 20:36:21.687  8274  8274 I DeviceUtils: 	at android.os.Handler.handleCallback(Handler.java:1095)
08-31 20:36:21.687  8274  8274 I DeviceUtils: 	at android.os.Handler.dispatchMessageImpl(Handler.java:135)
08-31 20:36:21.687  8274  8274 I DeviceUtils: 	at android.os.Handler.dispatchMessage(Handler.java:125)
08-31 20:36:21.687  8274  8274 I DeviceUtils: 	at android.os.Looper.loopOnce(Looper.java:296)
08-31 20:36:21.687  8274  8274 I DeviceUtils: 	at android.os.Looper.loop(Looper.java:397)
08-31 20:36:21.687  8274  8274 I DeviceUtils: 	at android.app.ActivityThread.main(ActivityThread.java:9583)
08-31 20:36:21.687  8274  8274 I DeviceUtils: 	at java.lang.reflect.Method.invoke(Native Method)
08-31 20:36:21.687  8274  8274 I DeviceUtils: 	at com.android.internal.os.RuntimeInit$MethodAndArgsCaller.run(RuntimeInit.java:575)
08-31 20:36:21.687  8274  8274 I DeviceUtils: 	at com.android.internal.os.ZygoteInit.main(ZygoteInit.java:945)
08-31 20:36:21.687  8274  8274 I DeviceUtils: Caused by: java.lang.ClassNotFoundException: miui.os.Build
08-31 20:36:21.687  8274  8274 I DeviceUtils: 	... 24 more
08-31 20:36:21.687  8274 21128 D MCAM_FileUtil: sendJsonToMivi: from path >: /data/user/0/com.android.camera/files/watermarks/leica/1
08-31 20:36:21.687  3991  4056 V WindowManagerShell: loadAnimation: anim=android.view.animation.AnimationSet@831a76b animAttr=0x12 type=OPEN isEntrance=true
08-31 20:36:21.687  3991  4056 V WindowManagerShell:  animated by com.android.wm.shell.transition.DefaultTransitionHandler@65265e7
08-31 20:36:21.687  3991  4056 V ShellTaskOrganizer: Task appeared taskId=47 listener=FullscreenTaskListener
08-31 20:36:21.687  3991  4056 V ShellTaskOrganizer: Fullscreen Task Appeared: #47
08-31 20:36:21.687  8274 21128 E MiSysProxyV2: Unable to load IMiSysImpl!
08-31 20:36:21.687  3991  4056 D ShellPackageUpdate: PackageUpdateController: Setting handlePackageUpdate for task: 47
08-31 20:36:21.687  8274 21128 E MCAM_FileUtil: sendJsonToMivi: vendor path not exist
08-31 20:36:21.687  8274 21128 D MCAM_CCW_WatermarkItem: sendJsonToMivi: cost >: 4
08-31 20:36:21.687  8274 21128 D MCAM_CCW_WatermarkItem: sendDataToMivi: from path >: /data/user/0/com.android.camera/files/watermarks/leica/1
08-31 20:36:21.687  8274 21128 D MCAM_FileUtil: sendDataToMivi: from path >: /data/user/0/com.android.camera/files/watermarks/leica/1
08-31 20:36:21.687  8274  8274 D AlertController: Alert dialog ime debugEnable = 
08-31 20:36:21.687  3042  7364 E TransitionChain: Can't collect into a chain with no transition
08-31 20:36:21.687  8274  8274 D VRI[Camera]: WindowInsets changed: 1440x3200 statusBars:[0,169,0,0] navigationBars:[0,0,0,84] mandatorySystemGestures:[0,211,0,112] 
08-31 20:36:21.688  8274  8274 D WindowOnBackDispatcher: setTopOnBackInvokedCallback (unwrapped): android.view.ViewRootImpl$$ExternalSyntheticLambda14@b6018f
08-31 20:36:21.688  3042  7364 D CoreBackPreview: Window{7b6a6af u0 com.android.camera/com.android.camera.Camera}: Setting back callback OnBackInvokedCallbackInfo{mCallback=android.window.IOnBackInvokedCallback$Stub$Proxy@ceebca7, mPriority=0, mIsAnimationCallback=false, mOverrideBehavior=0}
08-31 20:36:21.688  8274 21128 E MiSysProxyV2: Unable to load IMiSysImpl!
08-31 20:36:21.688  3991  4056 V RecentTasksController: Notify recent tasks changed
08-31 20:36:21.688  8274 21128 E MCAM_FileUtil: sendDataToMivi: vendor path not exist
08-31 20:36:21.688  8274 21128 D MCAM_CCW_WatermarkItem: sendDataToMivi: cost >: 5
08-31 20:36:21.688  3042  3080 D WindowManager: setClientSurface Surface(name=VRI-com.android.camera/com.android.camera.Camera#247)/@0xf4b6554 for 7b6a6af com.android.camera/com.android.camera.Camera
08-31 20:36:21.689  8274  8274 I Surface : Creating surface for consumer unnamed-8274-24 with slotExpansion=1 for 64 slots
08-31 20:36:21.690  8274  8274 I Surface : Creating surface for consumer VRI[Camera]#9(BLAST Consumer)9 with slotExpansion=1 for 64 slots
08-31 20:36:21.690  8274  8274 D VRI[Camera]: WindowInsets changed: statusBars:null 
08-31 20:36:21.690  8274 10607 D MCAM_FocusView: FocusView: is global animation available: true
08-31 20:36:21.690  8274 21097 V MCAM_FocusView: [WTP]drawableInitialize: E
08-31 20:36:21.690  8274 10607 V MCAM_FilterFactory: resource=0
08-31 20:36:21.690  8274 10607 V MCAM_FilterFactory: resource=0
08-31 20:36:21.690  8274 10607 V MCAM_FilterFactory: resource=0
08-31 20:36:21.690  8274 10607 V MCAM_FilterFactory: resource=0
08-31 20:36:21.690  8274 10607 V MCAM_FilterFactory: resource=0
08-31 20:36:21.690  8274 10607 V MCAM_FilterFactory: resource=0
08-31 20:36:21.690  8274 10607 V MCAM_FilterFactory: resource=0
08-31 20:36:21.690  8274 10607 V MCAM_FilterFactory: resource=0
08-31 20:36:21.690  8274 10607 V MCAM_FilterFactory: resource=0
08-31 20:36:21.690  8274 10607 V MCAM_FilterFactory: resource=0
08-31 20:36:21.690  8274 10607 V MCAM_FilterFactory: resource=2132018305
08-31 20:36:21.690  8274 10607 V MCAM_FilterFactory: resource=2132018380
08-31 20:36:21.690  8274 10607 V MCAM_FilterFactory: resource=0
08-31 20:36:21.690  8274  8274 I Surface : Creating surface for consumer unnamed-8274-25 with slotExpansion=1 for 64 slots
08-31 20:36:21.690  8274 10607 V MCAM_FilterFactory: resource=0
08-31 20:36:21.690  8274 10607 V MCAM_FilterFactory: resource=0
08-31 20:36:21.690  8274 10607 V MCAM_FilterFactory: resource=0
08-31 20:36:21.690  8274 10607 V MCAM_FilterFactory: resource=0
08-31 20:36:21.690  8274 10607 V MCAM_FilterFactory: resource=0
08-31 20:36:21.690  8274 10607 V MCAM_FilterFactory: resource=0
08-31 20:36:21.690  8274 10607 V MCAM_FilterFactory: resource=0
08-31 20:36:21.690  8274 10607 V MCAM_FilterFactory: resource=0
08-31 20:36:21.690  8274 10607 V MCAM_FilterFactory: resource=0
08-31 20:36:21.690  8274 10607 V MCAM_FilterFactory: resource=2132018305
08-31 20:36:21.690  8274 10607 V MCAM_FilterFactory: resource=2132018380
08-31 20:36:21.690  8274 10607 D MCAM_FilterFactory: lut resource2131951985
08-31 20:36:21.690  8274 10607 D MCAM_FilterFactory: lut resource2131951986
08-31 20:36:21.690  8274 10607 D MCAM_FilterFactory: lut resource2131951984
08-31 20:36:21.690  8274  8274 I Surface : Creating surface for consumer 1b52669 SurfaceView[com.android.camera/com.android.camera.Camera]#10(BLAST Consumer)10 with slotExpansion=1 for 64 slots
08-31 20:36:21.690  8274 10607 E .android.camera: No package ID ff found for resource ID 0xffffffff.
08-31 20:36:21.690  8274 10607 E .android.camera: No package ID ff found for resource ID 0xffffffff.
08-31 20:36:21.690  8274 10607 E .android.camera: No package ID ff found for resource ID 0xffffffff.
08-31 20:36:21.690  8274 10607 E .android.camera: No package ID ff found for resource ID 0xffffffff.
08-31 20:36:21.690  8274 10607 E .android.camera: No package ID ff found for resource ID 0xffffffff.
08-31 20:36:21.690  8274 10607 E .android.camera: No package ID ff found for resource ID 0xffffffff.
08-31 20:36:21.690  8274 10607 E .android.camera: No package ID ff found for resource ID 0xffffffff.
08-31 20:36:21.690  8274 10607 E .android.camera: No package ID ff found for resource ID 0xffffffff.
08-31 20:36:21.690  8274 10607 E .android.camera: No package ID ff found for resource ID 0xffffffff.
08-31 20:36:21.690  8274 10607 E .android.camera: No package ID ff found for resource ID 0xffffffff.
08-31 20:36:21.690  8274  8274 I Surface : Creating surface for consumer unnamed-8274-26 with slotExpansion=1 for 64 slots
08-31 20:36:21.690  8274 10607 E .android.camera: No package ID ff found for resource ID 0xffffffff.
08-31 20:36:21.690  8274 10607 E .android.camera: No package ID ff found for resource ID 0xffffffff.
08-31 20:36:21.691  8274  8274 I Surface : Creating surface for consumer a0b88ee SurfaceView[com.android.camera/com.android.camera.Camera]#11(BLAST Consumer)11 with slotExpansion=1 for 64 slots
08-31 20:36:21.691  8274  8274 I MCAM_PerformanceManager: [P_PERFORM]: Action: 5.1:surfaceViewCreate_163_-1 takes 21 ms
08-31 20:36:21.691  8274  8274 D [K_PROCESS]_MCAM_CRE_PreviewRenderEngine: onSurfaceCreated start
08-31 20:36:21.691  8274  8274 D MCAM_CRE_PreviewRenderEngine: onSurfaceCreated end
08-31 20:36:21.691  8274  8274 D MCAM_Camera@179966371:  surfaceChanged format = 4 width = 1440 height = 1920
08-31 20:36:21.691  8274  8274 D MCAM_CRE_PreviewRenderEngine: onSurfaceChanged start
08-31 20:36:21.691  8274  8274 D MCAM_CRE_PreviewRenderEngine: onSurfaceChanged end
08-31 20:36:21.691  8274 21106 D MCAM_CRE_PreviewRenderEngine: onSurfaceCreated start on gl thread
08-31 20:36:21.691  8274 21106 D MCAM_ActivityBase: updateSurfaceState: 4
08-31 20:36:21.691  8274 10607 I MCAM_ AdaptiveTv: maxFontScale=1.4 minFontScale=0.86 mRealFontScale=0.0
08-31 20:36:21.691  8274 21106 D MCAM_Camera2OpenOnSubScribe: onGlSurfaceCreated: mSingleEmitter = true
08-31 20:36:21.691  8274 21106 D MCAM_Camera2OpenOnSubScribe: onGlSurfaceCreated: mSingleEmitter already disposed
08-31 20:36:21.691  1596 21092 I resolv  : res_nsend: used send_dg 151 terrno: 0
08-31 20:36:21.691  8274 21106 D MCAM_Camera2Module: updatePreviewSurface: surfaceTexture = android.graphics.SurfaceTexture@5a98e19
08-31 20:36:21.691  8274 21106 D MCAM_StateListenerV2: onSurfaceCreated
08-31 20:36:21.691  8274 21106 D MCAM_CRE_PreviewRenderEngine: onSurfaceCreated end on gl thread
08-31 20:36:21.691  1596 21092 I resolv  : doQuery: rcode=0, ancount=4, return value=151
08-31 20:36:21.691  8274 21106 D MCAM_CRE_PreviewRenderer: addPreviewSurface surface=Surface(name=null mNativeObject=-5476376644348307776)/@0xd19519b width=1440 height=1920
08-31 20:36:21.691  8274 21106 D MCAM_CRE_PreviewRenderEngine: onSurfaceChanged start on gl thread
08-31 20:36:21.691  8274 21106 D MCAM_CRE_PreviewRenderer: getWindowSurface start, updated=true
08-31 20:36:21.691  8274 21106 D MCAM_CRE_PreviewRenderer: getWindowSurface surface:Surface(name=null mNativeObject=-5476376644348307776)/@0xd19519b, colorspace: SRGB
08-31 20:36:21.691  8274 21106 D MCAM_CRE_PreviewRenderer: getEglWindowSurfaceAttributes: NONE
08-31 20:36:21.691  8274 21106 D MCAM_CRE_EglWindowSurface: EglWindowSurface init start
08-31 20:36:21.691  8274 21106 D MCAM_CRE_EglWindowSurface: createWindowSurfaceInner -5476376637101080976
08-31 20:36:21.691  8274 21106 D MCAM_CRE_EglWindowSurface: EglWindowSurface init end
08-31 20:36:21.691  8274 21106 D MCAM_CRE_PreviewRenderer: getWindowSurface end, cost=0
08-31 20:36:21.691  8274 21106 D MCAM_CRE_PreviewRenderEngine: initWindowSurface: EglSurfaceInfo: eglCore =Current EGL: display = android.opengl.EGLDisplay@5578015; context = android.opengl.EGLContext@55566ef5; eglSurface = android.opengl.EGLSurface@5554f4f5; width = -1; height =-1
08-31 20:36:21.691  8274 21106 D MCAM_ActivityBase: updateSurfaceState: 4
08-31 20:36:21.691  8274 21106 D MCAM_Camera2OpenOnSubScribe: onGlSurfaceCreated: mSingleEmitter = true
08-31 20:36:21.691  8274 21106 D MCAM_Camera2OpenOnSubScribe: onGlSurfaceCreated: mSingleEmitter already disposed
08-31 20:36:21.691  8274 21106 D MCAM_Camera2Module: updatePreviewSurface: surfaceTexture = android.graphics.SurfaceTexture@5a98e19
08-31 20:36:21.691  8274 21106 D MCAM_CRE_MIGL: ShaderUtil glCreateProgram: 8
08-31 20:36:21.692  1596 21093 I resolv  : res_nsend: used send_dg 215 terrno: 0
08-31 20:36:21.692  8274 21106 D MCAM_CRE_MIGL: ShaderUtil glDeleteShader: 6
08-31 20:36:21.692  8274 21106 D MCAM_CRE_MIGL: ShaderUtil glDeleteShader: 7
08-31 20:36:21.692  1596 21093 I resolv  : doQuery: rcode=0, ancount=11, return value=215
08-31 20:36:21.692  8274 21106 D MCAM_CRE_MIGL: ShaderUtil glCreateProgram: 11
08-31 20:36:21.692  8274 21106 D MCAM_CRE_MIGL: ShaderUtil glDeleteShader: 9
08-31 20:36:21.692  8274 21106 D MCAM_CRE_MIGL: ShaderUtil glDeleteShader: 10
08-31 20:36:21.692  8274 21106 D MCAM_CRE_MIGL: ShaderUtil glCreateProgram: 14
08-31 20:36:21.692  1709  2125 I SDM     : HWDeviceDRM::SetupConcurrentWriteback: Tear down the Concurrent Writeback topology
08-31 20:36:21.693  8274 21106 D MCAM_CRE_MIGL: ShaderUtil glDeleteShader: 12
08-31 20:36:21.693  8274 21106 D MCAM_CRE_MIGL: ShaderUtil glDeleteShader: 13
08-31 20:36:21.693  8274 21106 D MCAM_StateListenerV2: onSurfaceChanged width:1440 height:1920
08-31 20:36:21.693  8274 21106 D MCAM_CRE_PreviewRenderEngine: onSurfaceChanged end on gl thread
08-31 20:36:21.694  8274 21097 V MCAM_FocusView: [WTP]drawableInitialize: X
08-31 20:36:21.695  4451  4451 D RecentTasksList: invalidateLoadedTasks - previous requestLoadId: -1
08-31 20:36:21.695  8274  8274 D MCAM_ActivityBase: exception occurs, msg = { when=-9ms what=10 arg1=231 target=com.android.camera.ActivityBase$c async=false heapIndex=-1 } , exception = 0xe7
08-31 20:36:21.696  8274  8274 D MCAM_CameraExitHint: showErrorScreen, fragment: CameraExitHintDialogFragment{fdd495a} (0fa90602-eae9-48df-9411-e5ac92c6cfcc)
08-31 20:36:21.696  8274  8274 W WindowOnBackDispatcher: OnBackInvokedCallback is not enabled for the application.
08-31 20:36:21.696  8274  8274 W WindowOnBackDispatcher: Set 'android:enableOnBackInvokedCallback="true"' in the application manifest.
08-31 20:36:21.696  8274  8274 I MCAM_FragmentTopConfig: pendingShow: fragment is not added, return.
08-31 20:36:21.696  8274  8274 I MCAM_FragmentBottomAction: pendingShow: fragment is not added, return.
08-31 20:36:21.696  8274  8274 I MCAM_FragmentModeSelector: pendingShow: fragment is not added, return.
08-31 20:36:21.696  8274  8274 I MCAM_FragmentZoomToggle: pendingShow: fragment is not added, return.
08-31 20:36:21.696  8274  8274 I MCAM_FragmentMainContent: pendingShow: fragment is not added, return.
08-31 20:36:21.696  8274  8274 V MCAM_OptRequest@48839038: apply end
08-31 20:36:21.696  8274  8274 V MCAM_DisplayCommonPreviewRect: getDisplayRect:Rect(0, 474 - 1440, 1914),key：4
08-31 20:36:21.696  8274  8274 D MCAM_CameraExitHint: satelliteOn=false
08-31 20:36:21.697  3042  3105 I ActivityTaskManager: Displayed com.android.camera/.Camera for user 0: +74ms
08-31 20:36:21.697  8274  8274 D MCAM_CameraExitHint: shouldDisableKillProvider=true
08-31 20:36:21.697  8274  8274 D MCAM_CameraTimer: start: 4 | 1 | 0
08-31 20:36:21.697  8274  8274 D MCAM_CameraTimer: resume
08-31 20:36:21.697  8274  8274 D MCAM_CameraTimer: onSubscribe
08-31 20:36:21.698  8274  8274 D InsetsController: Setting requestedVisibleTypes to 498 (was 503)
08-31 20:36:21.699  3042  7364 W InputChannel-JNI: Channel already disposed.
08-31 20:36:21.699  8274  8274 D MCAM_AnimationComposite: put, key 244, value FragmentTopBar{2460edf} (382d17cb-3254-46ef-b707-3ce1900ea88f id=0x7f0b01dd tag=244)
08-31 20:36:21.699  8274  8274 D MCAM_FragmentTopConfig: onAttach FragmentTopBar, type BASIC
08-31 20:36:21.699  8274  8274 D MCAM_TopBarView: setLayoutManager requestLayout
08-31 20:36:21.699  8274  8274 D MCAM_FragmentMainTopBar: provideAnimateElement mode = 163 resetType = 2
08-31 20:36:21.699  8274  8274 D MCAM_FragmentMainTopBar: getTopAlert(): fragment is not added yet0
08-31 20:36:21.699  8274  8274 D MCAM_FragmentMainTopBar: getTopAlert(): fragment is not added yet0
08-31 20:36:21.699  8274  8274 D LivePhotoImp: isDeviceSupportLivePhoto isSupportByMeminfo false
08-31 20:36:21.699  8274  8274 D MCAM_FragmentMainTopBar: updateTopBarData: [{configItem=FLASH gravity=START enable=true index=0 }, {configItem=MOTION_CAPTURE gravity=START enable=true index=1 }, {configItem=AI_DETECT gravity=START enable=true index=2 }, {configItem=MORE gravity=CENTER enable=true index=3 }, {configItem=CV_TYPE gravity=END enable=true index=4 }]
08-31 20:36:21.699  8274  8274 D MCAM_TopBarAdapter: setData: mode:163,resetStrikethrough: false
08-31 20:36:21.699  8274  8274 D MCAM_TopBarView: setLayoutManager requestLayout
08-31 20:36:21.700  8274  8274 D MCAM_AbstractFragment: onCreateView FragmentTopBar
08-31 20:36:21.700  8274  8274 D MCAM_FragmentTopConfig: onCreateView FragmentTopBar
08-31 20:36:21.700  8274  8274 D MCAM_TopBarLayoutCompat: getTopBarLayoutMode layoutMode: 1
08-31 20:36:21.700  8274  8274 D MCAM_AnimationComposite: put, key 241, value FragmentBottomAction{fd6772c} (c4c5c8e9-cb78-464b-8769-cff0aee915fe id=0x7f0b01dd tag=241)
08-31 20:36:21.700  8274  8274 D MCAM_FragmentBottomAction: onAttach FragmentBottomAction, type BASIC
08-31 20:36:21.700  8274  8274 D MCAM_DragEventBusImpl: addOnDragListener: FragmentBottomAction
08-31 20:36:21.700  8274  8274 D MCAM_CameraSnapView: setClickEnable: false
08-31 20:36:21.700  8274  8274 D MCAM_FragmentBottomAction: provideAnimateElement: newMode = 163, mCurrentMode = 163, resetType = 2, animateInElements = null
08-31 20:36:21.700  8274  8274 D MCAM_CameraSnapView: onScreenOrientationChanged
08-31 20:36:21.700  8274  8274 V MCAM_FeatureUIManager: loadDynamic opts src: [Dynamic opt{t=false, d=Simple{p=false} } opt{o:SHOW,c:CONTROL_BAR,f:F1'}], dst : [Dynamic opt{t=false, d=Simple{p=false} } opt{o:SHOW,c:CONTROL_BAR,f:F1'}]
08-31 20:36:21.700  8274  8274 V MCAM_Delegate@173014841: loadDynamic opts [Dynamic opt{t=false, d=Simple{p=false} } opt{o:SHOW,c:CONTROL_BAR,f:F1'}]
08-31 20:36:21.700  8274  8274 V MCAM_OptRequest@81749008: apply start, async false
08-31 20:36:21.700  8274  8274 V MCAM_OptRequest@81749008: apply end
08-31 20:36:21.700  8274  8274 D MCAM_BottomLayoutFactory: updateBottomLocation: mBottomLayoutType = -1, type = 1, isLandscape = false
08-31 20:36:21.701  1709  3721 I SDM     : NotifyCWBStatus: Notify the client about buffer (0xd5a10870) status 0 for display-0.
08-31 20:36:21.701  8274  8274 D MCAM_AbstractFragment: onCreateView FragmentBottomAction
08-31 20:36:21.701  8274  8274 D MCAM_FragmentBottomAction: onCreateView FragmentBottomAction
08-31 20:36:21.701  1709  3721 I SDM     : SDMConcurrentWriteBack::ProcessCWBStatus: CWB queue is empty. Display: 0
08-31 20:36:21.701  8274  8274 W MCAM_DataItemPluginBase: f0.s0 getDataObject null
08-31 20:36:21.701  8274  8274 D MCAM_CameraSnapView: onScreenOrientationChanged
08-31 20:36:21.701  8274  8274 D MCAM_BottomLayoutFactory: updateBottomLocation: mBottomLayoutType = 1, type = 1, isLandscape = false
08-31 20:36:21.701  8274  8274 D MCAM_AnimationComposite: put, key 242, value FragmentModeSelector{ea855f5} (90abf076-3215-47f1-ae15-d5d89859ca72 id=0x7f0b05ce tag=242)
08-31 20:36:21.701  8274  8274 D MCAM_FragmentModeSelector: onAttach FragmentModeSelector, type BASIC
08-31 20:36:21.701  8274  8274 D MCAM_DragEventBusImpl: addOnDragListener: FragmentModeSelector
08-31 20:36:21.701  8274  8274 D MCAM_AbstractFragment: onCreateView FragmentModeSelector
08-31 20:36:21.701  8274  8274 D MCAM_FragmentModeSelector: onCreateView FragmentModeSelector
08-31 20:36:21.701  8274  8274 V MCAM_DisplayHelper: navBarHeight=88
08-31 20:36:21.701  8274  8274 D MCAM_ModeSelectView: init: curMode = 163 mItems = [ComponentDataItem{mDisplayName='Pro'mValue='167'}, ComponentDataItem{mDisplayName='Video'mValue='162'}, ComponentDataItem{mDisplayName='Photo'mValue='163'}, ComponentDataItem{mDisplayName='Portrait'mValue='171'}, ComponentDataItem{mDisplayName='Documents'mValue='186'}]
08-31 20:36:21.701  8274  8274 D MCAM_AnimationComposite: put, key 183, value FragmentZoomToggle{85b6f8a} (4a039426-30c4-4129-b9d8-ca6d5b435ee5 id=0x7f0b010e tag=183)
08-31 20:36:21.701  8274  8274 D MCAM_FragmentZoomToggle: onAttach FragmentZoomToggle, type BASIC
08-31 20:36:21.701  8274  8274 D MCAM_DragEventBusImpl: addOnDragListener: FragmentZoomToggle
08-31 20:36:21.701  8274  8274 D MCAM_FragmentZoomToggle: resetType = 2
08-31 20:36:21.701  8274  8274 D MCAM_FragmentZoomToggle: initiateZoomRatio(): mZoomRatio = 1.0
08-31 20:36:21.701  8274  8274 D MCAM_ViewSpecHelper: setupBySettings()
08-31 20:36:21.701  8274  8274 I MCAM_PermissionManager: getNeedCheckPermissionList() listSize =0
08-31 20:36:21.701  8274  8274 D MCAM_Camera2CompatAdapterRole: E: init()
08-31 20:36:21.701  8274  8274 D MCAM_Camera2CompatAdapterRole: E: reset()
08-31 20:36:21.701  8274  8274 D MCAM_Camera2CompatAdapterRole: X: reset()
08-31 20:36:21.702  8274  8274 D MCAM_Camera2CompatAdapter: getCameraIdList: standard way
08-31 20:36:21.702  8274  8274 D MCAM_Camera2CompatAdapter: getCameraIdList: cameraIdList=[], usableCameraIdNum=10
08-31 20:36:21.702  8274  8274 I MCAM_Camera2CompatAdapterRole: [K_PROCESS]: All available camera ids: []
08-31 20:36:21.702  8274  8274 D MCAM_Camera2CompatAdapter: Warning: getCurrentCameraCapabilities(): mCurrentOpenedCameraId is invalid.
08-31 20:36:21.702  8274  8274 D MCAM_ViewSpecHelper: setupByModule():  modeIndex = 163 isTarget = false isRecording = false
08-31 20:36:21.702  8274  8274 I MCAM_PermissionManager: getNeedCheckPermissionList() listSize =0
08-31 20:36:21.702  8274  8274 D MCAM_Camera2CompatAdapterRole: E: init()
08-31 20:36:21.702  8274  8274 D MCAM_Camera2CompatAdapterRole: E: reset()
08-31 20:36:21.702  8274  8274 D MCAM_Camera2CompatAdapterRole: X: reset()
08-31 20:36:21.702  8274  8274 D MCAM_Camera2CompatAdapter: getCameraIdList: standard way
08-31 20:36:21.702  8274  8274 D MCAM_Camera2CompatAdapter: getCameraIdList: cameraIdList=[], usableCameraIdNum=10
08-31 20:36:21.702  8274  8274 I MCAM_Camera2CompatAdapterRole: [K_PROCESS]: All available camera ids: []
08-31 20:36:21.702  8274  8274 D MCAM_Camera2CompatAdapter: Warning: getCurrentCameraCapabilities(): mCurrentOpenedCameraId is invalid.
08-31 20:36:21.702  8274  8274 I MCAM_PermissionManager: getNeedCheckPermissionList() listSize =0
08-31 20:36:21.702  8274  8274 D MCAM_Camera2CompatAdapterRole: E: init()
08-31 20:36:21.702  8274  8274 D MCAM_Camera2CompatAdapterRole: E: reset()
08-31 20:36:21.702  8274  8274 D MCAM_Camera2CompatAdapterRole: X: reset()
08-31 20:36:21.702  8274  8274 D MCAM_Camera2CompatAdapter: getCameraIdList: standard way
08-31 20:36:21.702  8274  8274 D MCAM_Camera2CompatAdapter: getCameraIdList: cameraIdList=[], usableCameraIdNum=10
08-31 20:36:21.702  8274  8274 I MCAM_Camera2CompatAdapterRole: [K_PROCESS]: All available camera ids: []
08-31 20:36:21.702  8274  8274 D MCAM_Camera2CompatAdapterRole: Warning: hasSATCamera(): #init() failed.
08-31 20:36:21.702  8274  8274 D MCAM_FragmentZoomToggle: setZoomRatioViewAttr(): initialized zoom ratio: 1.0
08-31 20:36:21.702  8274  8274 D MCAM_ComponentUtil: getSupportedBackZoomOuterValues(): supportedZoomRatios = [0.6, 1.0, 2.0, 3.0, 4.3]
08-31 20:36:21.702  8274  8274 D MCAM_ComponentUtil: getOpticalZoomRatioIndex(): switchButtonIndex = 1
08-31 20:36:21.702  8274  8274 I MCAM_ZoomRatioToggleView: [U_ACTION]: setZoomRatio(): a = ZOOMING_BY_UNKNOWN_SOURCE,i = 0,z = 1.0,ti =1,tz =1.0
08-31 20:36:21.702  8274  8274 D MCAM_ComponentUtil: getSupportedBackZoomOuterValues(): supportedZoomRatios = [0.6, 1.0, 2.0, 3.0, 4.3]
08-31 20:36:21.702  8274  8274 D MCAM_ZoomRatioToggleView: count = 5
08-31 20:36:21.702  8274  8274 D MCAM_ZoomRatioToggleView: old supportedZoomRatios is null,new supportedZoomRatios is [0.6, 1.0, 2.0, 3.0, 4.3],mIsZoomSliderUpdate is false,mCurrentModule is a3
08-31 20:36:21.702  8274  8274 D MCAM_ZoomRatioToggleView: resetAnimators
08-31 20:36:21.702  8274  8274 D MCAM_ComponentUtil: getSupportedBackZoomOuterValues(): supportedZoomRatios = [0.6, 1.0, 2.0, 3.0, 4.3]
08-31 20:36:21.702  8274  8274 D MCAM_ComponentUtil: getOpticalZoomRatioIndex(): switchButtonIndex = 1
08-31 20:36:21.702  8274  8274 E .android.camera: No package ID ff found for resource ID 0xffffffff.
08-31 20:36:21.702  8274  8274 E .android.camera: No package ID ff found for resource ID 0xffffffff.
08-31 20:36:21.702  8274  8274 E .android.camera: No package ID ff found for resource ID 0xffffffff.
08-31 20:36:21.702  8274  8274 E .android.camera: No package ID ff found for resource ID 0xffffffff.
08-31 20:36:21.703  8274  8274 E .android.camera: No package ID ff found for resource ID 0xffffffff.
08-31 20:36:21.703  8274  8274 D MCAM_ComponentUtil: getSupportedBackZoomOuterValues(): supportedZoomRatios = [0.6, 1.0, 2.0, 3.0, 4.3]
08-31 20:36:21.703  8274  8274 D MCAM_ComponentUtil: getOpticalZoomRatioIndex(): switchButtonIndex = 1
08-31 20:36:21.703  8274  8274 D MCAM_ZoomRatioToggleView: setSuppressed(): false
08-31 20:36:21.703  8274  8274 D MCAM_ComponentUtil: getSupportedBackZoomOuterValues(): supportedZoomRatios = [0.6, 1.0, 2.0, 3.0, 4.3]
08-31 20:36:21.703  8274  8274 D MCAM_ComponentUtil: getOpticalZoomRatioIndex(): switchButtonIndex = 1
08-31 20:36:21.703  8274  8274 I MCAM_PermissionManager: getNeedCheckPermissionList() listSize =0
08-31 20:36:21.703  8274  8274 D MCAM_Camera2CompatAdapterRole: E: init()
08-31 20:36:21.703  8274  8274 D MCAM_Camera2CompatAdapterRole: E: reset()
08-31 20:36:21.703  8274  8274 D MCAM_Camera2CompatAdapterRole: X: reset()
08-31 20:36:21.703  8274  8274 D MCAM_Camera2CompatAdapter: getCameraIdList: standard way
08-31 20:36:21.703  8274  8274 D MCAM_Camera2CompatAdapter: getCameraIdList: cameraIdList=[], usableCameraIdNum=10
08-31 20:36:21.703  8274  8274 I MCAM_Camera2CompatAdapterRole: [K_PROCESS]: All available camera ids: []
08-31 20:36:21.703  8274  8274 I MCAM_PermissionManager: getNeedCheckPermissionList() listSize =0
08-31 20:36:21.703  8274  8274 D MCAM_Camera2CompatAdapterRole: E: init()
08-31 20:36:21.703  8274  8274 D MCAM_Camera2CompatAdapterRole: E: reset()
08-31 20:36:21.703  8274  8274 D MCAM_Camera2CompatAdapterRole: X: reset()
08-31 20:36:21.703  8274  8274 D MCAM_Camera2CompatAdapter: getCameraIdList: standard way
08-31 20:36:21.703  8274  8274 D MCAM_Camera2CompatAdapter: getCameraIdList: cameraIdList=[], usableCameraIdNum=10
08-31 20:36:21.703  8274  8274 I MCAM_Camera2CompatAdapterRole: [K_PROCESS]: All available camera ids: []
08-31 20:36:21.703  8274  8274 W MCAM_Camera2CompatAdapterRole: Warning: getMainBackCameraId(): #init() failed.
08-31 20:36:21.703  8274  8274 D MCAM_Camera2CompatAdapter: Warning: getCapabilities(): #init() failed.
08-31 20:36:21.703  8274  8274 D MCAM_ComponentUtil: getSupportedBackZoomOuterValues(): supportedZoomRatios = [0.6, 1.0, 2.0, 3.0, 4.3]
08-31 20:36:21.703  8274  8274 D MCAM_ComponentUtil: getOpticalZoomRatioIndex(): switchButtonIndex = 1
08-31 20:36:21.703  8274  8274 D MCAM_ComponentUtil: getSupportedBackZoomOuterValues(): supportedZoomRatios = [0.6, 1.0, 2.0, 3.0, 4.3]
08-31 20:36:21.703  8274  8274 D MCAM_ComponentUtil: getOpticalZoomRatioIndex(): switchButtonIndex = 1
08-31 20:36:21.703  8274  8274 D MCAM_ComponentUtil: getSupportedBackZoomOuterValues(): supportedZoomRatios = [0.6, 1.0, 2.0, 3.0, 4.3]
08-31 20:36:21.704  8274  8274 D MCAM_ComponentUtil: getSupportedBackZoomOuterValues(): supportedZoomRatios = [0.6, 1.0, 2.0, 3.0, 4.3]
08-31 20:36:21.704  8274  8274 D MCAM_ComponentUtil: getSupportedBackZoomOuterValues(): supportedZoomRatios = [0.6, 1.0, 2.0, 3.0, 4.3]
08-31 20:36:21.704  8274  8274 D MCAM_FragmentZoomToggle: newState = 1 mCurrentState = -1
08-31 20:36:21.704  8274  8274 D MCAM_ZoomRatioToggleView: setVisibility(): VISIBLEO.c.c(SourceFile:15), O.a.d(SourceFile:6), com.android.camera.fragment.dual.FragmentZoomToggle.provideAnimateElement(SourceFile:485), com.android.camera.fragment.dual.FragmentZoomToggle.initView(SourceFile:55), com.android.camera.fragment.AbstractFragment.onCreateView(SourceFile:21), com.android.camera.fragment.BaseFragment.onCreateView(SourceFile:30), androidx.fragment.app.Fragment.performCreateView(SourceFile:26), androidx.fragment.app.FragmentStateManager.createView(SourceFile:201), androidx.fragment.app.FragmentStateManager.moveToExpectedState(SourceFile:124), androidx.fragment.app.FragmentManager.executeOpsTogether(SourceFile:349), androidx.fragment.app.FragmentManager.removeRedundantOperationsAndExecute(SourceFile:81), androidx.fragment.app.FragmentManager.execPendingActions(SourceFile:21), androidx.fragment.app.FragmentManager$5.run(SourceFile:3), android.os.Handler.handleCallback(Handler.java:1095), android.os.Handler.dispatchMessageImpl(Handler.java:135), android.os.Handler.dispatchMessage(Handler.java:125), android.os.Looper.loopOnce(Looper.java:296), android.os.Looper.loop(Looper.java:397), android.app.ActivityThread.main(ActivityThread.java:9583), java.lang.reflect.Method.invoke(Native Method), 
08-31 20:36:21.704  8274  8274 D MCAM_AbstractFragment: onCreateView FragmentZoomToggle
08-31 20:36:21.704  8274  8274 D MCAM_FragmentZoomToggle: onCreateView FragmentZoomToggle
08-31 20:36:21.704  8274  8274 D MCAM_ZoomRatioToggleView: onVisibilityChanged = 0
08-31 20:36:21.704  8274  8274 D MCAM_ViewSpecHelper: setupBySettings()
08-31 20:36:21.704  8274  8274 I MCAM_PermissionManager: getNeedCheckPermissionList() listSize =0
08-31 20:36:21.704  8274  8274 D MCAM_Camera2CompatAdapterRole: E: init()
08-31 20:36:21.704  8274  8274 D MCAM_Camera2CompatAdapterRole: E: reset()
08-31 20:36:21.704  8274  8274 D MCAM_Camera2CompatAdapterRole: X: reset()
08-31 20:36:21.704  8274  8274 D MCAM_Camera2CompatAdapter: getCameraIdList: standard way
08-31 20:36:21.704  8274  8274 D MCAM_Camera2CompatAdapter: getCameraIdList: cameraIdList=[], usableCameraIdNum=10
08-31 20:36:21.704  8274  8274 I MCAM_Camera2CompatAdapterRole: [K_PROCESS]: All available camera ids: []
08-31 20:36:21.704  8274  8274 D MCAM_Camera2CompatAdapter: Warning: getCurrentCameraCapabilities(): mCurrentOpenedCameraId is invalid.
08-31 20:36:21.704  8274  8274 D MCAM_ViewSpecHelper: setupByModule():  modeIndex = 163 isTarget = false isRecording = false
08-31 20:36:21.704  8274  8274 I MCAM_PermissionManager: getNeedCheckPermissionList() listSize =0
08-31 20:36:21.704  8274  8274 D MCAM_Camera2CompatAdapterRole: E: init()
08-31 20:36:21.704  8274  8274 D MCAM_Camera2CompatAdapterRole: E: reset()
08-31 20:36:21.704  8274  8274 D MCAM_Camera2CompatAdapterRole: X: reset()
08-31 20:36:21.705  8274  8274 D MCAM_Camera2CompatAdapter: getCameraIdList: standard way
08-31 20:36:21.705  8274  8274 D MCAM_Camera2CompatAdapter: getCameraIdList: cameraIdList=[], usableCameraIdNum=10
08-31 20:36:21.705  8274  8274 I MCAM_Camera2CompatAdapterRole: [K_PROCESS]: All available camera ids: []
08-31 20:36:21.705  8274  8274 D MCAM_Camera2CompatAdapter: Warning: getCurrentCameraCapabilities(): mCurrentOpenedCameraId is invalid.
08-31 20:36:21.705  8274  8274 I MCAM_PermissionManager: getNeedCheckPermissionList() listSize =0
08-31 20:36:21.705  8274  8274 D MCAM_Camera2CompatAdapterRole: E: init()
08-31 20:36:21.705  8274  8274 D MCAM_Camera2CompatAdapterRole: E: reset()
08-31 20:36:21.705  8274  8274 D MCAM_Camera2CompatAdapterRole: X: reset()
08-31 20:36:21.705  8274  8274 D MCAM_Camera2CompatAdapter: getCameraIdList: standard way
08-31 20:36:21.705  8274  8274 D MCAM_Camera2CompatAdapter: getCameraIdList: cameraIdList=[], usableCameraIdNum=10
08-31 20:36:21.705  8274  8274 I MCAM_Camera2CompatAdapterRole: [K_PROCESS]: All available camera ids: []
08-31 20:36:21.705  8274  8274 D MCAM_Camera2CompatAdapterRole: Warning: hasSATCamera(): #init() failed.
08-31 20:36:21.705  8274  8274 D MCAM_ComponentUtil: getSupportedBackZoomOuterValues(): supportedZoomRatios = [0.6, 1.0, 2.0, 3.0, 4.3]
08-31 20:36:21.705  8274  8274 D MCAM_ZoomRatioToggleView: count = 5
08-31 20:36:21.705  8274  8274 D MCAM_ZoomRatioToggleView: setSuppressed(): false
08-31 20:36:21.705  8274  8274 D MCAM_ZoomRatioToggleView: setSuppressed() ignored: false
08-31 20:36:21.705  8274  8274 D MCAM_ComponentUtil: getSupportedBackZoomOuterValues(): supportedZoomRatios = [0.6, 1.0, 2.0, 3.0, 4.3]
08-31 20:36:21.705  8274  8274 D MCAM_ComponentUtil: getSupportedBackZoomOuterValues(): supportedZoomRatios = [0.6, 1.0, 2.0, 3.0, 4.3]
08-31 20:36:21.705  8274  8274 D MCAM_ComponentUtil: getOpticalZoomRatioIndex(): switchButtonIndex = 1
08-31 20:36:21.705  8274  8274 I MCAM_ZoomRatioToggleView: [U_ACTION]: setZoomRatio(): a = ZOOMING_BY_LAYOUT_CHANGE,i = 1,z = 1.0,ti =1,tz =1.0
08-31 20:36:21.705  8274  8274 D MCAM_ComponentUtil: getSupportedBackZoomOuterValues(): supportedZoomRatios = [0.6, 1.0, 2.0, 3.0, 4.3]
08-31 20:36:21.705  8274  8274 D MCAM_ComponentUtil: getOpticalZoomRatioIndex(): switchButtonIndex = 1
08-31 20:36:21.705  8274  8274 D MCAM_ComponentUtil: getSupportedBackZoomOuterValues(): supportedZoomRatios = [0.6, 1.0, 2.0, 3.0, 4.3]
08-31 20:36:21.705  8274  8274 D MCAM_ComponentUtil: getOpticalZoomRatioIndex(): switchButtonIndex = 1
08-31 20:36:21.705  8274  8274 D MCAM_ComponentUtil: getSupportedBackZoomOuterValues(): supportedZoomRatios = [0.6, 1.0, 2.0, 3.0, 4.3]
08-31 20:36:21.705  8274  8274 D MCAM_ComponentUtil: getSupportedBackZoomOuterValues(): supportedZoomRatios = [0.6, 1.0, 2.0, 3.0, 4.3]
08-31 20:36:21.705  8274  8274 D MCAM_ComponentUtil: getSupportedBackZoomOuterValues(): supportedZoomRatios = [0.6, 1.0, 2.0, 3.0, 4.3]
08-31 20:36:21.705  8274  8274 D MCAM_AnimationComposite: put, key 243, value FragmentMainContent{9a6b9fb} (c04e56aa-47e0-4214-a5a3-27030e112478 id=0x7f0b0500 tag=243)
08-31 20:36:21.705  8274  8274 D MCAM_FragmentMainContent: onAttach FragmentMainContent, type BASIC
08-31 20:36:21.705  8274  8274 V MCAM_FaceView: mMirror=false
08-31 20:36:21.706  8274  8274 I MCAM_PermissionManager: getNeedCheckPermissionList() listSize =0
08-31 20:36:21.706  8274  8274 D MCAM_Camera2CompatAdapterRole: E: init()
08-31 20:36:21.706  8274  8274 D MCAM_Camera2CompatAdapterRole: E: reset()
08-31 20:36:21.706  8274  8274 D MCAM_Camera2CompatAdapterRole: X: reset()
08-31 20:36:21.706  8274  8274 D MCAM_Camera2CompatAdapter: getCameraIdList: standard way
08-31 20:36:21.706  8274  8274 D MCAM_Camera2CompatAdapter: getCameraIdList: cameraIdList=[], usableCameraIdNum=10
08-31 20:36:21.706  8274  8274 I MCAM_Camera2CompatAdapterRole: [K_PROCESS]: All available camera ids: []
08-31 20:36:21.706  8274  8274 D MCAM_Camera2CompatAdapter: Warning: getCurrentCameraCapabilities(): mCurrentOpenedCameraId is invalid.
08-31 20:36:21.706  8274  8274 D MCAM_FragmentMainContent: showCoverView: mCurrentMode = 163
08-31 20:36:21.706  8274  8274 D MCAM_FocusView: reset: type = 7, is draw = false, mIsTouchFocus = false
08-31 20:36:21.706  8274  8274 D MCAM_CinematicFocusView: clear
08-31 20:36:21.706  8274  8274 D MCAM_TrackFocusView: setSkipDraw false
08-31 20:36:21.706  8274  8274 D MCAM_AbstractFragment: onCreateView FragmentMainContent
08-31 20:36:21.706  8274  8274 D MCAM_FragmentMainContent: onCreateView FragmentMainContent
08-31 20:36:21.706  8274  8274 D MCAM_FragmentMainContent: updateCaptureDelayNumberPosition: topMargin = 532, topHeight = 396, fontHeight = 214, viewHeight = 284, offset = 70
08-31 20:36:21.706  8274  8274 D MCAM_FragmentBottomAction: initThumbnailAsThumbnail: 
08-31 20:36:21.707  8274  8274 D MCAM_FragmentBottomAction: set thumbnail clickable: true
08-31 20:36:21.707  8274  8274 D MCAM_CameraIntentManager: start activity when locked: false
08-31 20:36:21.707  8274  8274 I MCAM_PermissionManager: getNeedCheckPermissionList() listSize =0
08-31 20:36:21.707  8274  8274 I MCAM_PermissionManager: checkStoragePermissions on
08-31 20:36:21.707  8274  8274 D MCAM_ThumbnailUpdater: LoadThumbnailTask: thumbnail on task create: null
08-31 20:36:21.707  8274 21105 V MCAM_LifecycleAsyncTask: [WTP]AsyncTask: E. LoadThumbnailTask
08-31 20:36:21.707  8274 21105 D MCAM_ThumbnailUpdater: LoadThumbnailTask: execute task: A.e4$b@14936da. lookAtCache = true
08-31 20:36:21.707  8274  8274 D MCAM_CinematicFocusView: clear
08-31 20:36:21.707  8274  8274 D MCAM_CinematicFocusView: setSkipDraw false
08-31 20:36:21.707  8274  8274 D MCAM_FaceView: setSkipDraw: mSkipDraw=false
08-31 20:36:21.707  8274  8274 D MCAM_TrackFocusView: setSkipDraw false
08-31 20:36:21.707  8274  8274 D MCAM_FocusView: clear: 10
08-31 20:36:21.707  8274  8274 D MCAM_FocusView: reset: type = 10, is draw = false, mIsTouchFocus = false
08-31 20:36:21.707  8274 21105 V MCAM_Thumbnail: getLastMedia baseUri: content://media/external/file, selection: is_favorite != -1 AND (((mime_type='image/jpeg' OR mime_type='image/heic' OR mime_type='image/gif' OR mime_type='image/heif') AND media_type = 1) OR media_type = 3) AND relative_path COLLATE NOCASE ='DCIM/Camera/' AND _size > 0, order: datetaken DESC,_id DESC
08-31 20:36:21.707  8274  8274 I MCAM_ AdaptiveTv: maxFontScale=1.4 minFontScale=0.86 mRealFontScale=0.0
08-31 20:36:21.707  8274  8274 D MCAM_FragmentModeSelector: switchMoreMode open: true, type: 1, mCurrentMode: 163
08-31 20:36:21.707  8274  8274 D MCAM_FragmentMoreModePopup: register
08-31 20:36:21.707  8274  8274 D MCAM_DragEventBusImpl: addOnDragListener: FragmentMoreModePopup
08-31 20:36:21.707  8274  8274 D MCAM_FragmentModeSelector: popup more mode.
08-31 20:36:21.707  8274  8274 D MCAM_FragmentMainTopBar: setHideTopBarExcludeConfigItems: null
08-31 20:36:21.707  8274  8274 D MCAM_FragmentMainTopBar: setTopBarStatus: 0
08-31 20:36:21.707  8274  8274 D MCAM_AnimationComposite: put, key 65526, value FragmentMoreModePopup{dd9da2c} (399a9ea5-069f-4d38-ab95-3d3e959ad623 id=0x7f0b06b2 tag=65526)
08-31 20:36:21.708  8274  8274 D MCAM_FragmentMoreModePopup: onAttach FragmentMoreModePopup, type UNSPECIFIED
08-31 20:36:21.708  8274  8274 I MCAM_Qigsaw: init currentProcessName = com.android.camera
08-31 20:36:21.708  8274  8274 D MCAM_FML: init: split attach cost 0ms
08-31 20:36:21.708  8274  8274 D MCAM_SplitInstallSupervisor: No splits need to uninstall!
08-31 20:36:21.708  8274  8274 I MCAM_SplitLoadManager: Split mimojifu2 will work in process com.android.camera, but it is not installed
08-31 20:36:21.708  8274  8274 I MCAM_SplitLoadManager: Split milive will work in process com.android.camera, but it is not installed
08-31 20:36:21.708  8274  8274 I MCAM_SplitLoadManager: Split panorama will work in process com.android.camera, but it is not installed
08-31 20:36:21.708  8274  8274 I MCAM_SplitLoadManager: Split ambilight will work in process com.android.camera, but it is not installed
08-31 20:36:21.708  8274  8274 I MCAM_SplitLoadManager: Split vlog2 will work in process com.android.camera, but it is not installed
08-31 20:36:21.708  8274  8274 I MCAM_SplitLoadManager: Split clone will work in process com.android.camera, but it is not installed
08-31 20:36:21.708  8274  8274 I MCAM_SplitLoadManager: Split movielens will work in process com.android.camera, but it is not installed
08-31 20:36:21.708  8274  8274 W MCAM_SplitLoadManager: There are no installed splits!
08-31 20:36:21.708  8274  8274 D SplitInstallManagerImpl: App has no fused modules.
08-31 20:36:21.708  8274  8274 D SplitInstallManagerImpl: Split names are: []
08-31 20:36:21.709  8274  8274 D MCAM_ModeItemDecoration: init ModeItemDecoration, mModeListPaddingHor = 67, mItemWidth = 384, 
08-31 20:36:21.709  8274  8274 D MCAM_BaseModeAdapter: setRotate 0
08-31 20:36:21.709  8274  8274 D MCAM_BaseModeAdapter: setRotate 0
08-31 20:36:21.709  8274  8274 D MCAM_AbstractFragment: onCreateView FragmentMoreModePopup
08-31 20:36:21.709  8274  8274 D MCAM_FragmentMoreModePopup: onCreateView FragmentMoreModePopup
08-31 20:36:21.709  8274  8274 D MCAM_RxLiveData: DataObservable add:FragmentMoreModePopup
08-31 20:36:21.709  8274  8274 D MCAM_BaseBlurView: setEnableBlur: false setPassWindowBlurEnable result: false
08-31 20:36:21.709  8274  8274 D MCAM_Delegate@173014841: processOperation done : OptRequest@48839038
08-31 20:36:21.709  8274  8274 D MCAM_FeatureUIManager: setBasicUICreated
08-31 20:36:21.709  8274  8274 D MCAM_BaseModule: notifyModuleUICreated 163
08-31 20:36:21.709  8274  8274 D MCAM_Camera@179966371: load basic ui done. activity is paused? : false
08-31 20:36:21.709  8274  8274 I MCAM_PermissionManager: getNeedCheckPermissionList() listSize =0
08-31 20:36:21.709  8274  8274 D MCAM_Camera2CompatAdapterRole: E: init()
08-31 20:36:21.709  8274  8274 D MCAM_Camera2CompatAdapterRole: E: reset()
08-31 20:36:21.709  8274  8274 D MCAM_Camera2CompatAdapterRole: X: reset()
08-31 20:36:21.709  8274  8274 D MCAM_Camera2CompatAdapter: getCameraIdList: standard way
08-31 20:36:21.709  8274  8274 D MCAM_Camera2CompatAdapter: getCameraIdList: cameraIdList=[], usableCameraIdNum=10
08-31 20:36:21.709  8274  8274 I MCAM_Camera2CompatAdapterRole: [K_PROCESS]: All available camera ids: []
08-31 20:36:21.709  8274  8274 D MCAM_Camera2CompatAdapter: Warning: getCurrentCameraCapabilities(): mCurrentOpenedCameraId is invalid.
08-31 20:36:21.709  8274  8274 V MCAM_Delegate@173014841: loadModule + opts {MAIN_CONTENT=[opt{o:ADD,c:MAIN_CONTENT,f:FFFFF,sf:F0'}], POPUP_TIPS=[opt{o:ADD,c:POPUP_TIPS,f:FFF9,sf:F0'}], PREVIEW_ROOT=[opt{o:ADD,c:PREVIEW_ROOT,f:FFC,sf:F0'}, opt{o:ADD,c:PREVIEW_ROOT,f:F8,sf:F0'}, opt{o:ADD,c:PREVIEW_ROOT,f:FFFFFF2,sf:F0'}], }
08-31 20:36:21.709  8274  8274 V MCAM_Delegate@173014841: diffOpts : new {MAIN_CONTENT=[opt{o:ADD,c:MAIN_CONTENT,f:FFFFF,sf:F0'}], POPUP_TIPS=[opt{o:ADD,c:POPUP_TIPS,f:FFF9,sf:F0'}], PREVIEW_ROOT=[opt{o:ADD,c:PREVIEW_ROOT,f:FFC,sf:F0'}, opt{o:ADD,c:PREVIEW_ROOT,f:F8,sf:F0'}, opt{o:ADD,c:PREVIEW_ROOT,f:FFFFFF2,sf:F0'}], }
08-31 20:36:21.709  8274  8274 V MCAM_Delegate@173014841: loadModule dync keys : null
08-31 20:36:21.709  8274  8274 V MCAM_Delegate@173014841: loadModule types [MAIN_CONTENT, POPUP_TIPS, PREVIEW_ROOT]
08-31 20:36:21.709  8274  8274 V MCAM_Delegate@173014841: loadModule cfs {[CONTROL_BAR|0|(F4,F1)] [MODE_SELECTOR|0|(F2)] [DUAL_CAMERA|0|(B7)] [MAIN_CONTENT|0|(F3)]}
08-31 20:36:21.710  8274  8274 V MCAM_OptRequest@95325541: apply start, async true
08-31 20:36:21.710  8274  8274 D MCAM_AbstractFragment: load FragmentWatermarkPreview by async inflater.
08-31 20:36:21.710  8274  8274 D MCAM_AnimationComposite: put, key 1048575, value FragmentWatermarkPreview{b852a3a} (5976eb1a-e0aa-45ef-9977-ee4f34f1a641)
08-31 20:36:21.710  8274  8274 D MCAM_AbstractFragment: load FragmentBottomPopupTips by async inflater.
08-31 20:36:21.710  8274  8274 D MCAM_AnimationComposite: put, key 65529, value FragmentBottomPopupTips{5954c48} (bb3ddff8-1bb3-4a63-be5c-562ee65a7114)
08-31 20:36:21.710  8274  8274 D MCAM_AbstractFragment: load FragmentPanelBackground by async inflater.
08-31 20:36:21.710  8274  8274 D MCAM_AnimationComposite: put, key 4092, value FragmentPanelBackground{57f9ae1} (3f5cd6cc-13b2-4335-8878-b7f2cb8ecfdb)
08-31 20:36:21.710  8274  8274 D MCAM_AbstractFragment: load FragmentHaloOld by async inflater.
08-31 20:36:21.710  8274  8274 D MCAM_AnimationComposite: put, key 248, value FragmentHaloOld{38bb006} (77c07467-4cb0-4008-b088-c45fc95f2ea2)
08-31 20:36:21.710  8274  8274 D MCAM_AbstractFragment: load FragmentReferenceLine by async inflater.
08-31 20:36:21.710  8274  8274 D MCAM_AnimationComposite: put, key 268435442, value FragmentReferenceLine{fd6e4f4} (87f6ed19-7f3b-4442-9f20-2019209c3099)
08-31 20:36:21.710  8274  8274 V MCAM_Delegate@173014841: loadModule - opts [opt{o:ADD,c:MAIN_CONTENT,f:FFFFF,sf:F0'}, opt{o:ADD,c:POPUP_TIPS,f:FFF9,sf:F0'}, opt{o:ADD,c:PREVIEW_ROOT,f:FFC,sf:F0'}, opt{o:ADD,c:PREVIEW_ROOT,f:F8,sf:F0'}, opt{o:ADD,c:PREVIEW_ROOT,f:FFFFFF2,sf:F0'}]
08-31 20:36:21.710  8274  8274 W MCAM_AnimationComposite: disposeRotation, return
08-31 20:36:21.711  8274 10607 E .android.camera: No package ID ff found for resource ID 0xffffffff.
08-31 20:36:21.711  8274 21105 D MCAM_ThumbnailUpdater: LoadThumbnailTask: lastUri = null
08-31 20:36:21.711  8274 21105 D MCAM_ThumbnailUpdater: LoadThumbnailTask: currentThumbnail = null
08-31 20:36:21.711  8274 21105 D MCAM_CameraIntentManager: start activity when locked: false
08-31 20:36:21.711  8274 21105 V MCAM_Thumbnail: getLastMedia baseUri: content://media/external/file, selection: is_favorite != -1 AND (((mime_type='image/jpeg' OR mime_type='image/heic' OR mime_type='image/gif' OR mime_type='image/heif') AND media_type = 1) OR media_type = 3) AND relative_path COLLATE NOCASE ='DCIM/Camera/' AND _size > 0, order: datetaken DESC,_id DESC
08-31 20:36:21.711  8274 10607 E .android.camera: No package ID ff found for resource ID 0xffffffff.
08-31 20:36:21.711  8274 10607 E .android.camera: No package ID ff found for resource ID 0xffffffff.
08-31 20:36:21.711  8274 10607 E .android.camera: No package ID ff found for resource ID 0xffffffff.
08-31 20:36:21.713  8274 21105 D MCAM_Thumbnail: getLatestThumbnailFromPPP: dateTaken = 0
08-31 20:36:21.713  8274 21105 D MCAM_Thumbnail: getLastThumbnailFromContentResolver: lastUri = null
08-31 20:36:21.713  8274 21105 D MCAM_ThumbnailUpdater: LoadThumbnailTask: get last thumbnail from provider. code = 0, thumbnail = null
08-31 20:36:21.713  8274 21105 V MCAM_LifecycleAsyncTask: [WTP]AsyncTask: X. LoadThumbnailTask
08-31 20:36:21.713  8274  8274 D MCAM_AudioMapMove: setOnAudioMapPressAnimatorListener()
08-31 20:36:21.713  8274  8274 D MCAM_RecordingTimeLayoutManager: setRotateLayout: NONE_ROTATE_LAYOUT
08-31 20:36:21.714  8274  8274 D MCAM_AbstractFragment: onCreateView FragmentTopAlert
08-31 20:36:21.714  8274  8274 D MCAM_FragmentTopAlert: onCreateView FragmentTopAlert
08-31 20:36:21.714  8274  8274 D MCAM_RecordingTimeLayoutManager: setRotateLayout: NONE_ROTATE_LAYOUT
08-31 20:36:21.714  8274  8274 D MCAM_FragmentTopAlert: onStart
08-31 20:36:21.714  8274  8274 D MCAM_Delegate@173014841: processOperation done : OptRequest@81749008
08-31 20:36:21.714  8274  8274 V MCAM_Delegate@173014841: commit done,  cfs: {[CONTROL_BAR|0|(F4,F1)] [MODE_SELECTOR|0|(F2)] [DUAL_CAMERA|0|(B7)] [MAIN_CONTENT|0|(F3)] [POPUP_TIPS|0|0][PREVIEW_ROOT|0|0]} hide owner: {}
08-31 20:36:21.714  8274  8274 E MCAM_CameraTimer: notifyNumber: 0 | 0 | 3
08-31 20:36:21.715  8274  8274 D VRI[Camera]: WindowInsets changed: 1440x3200 navigationBars:[0,0,0,84] mandatorySystemGestures:[0,211,0,112] 
08-31 20:36:21.715  8274  8274 D WindowOnBackDispatcher: setTopOnBackInvokedCallback (unwrapped): android.view.ViewRootImpl$$ExternalSyntheticLambda14@784f76d
08-31 20:36:21.715  3042  7364 D CoreBackPreview: Window{5df016 u0 com.android.camera/com.android.camera.Camera}: Setting back callback OnBackInvokedCallbackInfo{mCallback=android.window.IOnBackInvokedCallback$Stub$Proxy@2379a87, mPriority=0, mIsAnimationCallback=false, mOverrideBehavior=0}
08-31 20:36:21.715  3042  7364 D WindowManager: setClientSurface Surface(name=VRI-com.android.camera/com.android.camera.Camera#263)/@0xe2c1db4 for 5df016 com.android.camera/com.android.camera.Camera
08-31 20:36:21.716  8274  8274 I Surface : Creating surface for consumer unnamed-8274-27 with slotExpansion=1 for 64 slots
08-31 20:36:21.716  8274  8274 I Surface : Creating surface for consumer VRI[Camera]#12(BLAST Consumer)12 with slotExpansion=1 for 64 slots
08-31 20:36:21.719  8274  8274 D MCAM_DragLayout: setState: 3
08-31 20:36:21.719  8274  8274 I MCAM_ AdaptiveTv: maxFontScale=1.4 minFontScale=0.86 mRealFontScale=0.0
08-31 20:36:21.719  8274  8274 I MCAM_ AdaptiveTv: maxFontScale=1.4 minFontScale=0.86 mRealFontScale=0.0
08-31 20:36:21.719  8274  8274 I MCAM_ AdaptiveTv: maxFontScale=1.4 minFontScale=0.86 mRealFontScale=0.0
08-31 20:36:21.719  8274  8274 I MCAM_ AdaptiveTv: maxFontScale=1.4 minFontScale=0.86 mRealFontScale=0.0
08-31 20:36:21.720  8274  8274 I MCAM_ AdaptiveTv: maxFontScale=1.4 minFontScale=0.86 mRealFontScale=0.0
08-31 20:36:21.720  8274  8274 D MCAM_ModeSelectView: [onCreateViewHolder] h&f
08-31 20:36:21.720  8274  8274 D MCAM_ModeSelectView: ModeSelectViewHolder: h&f
08-31 20:36:21.720  8274  8274 I MCAM_ AdaptiveTv: maxFontScale=1.4 minFontScale=0.86 mRealFontScale=0.0
08-31 20:36:21.720  8274  8274 D MCAM_TopBarView: E: dispatchLayoutStep: mLayoutStep=1
08-31 20:36:21.720  8274  8274 D MCAM_TopBarView: dispatchLayoutStep1::processAdapterUpdatesAndSetAnimationFlags
08-31 20:36:21.720  8274  8274 D MCAM_TopBarView: dispatchLayoutStep1::AdapterHelper::preProcess: mPendingUpdates.size=0
08-31 20:36:21.720  8274  8274 D MCAM_TopBarView: setInPreLayout=false
08-31 20:36:21.720  8274  8274 D MCAM_TopBarView: dispatchLayoutStep1: mLayoutStep=1,getItemCount=5
08-31 20:36:21.720  8274  8274 D MCAM_TopBarView: dispatchLayoutStep2: mLayoutStep=2
08-31 20:36:21.720  8274  8274 D MCAM_TopBarView: setInPreLayout=false
08-31 20:36:21.720  8274  8274 D MCAM_TopBarView: detachAndScrapAttachedViews childCount:0
08-31 20:36:21.720  8274  8274 D MCAM_TopBarAdapter: getItemViewType=0,{configItem=FLASH gravity=START enable=true index=0 }
08-31 20:36:21.720  8274  8274 D MCAM_TopBarAdapter: onCreateViewHolder: viewType=0
08-31 20:36:21.720  8274  8274 D MCAM_TopBarAdapter: onBindViewHolder=TopBarViewHolder{a918023, configItem=0, position=0, id=-1, oldPos=-1, pLpos:-1 itemView=com.android.camera2.compat.theme.custom.mm.top.StrikethroughImageView{3106920 V.ED..... ......ID 0,0-0,0} Flags=1 no parent gravity=8388611 text=null}
08-31 20:36:21.720  8274  8274 D MCAM_TopBarAdapter: onBindViewHolder: topConfigItem={configItem=FLASH gravity=START enable=true index=0 }
08-31 20:36:21.720  8274  8274 D MCAM_TopBarAdapter: onBindViewHolder: topItemResource={TopItemResource={newImageResourceId=2131232139,topSelectedAnimID=0,mContentDescriptionStringId=0,contentDescriptString=Flash is off,isActivated=false,visibility=0,text=null,isDisable=false}}
08-31 20:36:21.720  8274  8274 D MCAM_TopBarAdapter: updateView=TopBarViewHolder{a918023, configItem=FLASH, position=0, id=-1, oldPos=-1, pLpos:-1 itemView=com.android.camera2.compat.theme.custom.mm.top.StrikethroughImageView{3106920 V.ED..... ......ID 0,0-0,0} Flags=1 no parent gravity=8388611 text=Flash is off}
08-31 20:36:21.721  8274  8274 D MCAM_TopBarAdapter: getItemViewType=0,{configItem=MOTION_CAPTURE gravity=START enable=true index=1 }
08-31 20:36:21.721  8274  8274 D MCAM_TopBarAdapter: onCreateViewHolder: viewType=0
08-31 20:36:21.721  8274  8274 D MCAM_TopBarAdapter: onBindViewHolder=TopBarViewHolder{562f74c, configItem=0, position=1, id=-1, oldPos=-1, pLpos:-1 itemView=com.android.camera2.compat.theme.custom.mm.top.StrikethroughImageView{344a395 V.ED..... ......ID 0,0-0,0} Flags=1 no parent gravity=8388611 text=null}
08-31 20:36:21.721  8274  8274 D MCAM_TopBarAdapter: onBindViewHolder: topConfigItem={configItem=MOTION_CAPTURE gravity=START enable=true index=1 }
08-31 20:36:21.721  8274  8274 D MCAM_TopBarAdapter: onBindViewHolder: topItemResource={TopItemResource={newImageResourceId=0,topSelectedAnimID=2131951639,mContentDescriptionStringId=2132017357,contentDescriptString=null,isActivated=false,visibility=0,text=null,isDisable=false}}
08-31 20:36:21.721  8274  8274 D MCAM_TopBarAdapter: updateView=TopBarViewHolder{562f74c, configItem=MOTION_CAPTURE, position=1, id=-1, oldPos=-1, pLpos:-1 itemView=com.android.camera2.compat.theme.custom.mm.top.StrikethroughImageView{344a395 V.ED..... ......ID 0,0-0,0} Flags=1 no parent gravity=8388611 text=Motion capture is off}
08-31 20:36:21.721  8274  8274 I MCAM_ComponentRunningTopItemAnim: getTopItemImageAnim: configItem = 149 animRes = -1
08-31 20:36:21.721  8274  8274 D MCAM_ComponentRunningTopItemAnim: isCurrentAnimIdSame = 149 lastAnimId = -1 newAnimId = 2131951639
08-31 20:36:21.721  8274  8274 I MCAM_ComponentRunningTopItemAnim: getTopItemImageAnim: configItem = 149 animRes = -1
08-31 20:36:21.721  8274  8274 D MCAM_ComponentRunningTopItemAnim: configItem = 149 lastAnimId = -1 newAnimId = 2131951639
08-31 20:36:21.721  8274  8274 I MCAM_ComponentRunningTopItemAnim: setTopItemImageAnim: configItem = 149 newAnimRes = 2131951639
08-31 20:36:21.721  8274  8274 I MCAM_TopBarAdapter: enableAnim = false,{configItem=MOTION_CAPTURE gravity=START enable=true index=1 }
08-31 20:36:21.721  8274  8274 D MCAM_TopBarAdapter: showJsonLastFrame: TopBarViewHolder{562f74c, configItem=MOTION_CAPTURE, position=1, id=-1, oldPos=-1, pLpos:-1 itemView=com.android.camera2.compat.theme.custom.mm.top.StrikethroughImageView{344a395 V.ED..... ......ID 0,0-0,0} Flags=1 no parent gravity=8388611 text=Motion capture is off}
08-31 20:36:21.721  8274  8274 D MCAM_TopBarAdapter: getItemViewType=0,{configItem=AI_DETECT gravity=START enable=true index=2 }
08-31 20:36:21.721  8274  8274 D MCAM_TopBarAdapter: onCreateViewHolder: viewType=0
08-31 20:36:21.721  8274  8274 D MCAM_TopBarAdapter: onBindViewHolder=TopBarViewHolder{685db77, configItem=0, position=2, id=-1, oldPos=-1, pLpos:-1 itemView=com.android.camera2.compat.theme.custom.mm.top.StrikethroughImageView{4e6e3e4 V.ED..... ......ID 0,0-0,0} Flags=1 no parent gravity=8388611 text=null}
08-31 20:36:21.721  8274  8274 D MCAM_TopBarAdapter: onBindViewHolder: topConfigItem={configItem=AI_DETECT gravity=START enable=true index=2 }
08-31 20:36:21.721  8274  8274 D MCAM_TopBarAdapter: onBindViewHolder: topItemResource={TopItemResource={newImageResourceId=2131231732,topSelectedAnimID=0,mContentDescriptionStringId=2132020731,contentDescriptString=null,isActivated=false,visibility=0,text=null,isDisable=false}}
08-31 20:36:21.721  8274  8274 D MCAM_TopBarAdapter: updateView=TopBarViewHolder{685db77, configItem=AI_DETECT, position=2, id=-1, oldPos=-1, pLpos:-1 itemView=com.android.camera2.compat.theme.custom.mm.top.StrikethroughImageView{4e6e3e4 V.ED..... ......ID 0,0-0,0} Flags=1 no parent gravity=8388611 text=Google Lens}
08-31 20:36:21.721  8274  8274 D MCAM_TopBarAdapter: getItemViewType=0,{configItem=MORE gravity=CENTER enable=true index=3 }
08-31 20:36:21.721  8274  8274 D MCAM_TopBarAdapter: onCreateViewHolder: viewType=0
08-31 20:36:21.721  8274  8274 D MCAM_TopBarAdapter: onBindViewHolder=TopBarViewHolder{4205a50, configItem=0, position=3, id=-1, oldPos=-1, pLpos:-1 itemView=com.android.camera2.compat.theme.custom.mm.top.StrikethroughImageView{72b0449 V.ED..... ......ID 0,0-0,0} Flags=1 no parent gravity=17 text=null}
08-31 20:36:21.721  8274  8274 D MCAM_TopBarAdapter: onBindViewHolder: topConfigItem={configItem=MORE gravity=CENTER enable=true index=3 }
08-31 20:36:21.721  8274  8274 D MCAM_TopBarAdapter: onBindViewHolder: topItemResource={TopItemResource={newImageResourceId=0,topSelectedAnimID=0,mContentDescriptionStringId=0,contentDescriptString=null,isActivated=false,visibility=0,text=null,isDisable=false}}
08-31 20:36:21.721  8274  8274 D MCAM_TopBarAdapter: updateView=TopBarViewHolder{4205a50, configItem=MORE, position=3, id=-1, oldPos=-1, pLpos:-1 itemView=com.android.camera2.compat.theme.custom.mm.top.StrikethroughImageView{72b0449 V.ED..... ......ID 0,0-0,0} Flags=1 no parent gravity=17 text=null}
08-31 20:36:21.721  8274  8274 W MCAM_TopBarView: View has not been assigned a layout position！
08-31 20:36:21.721  8274  8274 D MCAM_TopBarAdapter: getItemViewType=0,{configItem=CV_TYPE gravity=END enable=true index=4 }
08-31 20:36:21.721  8274  8274 D MCAM_TopBarAdapter: onCreateViewHolder: viewType=0
08-31 20:36:21.721  8274  8274 D MCAM_TopBarAdapter: onBindViewHolder=TopBarViewHolder{738cb7c, configItem=0, position=4, id=-1, oldPos=-1, pLpos:-1 itemView=com.android.camera2.compat.theme.custom.mm.top.StrikethroughImageView{f169c05 V.ED..... ......ID 0,0-0,0} Flags=1 no parent gravity=8388613 text=null}
08-31 20:36:21.722  8274  8274 D MCAM_TopBarAdapter: onBindViewHolder: topConfigItem={configItem=CV_TYPE gravity=END enable=true index=4 }
08-31 20:36:21.722  8274  8274 D MCAM_TopBarAdapter: onBindViewHolder: topItemResource={TopItemResource={newImageResourceId=2131231848,topSelectedAnimID=0,mContentDescriptionStringId=2132018554,contentDescriptString=null,isActivated=false,visibility=0,text=null,isDisable=false}}
08-31 20:36:21.722  8274  8274 D MCAM_TopBarAdapter: updateView=TopBarViewHolder{738cb7c, configItem=CV_TYPE, position=4, id=-1, oldPos=-1, pLpos:-1 itemView=com.android.camera2.compat.theme.custom.mm.top.StrikethroughImageView{f169c05 V.ED..... ......ID 0,0-0,0} Flags=1 no parent gravity=8388613 text=Leica Vibrant}
08-31 20:36:21.722  8274  8274 W DrawableManager: Only the nonUI thread can load encrypted drawable.
08-31 20:36:21.722  8274  8274 D MCAM_TopBarView: setReverseLayout=false
08-31 20:36:21.722  8274  8274 D MCAM_TopBarView: fillLeftViews: viewHolder=TopBarViewHolder{a918023, configItem=FLASH, position=0, id=-1, oldPos=-1, pLpos:-1 itemView=com.android.camera2.compat.theme.custom.mm.top.StrikethroughImageView{3106920 V.ED..C.. ......ID 0,0-0,0} Flags=1 no parent gravity=8388611 text=Flash is off}
08-31 20:36:21.722  8274  8274 D MCAM_TopBarView: layoutChunk
08-31 20:36:21.722  8274  8274 D MCAM_TopBarView: fillLeftViews: viewHolder=TopBarViewHolder{562f74c, configItem=MOTION_CAPTURE, position=1, id=-1, oldPos=-1, pLpos:-1 itemView=com.android.camera2.compat.theme.custom.mm.top.StrikethroughImageView{344a395 V.ED..C.. ......ID 0,0-0,0} Flags=1 no parent gravity=8388611 text=Motion capture is off}
08-31 20:36:21.722  8274  8274 D MCAM_TopBarView: layoutChunk
08-31 20:36:21.722  8274  8274 D MCAM_TopBarView: fillLeftViews: viewHolder=TopBarViewHolder{685db77, configItem=AI_DETECT, position=2, id=-1, oldPos=-1, pLpos:-1 itemView=com.android.camera2.compat.theme.custom.mm.top.StrikethroughImageView{4e6e3e4 V.ED..C.. ......ID 0,0-0,0} Flags=1 no parent gravity=8388611 text=Google Lens}
08-31 20:36:21.722  8274  8274 D MCAM_TopBarView: layoutChunk
08-31 20:36:21.722  8274  8274 D MCAM_TopBarView: setReverseLayout=true
08-31 20:36:21.722  8274  8274 D MCAM_TopBarView: fillRightViews: viewHolder=TopBarViewHolder{738cb7c, configItem=CV_TYPE, position=4, id=-1, oldPos=-1, pLpos:-1 itemView=com.android.camera2.compat.theme.custom.mm.top.StrikethroughImageView{f169c05 V.ED..C.. ......ID 0,0-0,0} Flags=1 no parent gravity=8388613 text=Leica Vibrant}
08-31 20:36:21.722  8274  8274 D MCAM_TopBarView: layoutChunk
08-31 20:36:21.722  8274  8274 D MCAM_TopBarView: dispatchLayoutStep3: mLayoutStep=4
08-31 20:36:21.722  8274  8274 D MCAM_TopBarView: dispatchLayoutStep3: Not Animations, ChildCount=4
08-31 20:36:21.722  8274  8274 D MCAM_TopBarView: X: dispatchLayoutStep: mLayoutStep=1
08-31 20:36:21.722  8274  8274 W MCAM_ModeSelectView: onScrolled: view not init!
08-31 20:36:21.722  8274  8274 W View    : requestLayout() improperly called by com.android.camera.ui.zoom.ZoomTextImageView{c69f381 V.ED..C.. ......ID 0,0-182,220} during layout: running second layout pass
08-31 20:36:21.722  8274  8274 W View    : requestLayout() improperly called by com.android.camera.ui.zoom.ZoomTextImageView{8142c26 V.ED..C.. ..S...ID 182,0-328,220} during layout: running second layout pass
08-31 20:36:21.722  8274  8274 W View    : requestLayout() improperly called by com.android.camera.ui.zoom.ZoomTextImageView{16e9067 V.ED..C.. ......ID 328,0-474,220} during layout: running second layout pass
08-31 20:36:21.722  8274  8274 W View    : requestLayout() improperly called by com.android.camera.ui.zoom.ZoomTextImageView{2bd0e14 V.ED..C.. ......ID 474,0-620,220} during layout: running second layout pass
08-31 20:36:21.722  8274  8274 W View    : requestLayout() improperly called by com.android.camera.ui.zoom.ZoomTextImageView{c4146bd V.ED..C.. ......ID 620,0-802,220} during layout: running second layout pass
08-31 20:36:21.722  8274  8274 D MCAM_FragmentBottomAction: ThumbnailGlobalRect: Rect(103, 2742 - 190, 2829)
08-31 20:36:21.722  8274  8274 D MCAM_ModeSelectView: onGlobalLayout mCurMode 163
08-31 20:36:21.722  8274  8274 I MCAM_ AdaptiveTv: maxFontScale=1.4 minFontScale=0.86 mRealFontScale=0.0
08-31 20:36:21.722  8274  8274 D MCAM_ModeSelectView: moveToPosition select pos = 3, offset = 582, mode = 163
08-31 20:36:21.723  8274  8274 D MCAM_ComponentUtil: getSupportedBackZoomOuterValues(): supportedZoomRatios = [0.6, 1.0, 2.0, 3.0, 4.3]
08-31 20:36:21.723  8274  8274 D MCAM_ComponentUtil: getOpticalZoomRatioIndex(): switchButtonIndex = 1
08-31 20:36:21.723  8274  8274 D MCAM_ComponentUtil: getSupportedBackZoomOuterValues(): supportedZoomRatios = [0.6, 1.0, 2.0, 3.0, 4.3]
08-31 20:36:21.723  8274  8274 D MCAM_ComponentUtil: getOpticalZoomRatioIndex(): switchButtonIndex = 1
08-31 20:36:21.724  8274  8274 I MCAM_FragmentWatermarkPreview: pendingShow: fragment is not added, return.
08-31 20:36:21.724  8274  8274 I MCAM_FragmentBottomPopupTips: pendingShow: fragment is not added, return.
08-31 20:36:21.724  8274  8274 I MCAM_FragmentPanelBackground: pendingShow: fragment is not added, return.
08-31 20:36:21.724  8274  8274 I MCAM_FragmentHaloOld: pendingShow: fragment is not added, return.
08-31 20:36:21.724  8274  8274 I MCAM_FragmentReferenceLine: pendingShow: fragment is not added, return.
08-31 20:36:21.724  8274  8274 W WindowOnBackDispatcher: OnBackInvokedCallback is not enabled for the application.
08-31 20:36:21.724  8274  8274 W WindowOnBackDispatcher: Set 'android:enableOnBackInvokedCallback="true"' in the application manifest.
08-31 20:36:21.724  8274  8274 V MCAM_OptRequest@95325541: apply end
08-31 20:36:21.724  8274  8274 D MCAM_ThumbnailUpdater: LoadThumbnailTask onPostExecute, thumbnail is null, not canceled, noNeedUpdateThumbnail is false
08-31 20:36:21.724  8274  8274 D MCAM_ThumbnailUpdater: LoadThumbnailTask: thumbnail on task complete: null
08-31 20:36:21.724  8274  8274 D VRI[Camera]: WindowInsets changed: statusBars:[0,169,0,0] 
08-31 20:36:21.731  8274  8274 D MCAM_CameraIntentManager: start activity when locked: false
08-31 20:36:21.731  8274  8274 I MCAM_Camera@179966371: [K_PROCESS]: onWindowFocusChanged: hasFocus=true, isLockScreenLaunch=false
08-31 20:36:21.731  8274  8274 I MCAM_Camera@179966371: [K_PROCESS]: camera2Proxy=null; isCameraDisconnected=true
08-31 20:36:21.731  8274  8274 D MCAM_Camera2Module: onWindowFocusChanged: true
08-31 20:36:21.731  8274  8274 V MCAM_CameraBrightness: onWindowFocusChanged hasFocus=true
08-31 20:36:21.731  8274  8274 E MCAM_PalmRejectHelper: PalmRejectHelper: iTouchFeature error miui.util.ITouchFeature
08-31 20:36:21.731  8274  8274 E MCAM_ModuleUtil: com.android.camera.module.BaseModule.isDeviceAndModuleAlive(SourceFile:27), com.android.camera.module.BaseModule.checkActivityOrientation(SourceFile:0), |device: invalid module: destroyed|departed
08-31 20:36:21.731  8274  8274 D MCAM_AnimationComposite: put, key 1048575, value FragmentWatermarkPreview{b852a3a} (5976eb1a-e0aa-45ef-9977-ee4f34f1a641 id=0x7f0b0500 tag=1048575)
08-31 20:36:21.731  8274  8274 D MCAM_AbstractFragment: onCreateView FragmentWatermarkPreview
08-31 20:36:21.732  6928  6928 I SubtypeOperator: SubtypeOperator$1.onUnbindInput():43 
08-31 20:36:21.732  8274  8274 D MCAM_AnimationComposite: put, key 65529, value FragmentBottomPopupTips{5954c48} (bb3ddff8-1bb3-4a63-be5c-562ee65a7114 id=0x7f0b010b tag=65529)
08-31 20:36:21.732  8274  8274 D MCAM_FragmentBottomPopupTips: onAttach FragmentBottomPopupTips, type MODULE
08-31 20:36:21.732  8274  8274 D MCAM_FragmentBottomPopupTips: onCreate: 
08-31 20:36:21.732  8274  8274 D MCAM_DragEventBusImpl: addOnDragListener: FragmentBottomPopupTips
08-31 20:36:21.732  3042  3596 W InputChannel-JNI: Channel already disposed.
08-31 20:36:21.732  6928  6928 I SubtypeOperator: SubtypeOperator$1.onBindInput():33 
08-31 20:36:21.732  8274  8274 D MCAM_FragmentBottomPopupTips: onBackEvent: 5
08-31 20:36:21.732  8274  8274 D MCAM_FragmentBottomPopupTips: hideAllDynamicTips
08-31 20:36:21.732  8274  8274 D MCAM_FragmentBottomPopupTips: updateTipImage mCustomRoot is null : false
08-31 20:36:21.732  6928  6928 I GoogleInputMethodService: GoogleInputMethodService.onFinishInput():2361 
08-31 20:36:21.732  8274  8274 V MCAM_ComponentRunningShine: initBeautyValuesByJson 
08-31 20:36:21.732  8274  8274 I MCAM_PermissionManager: getNeedCheckPermissionList() listSize =0
08-31 20:36:21.732  8274  8274 D MCAM_Camera2CompatAdapterRole: E: init()
08-31 20:36:21.732  8274  8274 D MCAM_Camera2CompatAdapterRole: E: reset()
08-31 20:36:21.732  8274  8274 D MCAM_Camera2CompatAdapterRole: X: reset()
08-31 20:36:21.732  8274  8274 D MCAM_Camera2CompatAdapter: getCameraIdList: standard way
08-31 20:36:21.732  6928  6928 I GoogleInputMethodService: GoogleInputMethodService.onStartInput():1532 onStartInput(EditorInfo{EditorInfo{packageName=com.android.camera, inputType=0, inputTypeString=NULL, enableLearning=false, autoCorrection=false, autoComplete=false, imeOptions=0, privateImeOptions=null, actionName=UNSPECIFIED, actionLabel=null, initialSelStart=-1, initialSelEnd=-1, initialCapsMode=0, label=null, fieldId=0, fieldName=null, extras=null, hintText=null, hintLocales=[]}}, false)
08-31 20:36:21.732  8274  8274 D MCAM_Camera2CompatAdapter: getCameraIdList: cameraIdList=[], usableCameraIdNum=10
08-31 20:36:21.732  8274  8274 I MCAM_Camera2CompatAdapterRole: [K_PROCESS]: All available camera ids: []
08-31 20:36:21.732  6928 20035 I Module  : DeviceLockedStatusModuleProvider$Module.updateDeviceLockedStatusInternal():119 repeatCheckTimes = 0, locked = false
08-31 20:36:21.732  3042  3080 I ImeTracker: system_server:4ffa953: onRequestHide at ORIGIN_SERVER reason IME_REQUESTED_CHANGED_LISTENER fromUser false displayId 0
08-31 20:36:21.732  8274  8274 D MCAM_Camera2CompatAdapter: Warning: getCurrentCameraCapabilities(): mCurrentOpenedCameraId is invalid.
08-31 20:36:21.732  6928  6928 W LatinIMEBase: LatinIMEBase.updateInputViewCoverNavigation():321 Null input view, cannot update padding!
08-31 20:36:21.732  8274  8274 D MCAM_FragmentBottomPopupTips: cancelUpdateTipImage 
08-31 20:36:21.732  3042  3108 I ImeTracker: system_server:4ffa953: onCancelled at PHASE_SERVER_SHOULD_HIDE
08-31 20:36:21.733  6928 20047 I Module  : DeviceLockedStatusModuleProvider$Module.updateDeviceLockedStatusInternal():119 repeatCheckTimes = 1, locked = false
08-31 20:36:21.733  3042  7364 W PackageConfigPersister: App-specific configuration not found for packageName: com.android.camera and userId: 0
08-31 20:36:21.733  8274  8274 D MCAM_BottomTipsLayoutManager: getCurrentBottomTipsLayout layoutMode: 1
08-31 20:36:21.733  8274  8274 D MCAM_NormalModeBottomTipsLayout: NormalModeBottomTipsLayout update layout
08-31 20:36:21.733  8274  8274 D MCAM_AiSceneManager: restoreAiState: maybe restore ai scene tip:0
08-31 20:36:21.733  8274  8274 D MCAM_BottomTipsLayoutManager: getCurrentBottomTipsLayout layoutMode: 1
08-31 20:36:21.733  8274  8274 D MCAM_NormalModeBottomTipsLayout: NormalModeBottomTipsLayout update layout
08-31 20:36:21.733  8274  8274 D MCAM_AbstractFragment: onCreateView FragmentBottomPopupTips
08-31 20:36:21.733  8274  8274 D MCAM_FragmentBottomPopupTips: onCreateView FragmentBottomPopupTips
08-31 20:36:21.734  8274  8274 D MCAM_BottomTipsLayoutManager: getCurrentBottomTipsLayout layoutMode: 1
08-31 20:36:21.734  8274  8274 D MCAM_NormalModeBottomTipsLayout: NormalModeBottomTipsLayout update layout
08-31 20:36:21.734  8274  8274 D MCAM_AnimationComposite: put, key 4092, value FragmentPanelBackground{57f9ae1} (3f5cd6cc-13b2-4335-8878-b7f2cb8ecfdb id=0x7f0b06e2 tag=4092)
08-31 20:36:21.734  8274  8274 D MCAM_FragmentPanelBackground: onAttach FragmentPanelBackground, type MODULE
08-31 20:36:21.734  8274  8274 D MCAM_AbstractFragment: onCreateView FragmentPanelBackground
08-31 20:36:21.734  8274  8274 D MCAM_FragmentPanelBackground: onCreateView FragmentPanelBackground
08-31 20:36:21.734  8274  8274 D MCAM_AnimationComposite: put, key 248, value FragmentHaloOld{38bb006} (77c07467-4cb0-4008-b088-c45fc95f2ea2 id=0x7f0b06e2 tag=248)
08-31 20:36:21.734  8274  8274 D MCAM_FragmentHaloOld: onAttach FragmentHaloOld, type MODULE
08-31 20:36:21.734  8274  8274 D MCAM_FlashHaloView: hide: false visibility:4 Alpha:1.0 scaleX:1.0 scaleY:1.0
08-31 20:36:21.734  8274  8274 E MCAM_FlashHaloView: Action hide
08-31 20:36:21.734  8274  8274 D MCAM_FlashHaloView: updateHaloView srcRect = Rect(0, 0 - 0, 0) dstRect = Rect(0, 474 - 1440, 2394) anim = false dstMargins = [227.0, 238.0, 227.0, 238.0]
08-31 20:36:21.734  8274  8274 D MCAM_AbstractFragment: onCreateView FragmentHaloOld
08-31 20:36:21.734  8274  8274 D MCAM_FragmentHaloOld: onCreateView FragmentHaloOld
08-31 20:36:21.734  8274  8274 D MCAM_AnimationComposite: put, key 268435442, value FragmentReferenceLine{fd6e4f4} (87f6ed19-7f3b-4442-9f20-2019209c3099 id=0x7f0b06e2 tag=268435442)
08-31 20:36:21.734  8274  8274 D MCAM_FragmentReferenceLine: onAttach FragmentReferenceLine, type MODULE
08-31 20:36:21.734  8274  8274 D MCAM_AbstractFragment: onCreateView FragmentReferenceLine
08-31 20:36:21.734  8274  8274 D MCAM_FragmentReferenceLine: onCreateView FragmentReferenceLine
08-31 20:36:21.735  8274  8274 D MCAM_Delegate@173014841: processOperation done : OptRequest@95325541
08-31 20:36:21.735  8274  8274 D MCAM_BaseModule: notifyModuleUICreated 163
08-31 20:36:21.735  8274  8274 D MCAM_AsyncUILoadOnSubscribe: onBasicUILoaded
08-31 20:36:21.735  8274  8274 D MCAM_AsyncUILoadOnSubscribe: submit fail.
08-31 20:36:21.735  8274  8274 D MCAM_FragmentBottomAction: updateThumbnail: remove image
08-31 20:36:21.735  8274  8274 W View    : requestLayout() improperly called by com.android.camera.ui.zoom.ZoomRatioToggleView{f4a33a5 V.ED..... ........ 319,0-1121,220 #7f0b0a8a app:id/zoom_toggle_button} during second layout pass: posting in next frame
08-31 20:36:21.735  8274  8274 W View    : requestLayout() improperly called by com.android.camera.ui.zoom.ZoomTextImageView{c69f381 V.ED..C.. ........ 0,0-182,220} during second layout pass: posting in next frame
08-31 20:36:21.735  8274  8274 W View    : requestLayout() improperly called by com.android.camera.ui.zoom.ZoomTextImageView{8142c26 V.ED..C.. ..S..... 182,0-328,220} during second layout pass: posting in next frame
08-31 20:36:21.735  8274  8274 W View    : requestLayout() improperly called by com.android.camera.ui.zoom.ZoomTextImageView{16e9067 V.ED..C.. ........ 328,0-474,220} during second layout pass: posting in next frame
08-31 20:36:21.735  8274  8274 W View    : requestLayout() improperly called by com.android.camera.ui.zoom.ZoomTextImageView{2bd0e14 V.ED..C.. ........ 474,0-620,220} during second layout pass: posting in next frame
08-31 20:36:21.735  8274  8274 W View    : requestLayout() improperly called by com.android.camera.ui.zoom.ZoomTextImageView{c4146bd V.ED..C.. ........ 620,0-802,220} during second layout pass: posting in next frame
08-31 20:36:21.735  8274  8274 D VRI[Camera]: WindowInsets changed: statusBars:null 
08-31 20:36:21.736  8274  8274 D MCAM_TopBarView: E: dispatchLayoutStep: mLayoutStep=1
08-31 20:36:21.736  8274  8274 D MCAM_TopBarView: dispatchLayoutStep1::processAdapterUpdatesAndSetAnimationFlags
08-31 20:36:21.736  8274  8274 D MCAM_TopBarView: dispatchLayoutStep1::AdapterHelper::preProcess: mPendingUpdates.size=0
08-31 20:36:21.736  8274  8274 D MCAM_TopBarView: setInPreLayout=true
08-31 20:36:21.736  8274  8274 D MCAM_TopBarView: dispatchLayoutStep1: mLayoutStep=1,getItemCount=5
08-31 20:36:21.736  8274  8274 D MCAM_TopBarView: dispatchLayoutStep1: ChildCount=4
08-31 20:36:21.736  8274  8274 D MCAM_TopBarView: dispatchLayoutStep2: mLayoutStep=2
08-31 20:36:21.736  8274  8274 D MCAM_TopBarView: setInPreLayout=false
08-31 20:36:21.736  8274  8274 D MCAM_TopBarView: detachAndScrapAttachedViews childCount:4
08-31 20:36:21.736  8274  8274 D MCAM_TopBarAdapter: getItemViewType=0,{configItem=MORE gravity=CENTER enable=true index=3 }
08-31 20:36:21.736  8274  8274 D MCAM_TopBarAdapter: onCreateViewHolder: viewType=0
08-31 20:36:21.736  8274  8274 D MCAM_TopBarAdapter: onBindViewHolder=TopBarViewHolder{51a11da, configItem=0, position=3, id=-1, oldPos=-1, pLpos:-1 itemView=com.android.camera2.compat.theme.custom.mm.top.StrikethroughImageView{626360b V.ED..... ......ID 0,0-0,0} Flags=1 no parent gravity=17 text=null}
08-31 20:36:21.736  8274  8274 D MCAM_TopBarAdapter: onBindViewHolder: topConfigItem={configItem=MORE gravity=CENTER enable=true index=3 }
08-31 20:36:21.736  8274  8274 D MCAM_TopBarAdapter: onBindViewHolder: topItemResource={TopItemResource={newImageResourceId=0,topSelectedAnimID=0,mContentDescriptionStringId=0,contentDescriptString=null,isActivated=false,visibility=0,text=null,isDisable=false}}
08-31 20:36:21.736  8274  8274 D MCAM_TopBarAdapter: updateView=TopBarViewHolder{51a11da, configItem=MORE, position=3, id=-1, oldPos=-1, pLpos:-1 itemView=com.android.camera2.compat.theme.custom.mm.top.StrikethroughImageView{626360b V.ED..... ......ID 0,0-0,0} Flags=1 no parent gravity=17 text=null}
08-31 20:36:21.736  8274  8274 W MCAM_TopBarView: View has not been assigned a layout position！
08-31 20:36:21.736  8274  8274 D MCAM_TopBarView: setReverseLayout=false
08-31 20:36:21.736  8274  8274 D MCAM_TopBarView: fillLeftViews: viewHolder=TopBarViewHolder{a918023, configItem=FLASH, position=0, id=-1, oldPos=-1, pLpos:-1 itemView=com.android.camera2.compat.theme.custom.mm.top.StrikethroughImageView{3106920 V.ED..C.. ........ 43,36-190,183} scrap [attachedScrap] Flags=289 tmpDetached no parent gravity=8388611 text=Flash is off}
08-31 20:36:21.736  8274  8274 D MCAM_TopBarView: layoutChunk
08-31 20:36:21.737  8274  8274 D MCAM_TopBarView: fillLeftViews: viewHolder=TopBarViewHolder{562f74c, configItem=MOTION_CAPTURE, position=1, id=-1, oldPos=-1, pLpos:-1 itemView=com.android.camera2.compat.theme.custom.mm.top.StrikethroughImageView{344a395 V.ED..C.. ......ID 233,36-380,183} scrap [attachedScrap] Flags=289 tmpDetached no parent gravity=8388611 text=Motion capture is off}
08-31 20:36:21.737  8274  8274 D MCAM_TopBarView: layoutChunk
08-31 20:36:21.737  8274  8274 D MCAM_TopBarView: fillLeftViews: viewHolder=TopBarViewHolder{685db77, configItem=AI_DETECT, position=2, id=-1, oldPos=-1, pLpos:-1 itemView=com.android.camera2.compat.theme.custom.mm.top.StrikethroughImageView{4e6e3e4 V.ED..C.. ........ 423,36-570,183} scrap [attachedScrap] Flags=289 tmpDetached no parent gravity=8388611 text=Google Lens}
08-31 20:36:21.737  8274  8274 D MCAM_TopBarView: layoutChunk
08-31 20:36:21.737  8274  8274 D MCAM_TopBarView: setReverseLayout=true
08-31 20:36:21.737  8274  8274 D MCAM_TopBarView: fillRightViews: viewHolder=TopBarViewHolder{738cb7c, configItem=CV_TYPE, position=4, id=-1, oldPos=-1, pLpos:-1 itemView=com.android.camera2.compat.theme.custom.mm.top.StrikethroughImageView{f169c05 V.ED..C.. ........ 1250,36-1397,183} scrap [attachedScrap] Flags=289 tmpDetached no parent gravity=8388613 text=Leica Vibrant}
08-31 20:36:21.737  8274  8274 D MCAM_TopBarView: layoutChunk
08-31 20:36:21.737  8274  8274 D MCAM_TopBarView: dispatchLayoutStep3: mLayoutStep=4
08-31 20:36:21.737  8274  8274 D MCAM_TopBarView: dispatchLayoutStep3: ChildCount=4
08-31 20:36:21.737  8274  8274 D MCAM_TopBarView: dispatchLayoutStep3::ViewInfoStore::process
08-31 20:36:21.737  8274  8274 D MCAM_TopBarView_moved_item: ViewInfoStore:process:FLAG_PRE_AND_POST,TopBarViewHolder{a918023, configItem=FLASH, position=0, id=-1, oldPos=-1, pLpos:-1 itemView=com.android.camera2.compat.theme.custom.mm.top.StrikethroughImageView{3106920 V.ED..C.. ......I. 43,36-190,183} Flags=1 gravity=8388611 text=Flash is off}
08-31 20:36:21.737  8274  8274 D MCAM_TopBarView_moved_item: TopBarView:ProcessCallback:processPersistent
08-31 20:36:21.737  8274  8274 D MCAM_TopBarView_moved_item: SimpleItemAnimator:animatePersistence, dispatchMoveFinishedTopBarViewHolder{a918023, configItem=FLASH, position=0, id=-1, oldPos=-1, pLpos:-1 itemView=com.android.camera2.compat.theme.custom.mm.top.StrikethroughImageView{3106920 V.ED..C.. ......I. 43,36-190,183} Flags=1 gravity=8388611 text=Flash is off}
08-31 20:36:21.737  8274  8274 D MCAM_TopBarView_moved_item: ViewInfoStore:process:FLAG_PRE_AND_POST,TopBarViewHolder{738cb7c, configItem=CV_TYPE, position=4, id=-1, oldPos=-1, pLpos:-1 itemView=com.android.camera2.compat.theme.custom.mm.top.StrikethroughImageView{f169c05 V.ED..C.. ......I. 1250,36-1397,183} Flags=1 gravity=8388613 text=Leica Vibrant}
08-31 20:36:21.737  8274  8274 D MCAM_TopBarView_moved_item: TopBarView:ProcessCallback:processPersistent
08-31 20:36:21.737  8274  8274 D MCAM_TopBarView_moved_item: SimpleItemAnimator:animatePersistence, dispatchMoveFinishedTopBarViewHolder{738cb7c, configItem=CV_TYPE, position=4, id=-1, oldPos=-1, pLpos:-1 itemView=com.android.camera2.compat.theme.custom.mm.top.StrikethroughImageView{f169c05 V.ED..C.. ......I. 1250,36-1397,183} Flags=1 gravity=8388613 text=Leica Vibrant}
08-31 20:36:21.737  8274  8274 D MCAM_TopBarView_moved_item: ViewInfoStore:process:FLAG_PRE_AND_POST,TopBarViewHolder{685db77, configItem=AI_DETECT, position=2, id=-1, oldPos=-1, pLpos:-1 itemView=com.android.camera2.compat.theme.custom.mm.top.StrikethroughImageView{4e6e3e4 V.ED..C.. ......I. 423,36-570,183} Flags=1 gravity=8388611 text=Google Lens}
08-31 20:36:21.737  8274  8274 D MCAM_TopBarView_moved_item: TopBarView:ProcessCallback:processPersistent
08-31 20:36:21.737  8274  8274 D MCAM_TopBarView_moved_item: SimpleItemAnimator:animatePersistence, dispatchMoveFinishedTopBarViewHolder{685db77, configItem=AI_DETECT, position=2, id=-1, oldPos=-1, pLpos:-1 itemView=com.android.camera2.compat.theme.custom.mm.top.StrikethroughImageView{4e6e3e4 V.ED..C.. ......I. 423,36-570,183} Flags=1 gravity=8388611 text=Google Lens}
08-31 20:36:21.737  8274  8274 D MCAM_TopBarView_moved_item: ViewInfoStore:process:FLAG_PRE_AND_POST,TopBarViewHolder{562f74c, configItem=MOTION_CAPTURE, position=1, id=-1, oldPos=-1, pLpos:-1 itemView=com.android.camera2.compat.theme.custom.mm.top.StrikethroughImageView{344a395 V.ED..C.. ......I. 233,36-380,183} Flags=1 gravity=8388611 text=Motion capture is off}
08-31 20:36:21.737  8274  8274 D MCAM_TopBarView_moved_item: TopBarView:ProcessCallback:processPersistent
08-31 20:36:21.737  8274  8274 D MCAM_TopBarView_moved_item: SimpleItemAnimator:animatePersistence, dispatchMoveFinishedTopBarViewHolder{562f74c, configItem=MOTION_CAPTURE, position=1, id=-1, oldPos=-1, pLpos:-1 itemView=com.android.camera2.compat.theme.custom.mm.top.StrikethroughImageView{344a395 V.ED..C.. ......I. 233,36-380,183} Flags=1 gravity=8388611 text=Motion capture is off}
08-31 20:36:21.737  8274  8274 D MCAM_TopBarView: X: dispatchLayoutStep: mLayoutStep=1
08-31 20:36:21.741  8274  8274 D MCAM_CameraIntentManager: start activity when locked: false
08-31 20:36:21.741  8274  8274 I MCAM_Camera@179966371: [K_PROCESS]: onWindowFocusChanged: hasFocus=false, isLockScreenLaunch=false
08-31 20:36:21.741  8274  8274 I MCAM_Camera@179966371: [K_PROCESS]: camera2Proxy=null; isCameraDisconnected=true
08-31 20:36:21.741  8274  8274 D MCAM_Camera2Module: onWindowFocusChanged: false
08-31 20:36:21.741  8274  8274 V MCAM_CameraBrightness: onWindowFocusChanged hasFocus=false
08-31 20:36:21.741  3042  3596 W InputChannel-JNI: Channel already disposed.
08-31 20:36:21.741  8274 10594 D MCAM_CameraBrightness: adjustBrightness: cost=0ms
08-31 20:36:21.741  8274  8274 I ImeTracker: com.android.camera:fb0be7a: onRequestHide at ORIGIN_CLIENT reason HIDE_WINDOW_LOST_FOCUS fromUser false userId 0 displayId 0
08-31 20:36:21.741  8274  8274 D InsetsController: hide(ime())
08-31 20:36:21.741  8274  8274 I ImeTracker: com.android.camera:fb0be7a: onCancelled at PHASE_CLIENT_ALREADY_HIDDEN
08-31 20:36:21.741  6928  6928 I GoogleInputMethodService: GoogleInputMethodService.onFinishInput():2361 
08-31 20:36:21.742  6928 20385 I Module  : DeviceLockedStatusModuleProvider$Module.updateDeviceLockedStatusInternal():119 repeatCheckTimes = 0, locked = false
08-31 20:36:21.742  6928  6928 I GoogleInputMethodService: GoogleInputMethodService.onStartInput():1532 onStartInput(EditorInfo{EditorInfo{packageName=com.android.camera, inputType=0, inputTypeString=NULL, enableLearning=false, autoCorrection=false, autoComplete=false, imeOptions=0, privateImeOptions=null, actionName=UNSPECIFIED, actionLabel=null, initialSelStart=-1, initialSelEnd=-1, initialCapsMode=0, label=null, fieldId=0, fieldName=null, extras=null, hintText=null, hintLocales=[]}}, false)
08-31 20:36:21.742  6928  6928 W LatinIMEBase: LatinIMEBase.updateInputViewCoverNavigation():321 Null input view, cannot update padding!
08-31 20:36:21.742  3991  4056 V RecentTasksController: Notify recent tasks changed
08-31 20:36:21.742  3042  3596 I ImeTracker: com.android.camera:dd2c296e: onRequestHide at ORIGIN_SERVER reason HIDE_UNSPECIFIED_WINDOW fromUser false userId 0 displayId 0
08-31 20:36:21.742  3042  3596 W InputChannel-JNI: Channel already disposed.
08-31 20:36:21.743  6928 20387 I Module  : DeviceLockedStatusModuleProvider$Module.updateDeviceLockedStatusInternal():119 repeatCheckTimes = 1, locked = false
08-31 20:36:21.743  6928  6928 I GoogleInputMethodService: GoogleInputMethodService.onFinishInput():2361 
08-31 20:36:21.743  4451  4451 D RecentTasksList: invalidateLoadedTasks - previous requestLoadId: -1
08-31 20:36:21.743  6928  6928 I GoogleInputMethodService: GoogleInputMethodService.onStartInput():1532 onStartInput(EditorInfo{EditorInfo{packageName=com.android.camera, inputType=0, inputTypeString=NULL, enableLearning=false, autoCorrection=false, autoComplete=false, imeOptions=0, privateImeOptions=null, actionName=UNSPECIFIED, actionLabel=null, initialSelStart=-1, initialSelEnd=-1, initialCapsMode=0, label=null, fieldId=0, fieldName=null, extras=null, hintText=null, hintLocales=[]}}, false)
08-31 20:36:21.743  3042  3749 W PackageConfigPersister: App-specific configuration not found for packageName: com.android.camera and userId: 0
08-31 20:36:21.743  6928 20390 I Module  : DeviceLockedStatusModuleProvider$Module.updateDeviceLockedStatusInternal():119 repeatCheckTimes = 0, locked = false
08-31 20:36:21.743  6928  6928 W LatinIMEBase: LatinIMEBase.updateInputViewCoverNavigation():321 Null input view, cannot update padding!
08-31 20:36:21.744  8274  8274 D InsetsController: hide(ime())
08-31 20:36:21.744  8274  8274 I ImeTracker: com.android.camera:dd2c296e: onCancelled at PHASE_CLIENT_ALREADY_HIDDEN
08-31 20:36:21.744  3042  4747 I ImeTracker: system_server:2358597f: onRequestHide at ORIGIN_SERVER reason IME_REQUESTED_CHANGED_LISTENER fromUser false displayId 0
08-31 20:36:21.744  3042  3108 I ImeTracker: system_server:2358597f: onCancelled at PHASE_SERVER_SHOULD_HIDE
08-31 20:36:21.744  6928 20391 I Module  : DeviceLockedStatusModuleProvider$Module.updateDeviceLockedStatusInternal():119 repeatCheckTimes = 1, locked = false
08-31 20:36:21.744  3042  3080 W PackageConfigPersister: App-specific configuration not found for packageName: com.android.camera and userId: 0
08-31 20:36:21.745  1697  1697 I         : imported_mem_show begin
08-31 20:36:21.745  1697  1697 I         : imported_mem_show end
08-31 20:36:21.745  3991  4056 V RecentTasksController: generateList(getRecentTasks)
08-31 20:36:21.746  3991  4056 V RecentTasksController: initializeDesksMap - desktop windowing not available
08-31 20:36:21.746  3991  4056 V RecentTasksController: Added fullscreen task: 47
08-31 20:36:21.746  3991  4056 V RecentTasksController: generateList - complete
08-31 20:36:21.746  4451  4530 D PreloadThumbnailUseCase: Preloading thumbnails for task ids: [[id=47 windowingMode=1 user=0 lastActiveTime=2395623] null]
08-31 20:36:21.767  8274  8641 E MCAM_BGServiceClient: initService: vendor.xiaomi.hardware.aidlbgservice.IBGService/default service daemon binder failed!
08-31 20:36:21.767  8274  8641 D MCAM_BGServiceClient: reBindService: retry times > 2
08-31 20:36:21.851  1709  2306 I vendor.qti.hardware.display.composer-service: Sensor: notify citsensorservice to trigger cwb, misForced = 0
08-31 20:36:21.851  1709  1709 I SDM     : CWB config passed by cwb_client : tappoint 1  CWB_ROI : (696.000000 106.000000 937.000000 347.000000) for display-0
08-31 20:36:21.867  1709  2319 I SDM     : PartialUpdateSrcSplit::SetCwbRoiForNonPU: CWB ROI Rect(696.000000 106.000000 937.000000 347.000000)
08-31 20:36:21.869  3042  3708 D WifiClientModeImpl[11663:wlan0]: updateLinkLayerStatsRssiSpeedFrequencyCapabilities rssi=-62 TxLinkspeed=129 freq=2437 RxLinkSpeed=129
08-31 20:36:21.869  3042  3708 D WifiDataStall: tx tput in kbps: 93396
08-31 20:36:21.869  3042  3708 D WifiDataStall: rx tput in kbps: 94187
08-31 20:36:21.869  3042  3708 V WifiConfigManager: Updating scan detail cache freq=2437 BSSID=8c:9a:8f:a8:b2:54 RSSI=-63 for "Proximus-Home-990073"SAE
08-31 20:36:21.869  3042  3708 D WifiDataStall:  ccaLevel = 80
08-31 20:36:21.869  3042  3708 D WifiDataStall: L2 txTputKbps: 82582, rxTputKbps: 94187, L3 txTputKbps: 17, rxTputKbps: 8, TxTrafficHigh: true, RxTrafficHigh: true, Throughput Sufficient: true
08-31 20:36:21.869  3042  3708 D WifiThroughputPredictor:  utilization (LLS) 80 isBluetoothConnected: false final utilization: 80
08-31 20:36:21.869  3042  3708 D WifiThroughputPredictor:  BW: 0 RSSI: -62 Nss: 2 Mode: 6 symDur: 13600 snrDb 18 bitPerTone: 5994 rate: 206 throughput: 141
08-31 20:36:21.869  3042  3708 D WifiThroughputPredictor:  utilization (LLS) 80 isBluetoothConnected: false final utilization: 80
08-31 20:36:21.869  3042  3708 D WifiThroughputPredictor:  BW: 0 RSSI: -62 Nss: 2 Mode: 6 symDur: 13600 snrDb 18 bitPerTone: 5994 rate: 206 throughput: 141
08-31 20:36:21.871  3042  3708 D WifiScoreCard: BSSID update SIGNAL_POLL ID: 1760920805 SSID: "Proximus-Home-990073", BSSID: 8c:9a:8f:a8:b2:54, MAC: 3c:38:24:7f:7e:4c, IP: /192.168.129.54, Security type: 4, Supplicant state: COMPLETED, Wi-Fi standard: 11ax, RSSI: -62, Link speed: 143Mbps, Tx Link speed: 143Mbps, Max Supported Tx Link speed: 286Mbps, Calculated Tx : 82Mbps, Rx Link speed: 137Mbps, Max Supported Rx Link speed: 286Mbps, Calculated Rx : 94Mbps, Frequency: 2437MHz, Net ID: 1, Metered hint: false, score: 100, isUsable: true, CarrierMerged: false, SubscriptionId: -1, IsPrimary: 1, Trusted: true, Restricted: false, Ephemeral: false, OEM paid: false, OEM private: false, OSU AP: false, FQDN: <none>, Provider friendly name: <none>, Requesting package name: <none>"Proximus-Home-990073"wpa3-saeMLO Information: , Is TID-To-Link negotiation supported by the AP: false, AP MLD Address: <none>, AP MLO Link Id: <none>, AP MLO Affiliated links: <none>, Vendor Data: <none>
08-31 20:36:21.871  3042  3708 D WifiScoreCard: txRate: 3 txSpeed: 143
08-31 20:36:21.871  3042  3708 D WifiScoreCard: network update SIGNAL_POLL "Proximus-Home-990073" ID: 446730065 RSSI -62 txSpeed -1
08-31 20:36:21.871  3042  3708 D WifiClientModeImpl[11663:wlan0]:  ClientModeImpl$L2ConnectedState screen=on 9 0 "Proximus-Home-990073" 8c:9a:8f:a8:b2:54 rssi=-62 f=2437 sc=100 link=143 tx=2.0, 0.4, 0.0 rx=2.5 bcn=21729 [on:183 tx:2 rx:12 period:3008] from screen [on:4479 period:91030] score=100
08-31 20:36:21.876  1709  2125 I SDM     : HWDeviceDRM::SetupConcurrentWriteback: Tear down the Concurrent Writeback topology
08-31 20:36:21.884  1709  3721 I SDM     : NotifyCWBStatus: Notify the client about buffer (0xd5a15a40) status 0 for display-0.
08-31 20:36:21.884  1709  3721 I SDM     : SDMConcurrentWriteBack::ProcessCWBStatus: CWB queue is empty. Display: 0
08-31 20:36:21.918  8274  8641 E MCAM_BGServiceClient: initService: vendor.xiaomi.hardware.aidlbgservice.IBGService/default service daemon binder failed!
08-31 20:36:21.918  8274  8641 D MCAM_BGServiceClient: reBindService: retry times > 3
08-31 20:36:21.938  2509  3717 I libsensor-boledalgo: dbv:1663,lux:26.8,cct:3461.7,hsv:-1.0,CWB R:0.2,G:0.2,B:0.2Event C:1066.1,R:677.3,G:337.3,B:190.3Cali C:0.0,R:0.0,G:0.0,B:0.0 
08-31 20:36:21.978  3991  4056 V WindowManagerShell: Transition animation finished (aborted=false), notifying core (#22) android.os.BinderProxy@d51019b@0
08-31 20:36:21.979  3042  3105 V WindowManager: Finish Transition (#22): created at 08-31 20:36:21.626 collect-started=0.101ms request-sent=9.194ms started=19.138ms ready=19.123ms sent=55.302ms commit=10.866ms finished=353.02ms
08-31 20:36:21.979  4451  4451 D VRI[QuickstepLauncher]: visibilityChanged oldVisibility=true newVisibility=false
08-31 20:36:21.979  3991  4359 D WallpaperService: onVisibilityChanged(false): com.android.systemui.wallpapers.ImageWallpaper$CanvasEngine@188cf95
08-31 20:36:21.980  3991  4056 V WindowManagerShell: Track 0 became idle
08-31 20:36:21.980  3991  4056 V WindowManagerShell: All active transition animations finished
08-31 20:36:21.980  3042  3108 I HidlServiceManagement: Trying to get transport of vendor.qti.hardware.servicetracker@1.2::IServicetracker/default without hwservicemanager
08-31 20:36:21.980  3042  3108 W ActivityTaskManager: servicetracker HIDL not available
08-31 20:36:21.980  3042  3108 E ActivityTaskManager: Unable to get servicetracker HAL instance
08-31 20:36:21.980  3042  3108 I HidlServiceManagement: Trying to get transport of vendor.qti.hardware.servicetracker@1.2::IServicetracker/default without hwservicemanager
08-31 20:36:21.980  3042  3108 W ActivityTaskManager: servicetracker HIDL not available
08-31 20:36:21.980  3042  3108 E ActivityTaskManager: Unable to get servicetracker HAL instance
08-31 20:36:21.980  3042  3080 W UserManagerService: Requested status bar icon for non-badged user 0
08-31 20:36:21.980  3042  3080 W UserManagerService: Requested status bar icon for non-badged user 0
08-31 20:36:21.990  4451  4451 D BaseActivity: Launcher flags updated: [] -[state_started]
08-31 20:36:21.990  4451  4451 D BaseDepthController: setSurface:
08-31 20:36:21.990  4451  4451 D BaseDepthController: 	mWaitingOnSurfaceValidity: false
08-31 20:36:21.990  4451  4451 D BaseDepthController: 	mBaseSurface: null
08-31 20:36:21.990  4451  4451 D BaseDepthController: mSurface is null and mCurrentBlur is: 0
08-31 20:36:21.990  4451  4451 D LauncherStateManager: StateManager.goToState: fromState: Normal, toState: Normal, partial trace:
08-31 20:36:21.990  4451  4451 D LauncherStateManager: 	at com.android.launcher3.statemanager.StateManager.moveToRestState(StateManager.java:469)
08-31 20:36:21.990  4451  4451 D LauncherStateManager: 	at com.android.launcher3.statemanager.StateManager.moveToRestState(StateManager.java:460)
08-31 20:36:21.990  4451  4451 D LauncherStateManager: 	at com.android.launcher3.statemanager.StatefulActivity.onStop(StatefulActivity.java:120)
08-31 20:36:21.990  4451  4451 D LauncherStateManager: StateManager.onRepeatStateSetAborted: state: Normal
08-31 20:36:21.991  4451  4451 D KeyboardStateManager: hideKeyboard
08-31 20:36:21.991  4451  4451 D KeyboardStateManager: isImeShown: false
08-31 20:36:21.991  4451  4451 D StatsLog: LAUNCHER_ONSTOP
08-31 20:36:21.991  3042  3080 I AppWidgetServiceImpl: No new profiles to load for user 0 profileIds: [0]
08-31 20:36:21.995  3042  3080 I HidlServiceManagement: Trying to get transport of vendor.qti.hardware.servicetracker@1.2::IServicetracker/default without hwservicemanager
08-31 20:36:21.995  3042  3080 W ActivityTaskManager: servicetracker HIDL not available
08-31 20:36:21.995  3042  3080 E ActivityTaskManager: Unable to get servicetracker HAL instance
08-31 20:36:21.995  3042  3080 I HidlServiceManagement: Trying to get transport of vendor.qti.hardware.servicetracker@1.2::IServicetracker/default without hwservicemanager
08-31 20:36:21.995  3042  3080 W ActivityTaskManager: servicetracker HIDL not available
08-31 20:36:21.995  3042  3080 E ActivityTaskManager: Unable to get servicetracker HAL instance
08-31 20:36:22.012  4451  4473 W droid.launcher3: Reducing the number of considered missed Gc histogram windows from 230 to 100
08-31 20:36:22.023  4451  4475 W System  : A resource failed to call release. 
08-31 20:36:22.023  4451  4475 W System  : A resource failed to call release. 
08-31 20:36:22.023  4451  4475 W System  : A resource failed to call release. 
08-31 20:36:22.023  4451  4475 W System  : A resource failed to call release. 
08-31 20:36:22.023  4451  4475 W System  : A resource failed to call release. 
08-31 20:36:22.023  4451  4475 W System  : A resource failed to call release. 
08-31 20:36:22.028  8274  8274 D MCAM_FlashHaloView: onAnimationEnd:   >AlphaHide< 
08-31 20:36:22.032  1711  1711 I PERFLOCKSD: type=1400 audit(0.0:1043222): avc:  denied  { write } for  name="choose_cpu_exclusive_enable_vote" dev="sysfs" ino=155878 scontext=u:r:vendor_hal_perf_default:s0 tcontext=u:object_r:sysfs:s0 tclass=file permissive=1
08-31 20:36:22.032  1711  1711 I PERFLOCKSD: type=1400 audit(0.0:1043223): avc:  denied  { open } for  path="/sys/module/migt/parameters/choose_cpu_exclusive_enable_vote" dev="sysfs" ino=155878 scontext=u:r:vendor_hal_perf_default:s0 tcontext=u:object_r:sysfs:s0 tclass=file permissive=1
08-31 20:36:22.032  1711  1711 I PERFLOCKSD: type=1400 audit(0.0:1043224): avc:  denied  { getattr } for  path="/sys/module/migt/parameters/choose_cpu_exclusive_enable_vote" dev="sysfs" ino=155878 scontext=u:r:vendor_hal_perf_default:s0 tcontext=u:object_r:sysfs:s0 tclass=file permissive=1
08-31 20:36:22.059  1709  2306 I vendor.qti.hardware.display.composer-service: Sensor: notify citsensorservice to trigger cwb, misForced = 0
08-31 20:36:22.059  1709  2319 I SDM     : CWB config passed by cwb_client : tappoint 1  CWB_ROI : (696.000000 106.000000 937.000000 347.000000) for display-0
08-31 20:36:22.064  3991  4091 D WindowOnBackDispatcher: setTopOnBackInvokedCallback (unwrapped): null
08-31 20:36:22.064  3042  3080 D CoreBackPreview: Window{94b6dad u0 Splash Screen com.android.camera EXITING}: Setting back callback null
08-31 20:36:22.066  3042  3773 W libbinder.ServiceManagerCppClient: Waited one second for android.hardware.biometrics.face.virtualhal.IVirtualHal/virtual (is service started? Number of threads started in the threadpool: 32. Are binder threads started and available?)
08-31 20:36:22.067   992 21161 W libc    : Unable to set property "ctl.interface_start" to "aidl/android.hardware.biometrics.face.virtualhal.IVirtualHal/virtual": PROP_ERROR_HANDLE_CONTROL_MESSAGE (0x20)
08-31 20:36:22.067  1709  2319 I SDM     : PartialUpdateSrcSplit::SetCwbRoiForNonPU: CWB ROI Rect(696.000000 106.000000 937.000000 347.000000)
08-31 20:36:22.067   992   992 I servicemanager: Caller(pid=3042,uid=1000,sid=u:r:system_server:s0) Since 'android.hardware.biometrics.face.virtualhal.IVirtualHal/virtual' could not be found trying to start it as a lazy AIDL service. (if it's not configured to be a lazy service, it may be stuck starting or still starting).
08-31 20:36:22.068 21161 21161 I servicemanager: Caller(pid=3042,uid=1000,sid=u:r:system_server:s0) Tried to start aidl service android.hardware.biometrics.face.virtualhal.IVirtualHal/virtual as a lazy service, but was unable to. Usually this happens when a service is not installed, but if the service is intended to be used as a lazy service, then it may be configured incorrectly.
08-31 20:36:22.078  3042  3080 I ImeTracker: system_server:26a1632: onRequestHide at ORIGIN_SERVER reason IME_REQUESTED_CHANGED_LISTENER fromUser false displayId 0
08-31 20:36:22.078  3042  3108 I ImeTracker: system_server:26a1632: onCancelled at PHASE_SERVER_SHOULD_HIDE
08-31 20:36:22.084  1709  3721 I SDM     : NotifyCWBStatus: Notify the client about buffer (0xd5a19610) status 0 for display-0.
08-31 20:36:22.084  1709  3721 I SDM     : SDMConcurrentWriteBack::ProcessCWBStatus: CWB queue is empty. Display: 0
08-31 20:36:22.084  1709  2125 I SDM     : HWDeviceDRM::SetupConcurrentWriteback: Tear down the Concurrent Writeback topology
08-31 20:36:22.119  8274  8641 E MCAM_BGServiceClient: initService: vendor.xiaomi.hardware.aidlbgservice.IBGService/default service daemon binder failed!
08-31 20:36:22.119  8274  8641 D MCAM_BGServiceClient: reBindService: retry times > 4
08-31 20:36:22.159  1711  2075 E ANDR-PERF: ExtendedPerfBoost: trigger_rearm_timer() 179: setthermalbreak req empty boostparam=boost:0
08-31 20:36:22.267  1709  2306 I vendor.qti.hardware.display.composer-service: Sensor: notify citsensorservice to trigger cwb, misForced = 0
08-31 20:36:22.267  1709  2319 I SDM     : CWB config passed by cwb_client : tappoint 1  CWB_ROI : (696.000000 106.000000 937.000000 347.000000) for display-0
08-31 20:36:22.283  1709  2125 I SDM     : HWDeviceDRM::SetupConcurrentWriteback: Tear down the Concurrent Writeback topology
08-31 20:36:22.292  1709  3721 I SDM     : NotifyCWBStatus: Notify the client about buffer (0xd5a11840) status 0 for display-0.
08-31 20:36:22.292  1709  3721 I SDM     : SDMConcurrentWriteBack::ProcessCWBStatus: CWB queue is empty. Display: 0
08-31 20:36:22.369  8274  8641 E MCAM_BGServiceClient: initService: vendor.xiaomi.hardware.aidlbgservice.IBGService/default service daemon binder failed!
08-31 20:36:22.369  8274  8641 D MCAM_BGServiceClient: reBindService: retry times > 5
08-31 20:36:22.447  1709  2125 I SDM     : DisplayBase::CommitThread: Received Idle Timeout, panel: cmd, timeout: 70000 us
08-31 20:36:22.525  1709  2306 I vendor.qti.hardware.display.composer-service: Sensor: notify citsensorservice to trigger cwb, misForced = 1
08-31 20:36:22.525  1709  2319 I SDM     : CWB config passed by cwb_client : tappoint 1  CWB_ROI : (696.000000 106.000000 937.000000 347.000000) for display-0
08-31 20:36:22.533  1709  2319 I SDM     : PartialUpdateSrcSplit::SetCwbRoiForNonPU: CWB ROI Rect(696.000000 106.000000 937.000000 347.000000)
08-31 20:36:22.550  1709  3721 I SDM     : NotifyCWBStatus: Notify the client about buffer (0xd5a17460) status 0 for display-0.
08-31 20:36:22.551  1709  3721 I SDM     : SDMConcurrentWriteBack::ProcessCWBStatus: CWB queue is empty. Display: 0
08-31 20:36:22.604  1709  2125 I SDM     : DisplayBase::CommitThread: Received Idle Timeout, panel: cmd, timeout: 70000 us
08-31 20:36:22.616  1806  2321 D SurfaceFlinger: setDesiredMode 4630946995310957971 {mode={fps=24.00 Hz, modePtr={id=10, vsyncRate=24.00 Hz, peakRefreshRate=24.00 Hz}}, emitEvent=false, force=false}
08-31 20:36:22.625  1806  1806 D SurfaceFlinger: initiateModeChange 4630946995310957971 {mode={fps=24.00 Hz, modePtr={id=10, vsyncRate=24.00 Hz, peakRefreshRate=24.00 Hz}}, emitEvent=false, force=false}
08-31 20:36:22.625  1709  2319 I SDM     : SDMDisplay::SetActiveConfigWithConstraints: display = 0, config: 10, WxH 1440x3200, fps 24@normal@24:24
08-31 20:36:22.625  1709  2319 W SDM     : HWDeviceDRM::GetSupportedBitClkRate: Requested rate not supported: 1360000000
08-31 20:36:22.625  1709  2319 I SDM     : HWDeviceDRM::UpdateMixerAttributes: Mixer WxH 1440x3200-1 for Peripheral
08-31 20:36:22.625  1709  2125 I SDM     : HWDeviceDRM::SetupConcurrentWriteback: Tear down the Concurrent Writeback topology
08-31 20:36:22.627  1197  1197 I         : [mi_disp:_sde_kms_drm_check_dpms [msm_drm]][2026-08-31 18:36:22.626058] [I]conn67 early_trigger:1 (power mode 2->2, fps 120->24) - 0.4(ms)
08-31 20:36:22.632  1197  1197 I [drm:dsi_display_set_mode [msm_drm]] [msm-dsi-info]: mdp_transfer_time=7300, clk_rate=1360000000, hactive=1440, vactive=3200, fps=24,ddic_mode=normal, sf_fps=24, ddic_min_fps=24
08-31 20:36:22.631  1720  2155 D FPSMonitor: threadFuncFpsMonitor display 0, fps 24
08-31 20:36:22.631  2509  3703 D libsensor-D2SNotifier: DisplayId 0 Displayinfo2SlpiNotifier to type 8 displayFrequency = 24 
08-31 20:36:22.635  2509  3703 I sensors : qsh_qmi:41, qsh_qmi
08-31 20:36:22.640  2509  3703 I sensors : ~qsh_qmi:68, ~qsh_qmi
08-31 20:36:22.674  8274  8641 E MCAM_BGServiceClient: initService: vendor.xiaomi.hardware.aidlbgservice.IBGService/default service daemon binder failed!
08-31 20:36:22.675  8274  8641 D MCAM_BGServiceClient: reBindService: retry times > 6
08-31 20:36:22.698  8274  8274 E MCAM_CameraTimer: notifyNumber: 1 | 1 | 2
08-31 20:36:22.706  1709  2125 I SDM     : DisplayBase::CommitThread: Received Idle Timeout, panel: cmd, timeout: 70000 us
08-31 20:36:22.740  2509  3717 I libsensor-boledalgo: dbv:1663,lux:28.2,cct:3419.1,hsv:-1.0,CWB R:0.2,G:0.2,B:0.2Event C:1075.5,R:678.9,G:338.7,B:190.6Cali C:0.0,R:0.0,G:0.0,B:0.0 
08-31 20:36:22.742  1806  2321 D SurfaceFlinger: setDesiredMode 4630946995310957971 {mode={fps=120.00 Hz, modePtr={id=0, vsyncRate=120.00 Hz, peakRefreshRate=120.00 Hz}}, emitEvent=false, force=false}
08-31 20:36:22.750  1806  1806 D SurfaceFlinger: initiateModeChange 4630946995310957971 {mode={fps=120.00 Hz, modePtr={id=0, vsyncRate=120.00 Hz, peakRefreshRate=120.00 Hz}}, emitEvent=false, force=false}
08-31 20:36:22.751  1709  2319 I SDM     : SDMDisplay::SetActiveConfigWithConstraints: display = 0, config: 0, WxH 1440x3200, fps 120@normal@120:120
08-31 20:36:22.751  1709  2319 W SDM     : HWDeviceDRM::GetSupportedBitClkRate: Requested rate not supported: 1360000000
08-31 20:36:22.751  1709  2319 I SDM     : HWDeviceDRM::UpdateMixerAttributes: Mixer WxH 1440x3200-1 for Peripheral
08-31 20:36:22.754  1709  2306 I vendor.qti.hardware.display.composer-service: Sensor: notify citsensorservice to trigger cwb, misForced = 0
08-31 20:36:22.755  1709  2319 I SDM     : CWB config passed by cwb_client : tappoint 1  CWB_ROI : (696.000000 106.000000 937.000000 347.000000) for display-0
08-31 20:36:22.754  1197  1197 I         : [mi_disp:_sde_kms_drm_check_dpms [msm_drm]][2026-08-31 18:36:22.753722] [I]conn67 early_trigger:1 (power mode 2->2, fps 24->120) - 0.13(ms)
08-31 20:36:22.760  2509  3703 D libsensor-D2SNotifier: DisplayId 0 Displayinfo2SlpiNotifier to type 8 displayFrequency = 120 
08-31 20:36:22.760  1197  1197 I [drm:dsi_display_set_mode [msm_drm]] [msm-dsi-info]: mdp_transfer_time=7300, clk_rate=1360000000, hactive=1440, vactive=3200, fps=120,ddic_mode=normal, sf_fps=120, ddic_min_fps=120
08-31 20:36:22.760  1720  2155 D FPSMonitor: threadFuncFpsMonitor display 0, fps 120
08-31 20:36:22.766  2509  3703 I sensors : qsh_qmi:41, qsh_qmi
08-31 20:36:22.769  2509  3703 I sensors : ~qsh_qmi:68, ~qsh_qmi
08-31 20:36:22.789   973   973 I [kworke][0xabe0ed99b][18:36:22.788244] peach_v2: [973:I:PMO] pmo_core_enable_wow_in_fw: drv wow is enabled
08-31 20:36:22.793  1709  2319 I SDM     : PartialUpdateSrcSplit::SetCwbRoiForNonPU: CWB ROI Rect(696.000000 106.000000 937.000000 347.000000)
08-31 20:36:22.809  1709  3721 I SDM     : NotifyCWBStatus: Notify the client about buffer (0xd5a10ea0) status 0 for display-0.
08-31 20:36:22.809  1709  3721 I SDM     : SDMConcurrentWriteBack::ProcessCWBStatus: CWB queue is empty. Display: 0
08-31 20:36:22.865  1709  2125 I SDM     : DisplayBase::CommitThread: Received Idle Timeout, panel: cmd, timeout: 70000 us
08-31 20:36:22.890  2509  3717 I libsensor-boledalgo: dbv:1663,lux:26.8,cct:3452.0,hsv:-1.0,CWB R:0.2,G:0.2,B:0.2Event C:1066.6,R:678.4,G:337.3,B:190.1Cali C:0.0,R:0.0,G:0.0,B:0.0 
08-31 20:36:22.945  1709  2306 I vendor.qti.hardware.display.composer-service: Sensor: notify citsensorservice to trigger cwb, misForced = 1
08-31 20:36:22.946  1709  2319 I SDM     : CWB config passed by cwb_client : tappoint 1  CWB_ROI : (696.000000 106.000000 937.000000 347.000000) for display-0
08-31 20:36:22.952  1709  2319 I SDM     : PartialUpdateSrcSplit::SetCwbRoiForNonPU: CWB ROI Rect(696.000000 106.000000 937.000000 347.000000)
08-31 20:36:22.976  1709  3721 I SDM     : NotifyCWBStatus: Notify the client about buffer (0xd5a19560) status 0 for display-0.
08-31 20:36:22.976  1709  3721 I SDM     : SDMConcurrentWriteBack::ProcessCWBStatus: CWB queue is empty. Display: 0
08-31 20:36:22.990  2509  3717 I libsensor-boledalgo: dbv:1663,lux:26.9,cct:3510.3,hsv:-1.0,CWB R:0.2,G:0.2,B:0.2Event C:1069.1,R:677.8,G:337.9,B:192.9Cali C:0.0,R:0.0,G:0.0,B:0.0 
08-31 20:36:23.000  1806  2321 D SurfaceFlinger: setDesiredMode 4630946995310957971 {mode={fps=24.00 Hz, modePtr={id=10, vsyncRate=24.00 Hz, peakRefreshRate=24.00 Hz}}, emitEvent=false, force=false}
08-31 20:36:23.008  1806  1806 D SurfaceFlinger: initiateModeChange 4630946995310957971 {mode={fps=24.00 Hz, modePtr={id=10, vsyncRate=24.00 Hz, peakRefreshRate=24.00 Hz}}, emitEvent=false, force=false}
08-31 20:36:23.008  1709  2319 I SDM     : SDMDisplay::SetActiveConfigWithConstraints: display = 0, config: 10, WxH 1440x3200, fps 24@normal@24:24
08-31 20:36:23.009  1709  2319 W SDM     : HWDeviceDRM::GetSupportedBitClkRate: Requested rate not supported: 1360000000
08-31 20:36:23.009  1709  2319 I SDM     : HWDeviceDRM::UpdateMixerAttributes: Mixer WxH 1440x3200-1 for Peripheral
08-31 20:36:23.010  1709  2125 I SDM     : HWDeviceDRM::SetupConcurrentWriteback: Tear down the Concurrent Writeback topology
08-31 20:36:23.016  1720  2155 D FPSMonitor: threadFuncFpsMonitor display 0, fps 24
08-31 20:36:23.016  2509  3703 D libsensor-D2SNotifier: DisplayId 0 Displayinfo2SlpiNotifier to type 8 displayFrequency = 24 
08-31 20:36:23.012  1197  1197 I         : [mi_disp:_sde_kms_drm_check_dpms [msm_drm]][2026-08-31 18:36:23.011433] [I]conn67 early_trigger:1 (power mode 2->2, fps 120->24) - 0.16(ms)
08-31 20:36:23.016  1197  1197 I [drm:dsi_display_set_mode [msm_drm]] [msm-dsi-info]: mdp_transfer_time=7300, clk_rate=1360000000, hactive=1440, vactive=3200, fps=24,ddic_mode=normal, sf_fps=24, ddic_min_fps=24
08-31 20:36:23.022  2509  3703 I sensors : qsh_qmi:41, qsh_qmi
08-31 20:36:23.024  2509  3703 I sensors : ~qsh_qmi:68, ~qsh_qmi
08-31 20:36:23.029  8274  8641 E MCAM_BGServiceClient: initService: vendor.xiaomi.hardware.aidlbgservice.IBGService/default service daemon binder failed!
08-31 20:36:23.029  8274  8641 D MCAM_BGServiceClient: reBindService: retry times > 7
08-31 20:36:23.041  2509  3717 I libsensor-boledalgo: dbv:1663,lux:27.2,cct:3446.2,hsv:-1.0,CWB R:0.2,G:0.2,B:0.2Event C:1067.9,R:677.0,G:337.6,B:190.1Cali C:0.0,R:0.0,G:0.0,B:0.0 
08-31 20:36:23.068  3042  3773 W libbinder.ServiceManagerCppClient: Waited one second for android.hardware.biometrics.face.virtualhal.IVirtualHal/virtual (is service started? Number of threads started in the threadpool: 32. Are binder threads started and available?)
08-31 20:36:23.071   992 21168 W libc    : Unable to set property "ctl.interface_start" to "aidl/android.hardware.biometrics.face.virtualhal.IVirtualHal/virtual": PROP_ERROR_HANDLE_CONTROL_MESSAGE (0x20)
08-31 20:36:23.071   992   992 I servicemanager: Caller(pid=3042,uid=1000,sid=u:r:system_server:s0) Since 'android.hardware.biometrics.face.virtualhal.IVirtualHal/virtual' could not be found trying to start it as a lazy AIDL service. (if it's not configured to be a lazy service, it may be stuck starting or still starting).
08-31 20:36:23.073 21168 21168 I servicemanager: Caller(pid=3042,uid=1000,sid=u:r:system_server:s0) Tried to start aidl service android.hardware.biometrics.face.virtualhal.IVirtualHal/virtual as a lazy service, but was unable to. Usually this happens when a service is not installed, but if the service is intended to be used as a lazy service, then it may be configured incorrectly.
08-31 20:36:23.089  1709  2125 I SDM     : DisplayBase::CommitThread: Received Idle Timeout, panel: cmd, timeout: 70000 us
08-31 20:36:23.090  2509  3717 I libsensor-boledalgo: dbv:1663,lux:27.1,cct:3503.9,hsv:-1.0,CWB R:0.2,G:0.2,B:0.2Event C:1069.1,R:676.5,G:337.9,B:192.7Cali C:0.0,R:0.0,G:0.0,B:0.0 
08-31 20:36:23.140  2509  3717 I libsensor-boledalgo: dbv:1663,lux:26.5,cct:3444.6,hsv:-1.0,CWB R:0.2,G:0.2,B:0.2Event C:1060.3,R:675.2,G:334.8,B:188.8Cali C:0.0,R:0.0,G:0.0,B:0.0 
08-31 20:36:23.177 20152 20152 E [18:36:23:176-E][20152][mca_battery_shutdown]mca_battery_shutdown_update_vcutoff_para: 415 temp_para_size:5, temp: 27, high: -6, low: -65535
08-31 20:36:23.177 20152 20152 E [18:36:23:176-E][20152][mca_battery_shutdown]mca_battery_shutdown_update_vcutoff_para: 415 temp_para_size:5, temp: 27, high: 0, low: -6
08-31 20:36:23.177 20152 20152 E [18:36:23:176-E][20152][mca_battery_shutdown]mca_battery_shutdown_update_vcutoff_para: 415 temp_para_size:5, temp: 27, high: 10, low: 0
08-31 20:36:23.177 20152 20152 E [18:36:23:176-E][20152][mca_battery_shutdown]mca_battery_shutdown_update_vcutoff_para: 415 temp_para_size:5, temp: 27, high: 60, low: 10
08-31 20:36:23.213 20152 20152 E [18:36:23:212-E][20152][mca_strategy_fg]fg_update_status: 2393 UISOC:100 CURRENT:136000 RSOC:100 VOLTAGE:4363 TEMP:273 PVBAT:4367 PIBAT:0 PTBAT:28 HEALTH:1
08-31 20:36:23.213 20152 20152 E [18:36:23:212-E][20152][mca_strategy_fg]charge_slowly_monitor_func: 3905 realtype:10, soc:100, rm:0
08-31 20:36:23.213 20152 20152 E [18:36:23:212-E][20152][mca_strategy_fg]charge_slowly_monitor_func: 3906 time:0, timeplugin:2386 plugin:6
08-31 20:36:23.244  2509  3717 I libsensor-boledalgo: dbv:1663,lux:25.4,cct:3530.4,hsv:-1.0,CWB R:0.2,G:0.2,B:0.2Event C:1057.2,R:675.0,G:337.0,B:190.9Cali C:0.0,R:0.0,G:0.0,B:0.0 
08-31 20:36:23.245  2509  3717 I libsensor-boledalgo: dbv:1663,lux:26.7,cct:3523.7,hsv:-1.0,CWB R:0.2,G:0.2,B:0.2Event C:1062.0,R:672.3,G:336.8,B:191.9Cali C:0.0,R:0.0,G:0.0,B:0.0 
08-31 20:36:23.390  2509  3717 I libsensor-boledalgo: dbv:1663,lux:27.6,cct:3433.9,hsv:-1.0,CWB R:0.2,G:0.2,B:0.2Event C:1069.9,R:677.0,G:337.6,B:190.1Cali C:0.0,R:0.0,G:0.0,B:0.0 
08-31 20:36:23.431  8274  8641 E MCAM_BGServiceClient: initService: vendor.xiaomi.hardware.aidlbgservice.IBGService/default service daemon binder failed!
08-31 20:36:23.432  8274  8641 D MCAM_BGServiceClient: reBindService: retry times > 8
08-31 20:36:23.444  2509  3717 I libsensor-boledalgo: dbv:1663,lux:26.2,cct:3488.9,hsv:-1.0,CWB R:0.2,G:0.2,B:0.2Event C:1062.5,R:676.5,G:337.0,B:190.6Cali C:0.0,R:0.0,G:0.0,B:0.0 
08-31 20:36:23.490  2509  3717 I libsensor-boledalgo: dbv:1663,lux:27.9,cct:3437.2,hsv:-1.0,CWB R:0.2,G:0.2,B:0.2Event C:1071.4,R:676.8,G:337.6,B:190.6Cali C:0.0,R:0.0,G:0.0,B:0.0 
08-31 20:36:23.490  2509  3717 I libsensor-boledalgo: dbv:1663,lux:26.3,cct:3477.7,hsv:-1.0,CWB R:0.2,G:0.2,B:0.2Event C:1067.6,R:680.7,G:338.4,B:191.1Cali C:0.0,R:0.0,G:0.0,B:0.0 
08-31 20:36:23.591  2509  3717 I libsensor-boledalgo: dbv:1663,lux:27.7,cct:3402.2,hsv:-1.0,CWB R:0.2,G:0.2,B:0.2Event C:1068.6,R:676.8,G:336.2,B:188.8Cali C:0.0,R:0.0,G:0.0,B:0.0 
08-31 20:36:23.640  2509  3717 I libsensor-boledalgo: dbv:1663,lux:26.3,cct:3513.5,hsv:-1.0,CWB R:0.2,G:0.2,B:0.2Event C:1064.1,R:676.8,G:337.3,B:191.9Cali C:0.0,R:0.0,G:0.0,B:0.0 
08-31 20:36:23.677 19727 19727 E [18:36:23:676-E][19727][mca_smart_charge]smart_charge_handle_bypass_chg: 901 for_bypass [0->0] fcc[0 0]
08-31 20:36:23.691  2509  3717 I libsensor-boledalgo: dbv:1663,lux:27.6,cct:3456.9,hsv:-1.0,CWB R:0.2,G:0.2,B:0.2Event C:1069.9,R:676.5,G:336.2,B:191.4Cali C:0.0,R:0.0,G:0.0,B:0.0 
08-31 20:36:23.698  8274  8274 E MCAM_CameraTimer: notifyNumber: 2 | 2 | 1
08-31 20:36:23.709  1806  2321 D SurfaceFlinger: setDesiredMode 4630946995310957971 {mode={fps=120.00 Hz, modePtr={id=0, vsyncRate=120.00 Hz, peakRefreshRate=120.00 Hz}}, emitEvent=false, force=false}
08-31 20:36:23.718  1806  1806 D SurfaceFlinger: initiateModeChange 4630946995310957971 {mode={fps=120.00 Hz, modePtr={id=0, vsyncRate=120.00 Hz, peakRefreshRate=120.00 Hz}}, emitEvent=false, force=false}
08-31 20:36:23.718  1709  2319 I SDM     : SDMDisplay::SetActiveConfigWithConstraints: display = 0, config: 0, WxH 1440x3200, fps 120@normal@120:120
08-31 20:36:23.719  1709  2319 W SDM     : HWDeviceDRM::GetSupportedBitClkRate: Requested rate not supported: 1360000000
08-31 20:36:23.719  1709  2319 I SDM     : HWDeviceDRM::UpdateMixerAttributes: Mixer WxH 1440x3200-1 for Peripheral
08-31 20:36:23.722  1709  2306 I vendor.qti.hardware.display.composer-service: Sensor: notify citsensorservice to trigger cwb, misForced = 0
08-31 20:36:23.723  1709  2319 I SDM     : CWB config passed by cwb_client : tappoint 1  CWB_ROI : (696.000000 106.000000 937.000000 347.000000) for display-0
08-31 20:36:23.724  1197  1197 I         : [mi_disp:_sde_kms_drm_check_dpms [msm_drm]][2026-08-31 18:36:23.722948] [I]conn67 early_trigger:1 (power mode 2->2, fps 24->120) - 0.12(ms)
08-31 20:36:23.731  1720  2155 D FPSMonitor: threadFuncFpsMonitor display 0, fps 120
08-31 20:36:23.731  2509  3703 D libsensor-D2SNotifier: DisplayId 0 Displayinfo2SlpiNotifier to type 8 displayFrequency = 120 
08-31 20:36:23.731  1197  1197 I [drm:dsi_display_set_mode [msm_drm]] [msm-dsi-info]: mdp_transfer_time=7300, clk_rate=1360000000, hactive=1440, vactive=3200, fps=120,ddic_mode=normal, sf_fps=120, ddic_min_fps=120
08-31 20:36:23.736  2509  3703 I sensors : qsh_qmi:41, qsh_qmi
08-31 20:36:23.741  2509  3703 I sensors : ~qsh_qmi:68, ~qsh_qmi
08-31 20:36:23.759  1709  2319 I SDM     : PartialUpdateSrcSplit::SetCwbRoiForNonPU: CWB ROI Rect(696.000000 106.000000 937.000000 347.000000)
08-31 20:36:23.775  1709  3721 I SDM     : NotifyCWBStatus: Notify the client about buffer (0xd5a175c0) status 0 for display-0.
08-31 20:36:23.776  1709  3721 I SDM     : SDMConcurrentWriteBack::ProcessCWBStatus: CWB queue is empty. Display: 0
08-31 20:36:23.834  1709  2125 I SDM     : DisplayBase::CommitThread: Received Idle Timeout, panel: cmd, timeout: 70000 us
08-31 20:36:23.884  8274  8641 E MCAM_BGServiceClient: initService: vendor.xiaomi.hardware.aidlbgservice.IBGService/default service daemon binder failed!
08-31 20:36:23.885  8274  8641 D MCAM_BGServiceClient: reBindService: retry times > 9
08-31 20:36:23.968  1806  2321 D SurfaceFlinger: setDesiredMode 4630946995310957971 {mode={fps=24.00 Hz, modePtr={id=10, vsyncRate=24.00 Hz, peakRefreshRate=24.00 Hz}}, emitEvent=false, force=false}
08-31 20:36:23.975  1806  1806 D SurfaceFlinger: initiateModeChange 4630946995310957971 {mode={fps=24.00 Hz, modePtr={id=10, vsyncRate=24.00 Hz, peakRefreshRate=24.00 Hz}}, emitEvent=false, force=false}
08-31 20:36:23.975  1709  2319 I SDM     : SDMDisplay::SetActiveConfigWithConstraints: display = 0, config: 10, WxH 1440x3200, fps 24@normal@24:24
08-31 20:36:23.976  1709  2319 W SDM     : HWDeviceDRM::GetSupportedBitClkRate: Requested rate not supported: 1360000000
08-31 20:36:23.976  1709  2319 I SDM     : HWDeviceDRM::UpdateMixerAttributes: Mixer WxH 1440x3200-1 for Peripheral
08-31 20:36:23.978  1709  2125 I SDM     : HWDeviceDRM::SetupConcurrentWriteback: Tear down the Concurrent Writeback topology
08-31 20:36:23.979  1709  2306 I vendor.qti.hardware.display.composer-service: Sensor: notify citsensorservice to trigger cwb, misForced = 0
08-31 20:36:23.980  1709  2319 I SDM     : CWB config passed by cwb_client : tappoint 1  CWB_ROI : (696.000000 106.000000 937.000000 347.000000) for display-0
08-31 20:36:23.982  1197  1197 I         : [mi_disp:_sde_kms_drm_check_dpms [msm_drm]][2026-08-31 18:36:23.981434] [I]conn67 early_trigger:1 (power mode 2->2, fps 120->24) - 0.10(ms)
08-31 20:36:23.990  2509  3703 D libsensor-D2SNotifier: DisplayId 0 Displayinfo2SlpiNotifier to type 8 displayFrequency = 24 
08-31 20:36:23.990  1720  2155 D FPSMonitor: threadFuncFpsMonitor display 0, fps 24
08-31 20:36:23.989  1197  1197 I [drm:dsi_display_set_mode [msm_drm]] [msm-dsi-info]: mdp_transfer_time=7300, clk_rate=1360000000, hactive=1440, vactive=3200, fps=24,ddic_mode=normal, sf_fps=24, ddic_min_fps=24
08-31 20:36:23.994  2509  3703 I sensors : qsh_qmi:41, qsh_qmi
08-31 20:36:23.996  2509  3703 I sensors : ~qsh_qmi:68, ~qsh_qmi
08-31 20:36:24.064  1709  2125 I SDM     : DisplayBase::CommitThread: Received Idle Timeout, panel: cmd, timeout: 70000 us
08-31 20:36:24.067  1709  2319 I SDM     : PartialUpdateSrcSplit::SetCwbRoiForNonPU: CWB ROI Rect(696.000000 106.000000 937.000000 347.000000)
08-31 20:36:24.072  3042  3773 W libbinder.ServiceManagerCppClient: Waited one second for android.hardware.biometrics.face.virtualhal.IVirtualHal/virtual (is service started? Number of threads started in the threadpool: 32. Are binder threads started and available?)
08-31 20:36:24.074   992 21173 W libc    : Unable to set property "ctl.interface_start" to "aidl/android.hardware.biometrics.face.virtualhal.IVirtualHal/virtual": PROP_ERROR_HANDLE_CONTROL_MESSAGE (0x20)
08-31 20:36:24.074   992   992 I servicemanager: Caller(pid=3042,uid=1000,sid=u:r:system_server:s0) Since 'android.hardware.biometrics.face.virtualhal.IVirtualHal/virtual' could not be found trying to start it as a lazy AIDL service. (if it's not configured to be a lazy service, it may be stuck starting or still starting).
08-31 20:36:24.075 21173 21173 I servicemanager: Caller(pid=3042,uid=1000,sid=u:r:system_server:s0) Tried to start aidl service android.hardware.biometrics.face.virtualhal.IVirtualHal/virtual as a lazy service, but was unable to. Usually this happens when a service is not installed, but if the service is intended to be used as a lazy service, then it may be configured incorrectly.
08-31 20:36:24.084  1709  3721 I SDM     : NotifyCWBStatus: Notify the client about buffer (0xd5a11790) status 0 for display-0.
08-31 20:36:24.084  1709  3721 I SDM     : SDMConcurrentWriteBack::ProcessCWBStatus: CWB queue is empty. Display: 0
08-31 20:36:24.140  1709  2125 I SDM     : DisplayBase::CommitThread: Received Idle Timeout, panel: cmd, timeout: 70000 us
08-31 20:36:24.140  2509  3717 I libsensor-boledalgo: dbv:1663,lux:25.9,cct:3513.2,hsv:-1.0,CWB R:0.2,G:0.2,B:0.2Event C:1063.8,R:678.6,G:337.0,B:191.9Cali C:0.0,R:0.0,G:0.0,B:0.0 
08-31 20:36:24.287     1     1 I init    : starting service 'vendor.msm_irqbalance'...
08-31 20:36:24.295     1     1 I libprocessgroup: Created cgroup /sys/fs/cgroup/system/uid_0/pid_21174
08-31 20:36:24.300     1     1 I init    : ... started service 'vendor.msm_irqbalance' has pid 21174
08-31 20:36:24.316 21174 21174 E MSM-irqbalance: Unable to open /system/vendor/etc/msm_irqbalance.conf
08-31 20:36:24.316 21174 21174 E MSM-irqbalance: Error parsing configuration file /system/vendor/etc/msm_irqbalance.conf
08-31 20:36:24.317     1     1 I init    : Service 'vendor.msm_irqbalance' (pid 21174) exited with status 2
08-31 20:36:24.318     1     1 I init    : Sending SIGKILL to service 'vendor.msm_irqbalance' (pid 21174) process group...
08-31 20:36:24.318     1     1 I process_monitor-sig_record: signal_record_hook_handle:268 hook cat sig = 9
08-31 20:36:24.318     1     1 I process_monitor-sig_record: signal_record_hook_handle:281 from init 1:1:0 to msm_irqbalance 21174:1:0
08-31 20:36:24.318     1     1 I libprocessgroup: Removed cgroup /sys/fs/cgroup/system/uid_0/pid_21174
08-31 20:36:24.318     1     1 E init    : process with updatable components 'vendor.msm_irqbalance' exited 4 times in 4 minutes
08-31 20:36:24.318     1     1 I init    : processing action (sys.init.updatable_crashing=1) from (/system/etc/init/flags_health_check.rc:10)
08-31 20:36:24.318     1     1 I init    : starting service 'exec 1344 (/system/bin/flags_health_check UPDATABLE_CRASHING)'...
08-31 20:36:24.321     1     1 I libprocessgroup: Created cgroup /sys/fs/cgroup/system/uid_1000/pid_21175
08-31 20:36:24.326 21175 21175 I flags_health_check: ServerConfigurableFlagsReset reset_mode value: 1
08-31 20:36:24.326 21175 21175 I flags_health_check: ServerConfigurableFlagsReset updatable crashing detected, resetting flags.
08-31 20:36:24.320 21175 21175 I flags_health_ch: type=1400 audit(0.0:1043225): avc:  denied  { open } for  path="/dev/__properties__/u:object_r:aac_drc_prop:s0" dev="tmpfs" ino=91 scontext=u:r:flags_health_check:s0 tcontext=u:object_r:aac_drc_prop:s0 tclass=file permissive=1
08-31 20:36:24.320 21175 21175 I flags_health_ch: type=1400 audit(0.0:1043226): avc:  denied  { getattr } for  path="/dev/__properties__/u:object_r:aac_drc_prop:s0" dev="tmpfs" ino=91 scontext=u:r:flags_health_check:s0 tcontext=u:object_r:aac_drc_prop:s0 tclass=file permissive=1
08-31 20:36:24.320 21175 21175 I flags_health_ch: type=1400 audit(0.0:1043227): avc:  denied  { map } for  path="/dev/__properties__/u:object_r:aac_drc_prop:s0" dev="tmpfs" ino=91 scontext=u:r:flags_health_check:s0 tcontext=u:object_r:aac_drc_prop:s0 tclass=file permissive=1
08-31 20:36:24.320 21175 21175 I flags_health_ch: type=1400 audit(0.0:1043228): avc:  denied  { open } for  path="/dev/__properties__/u:object_r:ab_update_gki_prop:s0" dev="tmpfs" ino=93 scontext=u:r:flags_health_check:s0 tcontext=u:object_r:ab_update_gki_prop:s0 tclass=file permissive=1
08-31 20:36:24.320 21175 21175 I flags_health_ch: type=1400 audit(0.0:1043229): avc:  denied  { getattr } for  path="/dev/__properties__/u:object_r:ab_update_gki_prop:s0" dev="tmpfs" ino=93 scontext=u:r:flags_health_check:s0 tcontext=u:object_r:ab_update_gki_prop:s0 tclass=file permissive=1
08-31 20:36:24.320 21175 21175 I flags_health_ch: type=1400 audit(0.0:1043230): avc:  denied  { map } for  path="/dev/__properties__/u:object_r:ab_update_gki_prop:s0" dev="tmpfs" ino=93 scontext=u:r:flags_health_check:s0 tcontext=u:object_r:ab_update_gki_prop:s0 tclass=file permissive=1
08-31 20:36:24.320 21175 21175 I flags_health_ch: type=1400 audit(0.0:1043231): avc:  denied  { open } for  path="/dev/__properties__/u:object_r:adaptive_haptics_prop:s0" dev="tmpfs" ino=94 scontext=u:r:flags_health_check:s0 tcontext=u:object_r:adaptive_haptics_prop:s0 tclass=file permissive=1
08-31 20:36:24.327 21175 21175 W audit   : audit_lost=1036942 audit_rate_limit=5 audit_backlog_limit=64
08-31 20:36:24.327 21175 21175 E audit   : rate limit exceeded
08-31 20:36:24.338     1     1 I process_monitor-sig_record: signal_record_hook_handle:268 hook cat sig = 9
08-31 20:36:24.338     1     1 I process_monitor-sig_record: signal_record_hook_handle:281 from init 1:1:0 to flags_health_ch 21175:1:1000
08-31 20:36:24.387  8274  8641 E MCAM_BGServiceClient: initService: vendor.xiaomi.hardware.aidlbgservice.IBGService/default service daemon binder failed!
08-31 20:36:24.388  8274  8641 D MCAM_BGServiceClient: reBindService: retry times > 10
08-31 20:36:24.460 16796 16796 E [18:36:24:459-E][16796][mca_strategy_buckchg]strategy_buckchg_update_charge_status: 2063 pmic_chg_status: 7, chg_status: 2, chg_en: [0][term_recharge], chg_type: 10, vbat: 4368, vbus: 5224000, ibus: 62000
08-31 20:36:24.460 16796 16796 E [18:36:24:459-E][16796][mca_strategy_buckchg]strategy_buckchg_update_charge_status: 2067 ap_icl:[volt_limit][1500], adsp_icl[1500], ichg:[volt_thermal_limit][3000], input_suspend:[(null)][0]
08-31 20:36:24.460 16796 16796 I         : receive uevent_buf 18,MCA_LOG_FULL_EVENT
08-31 20:36:24.637     0     0 F [    C1] [irq][0xac02c4142][18: 36:24.636241] peach_v2: [0:F:HIF] hif_wake_interrupt_handler: wake interrupt received on irq 327
08-31 20:36:24.642 13957 13957 I [kworke][0xac02db0d6][18:36:24.641141] peach_v2: [13957:I:PMO] pmo_core_psoc_send_host_wakeup_ind_to_fw: Host wakeup indication sent to fw
08-31 20:36:24.656     0     0 I [    C1] [soft_i][0xac031fc33][18: 36:24.655799] peach_v2: [0:I:WMA] WLAN triggered wakeup: BPF_ALLOW (39), vdev: 0 (STA)
08-31 20:36:24.657     0     0 I [    C1] [soft_i][0xac0320e87][18: 36:24.656043] peach_v2: [0:I:WMA] wma_wake_event_packet: Wake event packet:
08-31 20:36:24.660  4107  5020 D IpClient/wlan0: addressUpdated: 2a02:a03f:ea7a:6201:7835:5805:9541:c64c/64 on ifindex 24 flags 0x00000900 scope 0
08-31 20:36:24.660  4107  5020 D IpClient/wlan0: addressUpdated: 2a02:a03f:ea7a:6201:2714:d07:b933:dd86/64 on ifindex 24 flags 0x00000001 scope 0
08-31 20:36:24.661  4107  5020 W AlarmManager: Unrecognized alarm listener com.android.networkstack.android.net.ip.IpClientLinkObserver$Dhcp6PdPreferredPrefixAlarmListener@499aadc
08-31 20:36:24.661  4107  5020 D ApfFilter: (wlan0): Adding RA fe80::8e9a:8fff:fea8:b252 -> ff02::1 300s 2a02:a03f:ea7a:6201::/64 86400s/72000s DNS 60s fe80::8e9a:8fff:fea8:b252 :: RIO 86400s 2a02:a03f:ea7a:6201::/56 
08-31 20:36:24.665  3042  3708 D WifiVendorHal: installPacketFilter filter length 1095
08-31 20:36:24.666  3042  3708 D WifiClientModeImpl[11663:wlan0]:  ClientModeImpl$ConnectableState screen=on len=1095
08-31 20:36:24.690  2509  3717 I libsensor-boledalgo: dbv:1663,lux:27.4,cct:3465.5,hsv:-1.0,CWB R:0.2,G:0.2,B:0.2Event C:1067.9,R:676.5,G:334.5,B:191.6Cali C:0.0,R:0.0,G:0.0,B:0.0 
08-31 20:36:24.698  8274  8274 E MCAM_CameraTimer: notifyNumber: 3 | 3 | 0
08-31 20:36:24.698  8274  8274 I MCAM_PermissionManager: getNeedCheckPermissionList() listSize =0
08-31 20:36:24.698  8274  8274 D MCAM_Camera2CompatAdapterRole: E: init()
08-31 20:36:24.698  8274  8274 D MCAM_Camera2CompatAdapterRole: E: reset()
08-31 20:36:24.698  8274  8274 D MCAM_Camera2CompatAdapterRole: X: reset()
08-31 20:36:24.700  8274  8274 D MCAM_Camera2CompatAdapter: getCameraIdList: standard way
08-31 20:36:24.700  8274  8274 D MCAM_Camera2CompatAdapter: getCameraIdList: cameraIdList=[], usableCameraIdNum=10
08-31 20:36:24.700  8274  8274 I MCAM_Camera2CompatAdapterRole: [K_PROCESS]: All available camera ids: []
08-31 20:36:24.700  8274  8274 I MCAM_PerformanceManager: [P_PERFORM]: Event: CAMERA_IDS_EMPTY takes 3000 is more than 1
08-31 20:36:24.700  8274  8274 I MCAM_DFXManager: [K_PROCESS]: createDFXFile cancel
08-31 20:36:24.700  8274  8274 I MCAM_MqsHelper: [P_PERFORM]: Event :timeout performance_issue repeat occur during 60000 ms. repeat=false
08-31 20:36:24.700  8274  8274 I MCAM_PerformanceManager: [P_PERFORM]: not allow traceDump
08-31 20:36:24.700  8274  8274 I MCAM_PerformanceManager: [P_PERFORM]: LOG_SYSTEM_VALUE is 2
08-31 20:36:24.700  8274  8274 D MCAM_Camera2CompatAdapterRole: E: reset()
08-31 20:36:24.700  8274  8274 D MCAM_Camera2CompatAdapterRole: X: reset()
08-31 20:36:24.701  8274  8274 D MCAM_Camera@179966371: finish Activity from: com.android.camera.Camera.finish(SourceFile:8), com.android.camera.fragment.dialog.CameraExitHintDialogFragment.Y9(SourceFile:19), com.android.camera.fragment.dialog.CameraExitHintDialogFragment.Ha(SourceFile:72), com.android.camera.fragment.dialog.CameraExitHintDialogFragment.onComplete(SourceFile:1), jc.h.onComplete(SourceFile:4), 
08-31 20:36:24.706  3042  3080 D ActivityTrigger: ActivityTrigger activityPauseTrigger 
08-31 20:36:24.706  3042  3080 I HidlServiceManagement: Trying to get transport of vendor.qti.hardware.servicetracker@1.2::IServicetracker/default without hwservicemanager
08-31 20:36:24.706  3042  3080 W ActivityTaskManager: servicetracker HIDL not available
08-31 20:36:24.707  3042  3080 E ActivityTaskManager: Unable to get servicetracker HAL instance
08-31 20:36:24.708  3991  4056 V WindowManagerShell: Transition requested (#23): android.os.BinderProxy@8b998e3 TransitionRequestInfo { type = CLOSE, triggerTask = TaskInfo{userId=0 taskId=47 effectiveUid=10240 displayId=0 isRunning=false baseIntent=Intent { act=android.intent.action.MAIN cat=[android.intent.category.LAUNCHER] flg=0x10200000 cmp=com.android.camera/.Camera } baseActivity=null topActivity=null origActivity=null realActivity=ComponentInfo{com.android.camera/com.android.camera.Camera} realActivityIsAppLockEnabled=false numActivities=0 lastActiveTime=2395623 supportsMultiWindow=false supportsMultiWindowWithoutConstraints=false resizeMode=0 isResizeable=false minWidth=-1 minHeight=-1 defaultMinSize=220 token=WCT{android.os.BinderProxy@2dd1938} topActivityType=1 pictureInPictureParams=null shouldDockBigOverlays=false launchIntoPipHostTaskId=-1 lastParentTaskIdBeforePip=-1 displayCutoutSafeInsets=Rect(0, 0 - 0, 0) topActivityInfo=null launchCookies=[] positionInParent=Point(0, 0) parentTaskId=-1 isFocused=true isInteractive=true isVisible=true isVisibleRequested=true isTopActivityNoDisplay=false isSleeping=false locusId=null displayAreaFeatureId=1 isTopActivityTransparent=false isActivityStackTransparent=true lastNonFullscreenBounds=Rect(369, 922 - 1072, 2362) leafTaskBoundsFromOptions= false capturedLink=null capturedLinkTimestamp=0 requestedVisibleTypes=503 topActivityRequestOpenInBrowserEducationTimestamp=0 appCompatTaskInfo=AppCompatTaskInfo { topActivityInSizeCompat=false isLeafTask= true eligibleForLetterboxEducation= false isLetterboxEducationEnabled= false isLetterboxDoubleTapEnabled= false eligibleForUserAspectRatioButton= false topActivityBoundsLetterboxed= false isFromLetterboxDoubleTap= false topActivityLetterboxVerticalPosition= -1 topActivityLetterboxHorizontalPosition= -1 topActivityLetterboxWidth=-1 topActivityLetterboxHeight=-1 topActivityAppBounds=Rect(0, 0 - 0, 0) isUserFullscreenOverrideEnabled=false isSystemFullscreenOverrideEnabled=false hasMinAspectRatioOverride=false topActivityLetterboxBounds=null topNonResizableActivityAspectRatio=-1.0} topActivityMainWindowFrame=null isAppBubble=false}, pipChange = null, remoteTransitionInfo = null, displayChanges = null, requestedLocation = null, userChange = null, windowingLayerChange = null, fullscreenRequestChange = null, flags = 0, debugId = 23 }
08-31 20:36:24.708  3991  4056 W DisconnectHandler: No disconnect change found in the transition, not handling request.
08-31 20:36:24.709  1698  1807 I ANDR-PWR-OPT: GAMEPOWEROPT: sendEvents() 231: Start hint for app com.android.camera/com.android.camera.Camera/640004300, hintID : 4100, hintID hex : 1004 value: -1
08-31 20:36:24.709  1806  7095 I libbinder.BpBinder: onLastStrongRef automatically unlinking death recipients for binder (0xb400007119cf0190) with descriptor: '(not cached)'
08-31 20:36:24.709  1698  1807 I ANDR-PWR-OPT: PowerAppClassifier: getAppType() 59: checking app [com.android.camera] is type 1
08-31 20:36:24.709  1698  1807 I ANDR-PWR-OPT: GAMEPOWEROPT: isGame() 348: com.android.camera is Game = 1
08-31 20:36:24.714  8274  8274 D MCAM_AutoLockManager: onPause: 
08-31 20:36:24.714  8274  8274 V MCAM_AutoLockManager: removeMessage
08-31 20:36:24.714  8274  8274 D MCAM_ThermalDetector: unregisterReceiver
08-31 20:36:24.714  1806  2321 D SurfaceFlinger: setDesiredMode 4630946995310957971 {mode={fps=120.00 Hz, modePtr={id=0, vsyncRate=120.00 Hz, peakRefreshRate=120.00 Hz}}, emitEvent=false, force=false}
08-31 20:36:24.714  8274  8274 D MCAM_ExtraModuleManagerImpl: onPause
08-31 20:36:24.714  8274  8274 D MCAM_HeapMemoryManager: checkUsedMemory is called by Camera_onPause
08-31 20:36:24.714  8274  8274 D MCAM_HeapMemoryManager: jvm:{maxMemory:524288, totalMemory:66469, freeMemory:41335, usedMemory:25134, availableMemory:499154, javaUsedRate:4%}
08-31 20:36:24.714  8274  8274 D MCAM_HeapMemoryManager: commonCache:{ByteArrayPool: 0}
08-31 20:36:24.714  8274  8461 D MCAM_ParallelDataZipper: mCaptureDataArray: 0, mCaptureDataBeanArray: 0
08-31 20:36:24.715  8274  8274 D MCAM_HeapMemoryManager: ParallelTaskMaps:{"ParallelTaskDataConverter": {"mParallelItemCacheMap": 0, "cacheSize": 0},"OfflineImageDataZipper": 0,"ParallelDataZipper": workThread is already print,"MockCameraImageReceiver": [{"mMockCameraID": 8, "mResultImageDataHashMapSize": 0}, {"mMockCameraID": 9, "mResultImageDataHashMapSize": 0}],"MIVICaptureManagerImpl": {"mParallelTaskHashMap": 0_, "byteSize": 0}}
08-31 20:36:24.715  8274  8274 D MCAM_HeapMemoryManager: mUsedMemory is released
08-31 20:36:24.715  8274  8274 D MCAM_SensorSM@82996061: unregister fail, no sensor registered
08-31 20:36:24.715  8274  8274 D MCAM_ActivityBase: onPause +179966371
08-31 20:36:24.715  8274  8274 D MCAM_BoostFrameworkImpl: startBoost: duration = 500, scene = 6
08-31 20:36:24.715  8274  8274 D MCAM_BoostFrameworkImpl: ready to boost
08-31 20:36:24.715  8274  8274 D MCAM_Camera@179966371: pauseActivity +
08-31 20:36:24.715  1711  2074 E PERFHAL-REQUEST: PERFHAL-REQUEST: Process() 398: Translate to physical failed
08-31 20:36:24.715  1711  2074 E PERFHAL-REQUEST: PERFHAL-REQUEST: Process() 398: Translate to physical failed
08-31 20:36:24.716  1711  2074 E PERFHAL-TARGETCONFIG: PERFHAL-TARGETCONFIG: getCoresInCluster() 86: Error: Invalid cluster id 3
08-31 20:36:24.716  1711  2074 E PERFHAL-REQUEST: PERFHAL-REQUEST: Process() 398: Translate to physical failed
08-31 20:36:24.716  1711  2074 E PERFHAL-TARGETCONFIG: PERFHAL-TARGETCONFIG: getCoresInCluster() 86: Error: Invalid cluster id 3
08-31 20:36:24.716  1711  2074 E PERFHAL-REQUEST: PERFHAL-REQUEST: Process() 398: Translate to physical failed
08-31 20:36:24.716  8274 21103 V MCAM_CameraBrightness: [WTP]setBrightnessRampRate: E
08-31 20:36:24.716  8274 21103 V MCAM_CameraBrightness: setBrightnessRampRate1: -1
08-31 20:36:24.716  8274 21103 E MCAM_CameraBrightness: modify screen light ramp rate failed, so screen light will rise slowly! throw:java.lang.ClassNotFoundException: android.os.IPowerManager.Stub
08-31 20:36:24.716  8274 21103 V MCAM_CameraBrightness: setBrightnessRampRate2: -1
08-31 20:36:24.716  3042 13343 W libbinder.Parcel: **** enforceInterface() expected 'android.hardware.display.IDisplayManager' but read 'android.view.android.hardware.display.IDisplayManager'
08-31 20:36:24.716  8274 21103 V MCAM_CameraBrightness: [WTP]setBrightnessRampRate: X
08-31 20:36:24.717  8274  8274 D MCAM_Camera@179966371: onPause: readLastFrameGaussian...
08-31 20:36:24.718  8274 21106 D MCAM_CRE_AnimationRenderer: startAnimation
08-31 20:36:24.719  8274  8274 D MCAM_RenderEngineV2: setAnimationType: ANIMATION_LAST_FRAME_BLUR
08-31 20:36:24.719  8274  8274 D MCAM_RenderEngineV2: getAnimationResult: ANIMATION_LAST_FRAME_BLUR
08-31 20:36:24.720  8274  8274 V MCAM_CameraBrightness: onPause mUseDefaultValue=true
08-31 20:36:24.720  8274  8274 D MCAM_NormalLocationManager: recordLocation false
08-31 20:36:24.720  8274  8274 D MCAM_ThumbnailUpdater: cancelTask: A.e4$b@14936da
08-31 20:36:24.720  8274  8274 D MCAM_CameraIntentManager: start activity when locked: false
08-31 20:36:24.720  8274  8274 D MCAM_ActivityBase: releaseSnapshotRender: mListenerMapSize =0 mJpegListenerMapSize =0
08-31 20:36:24.720  8274  8274 D MCAM_SnapRenderManager: releaseSnapshotRender: render is null
08-31 20:36:24.720  8274  8274 D MCAM_CameraOptManager: boostAdj: [800, 0]
08-31 20:36:24.720  8274  8274 V MCAM_ImageSaver: onHostPause
08-31 20:36:24.720  8274  8274 D MCAM_OrientationEvent: updatePreviewOrientation ORIENTATION_UNKNOWN
08-31 20:36:24.720  8274  8274 D MCAM_Camera@179966371: shouldReleaseLater = false
08-31 20:36:24.720  3042 13343 W libbinder.Parcel: **** enforceInterface() expected 'android.hardware.display.IDisplayManager' but read 'android.view.android.hardware.display.IDisplayManager'
08-31 20:36:24.720  8274  8274 D MCAM_Camera@179966371: pauseActivity -
08-31 20:36:24.720  8274  8274 D MCAM_StreamingController: onActivityPause: Camera@179966371
08-31 20:36:24.720  8274  8274 D MCAM_BoostFrameworkImpl: stopBoost
08-31 20:36:24.720  8274  8274 D MCAM_BoostFrameworkImpl: ready to stop boost
08-31 20:36:24.720  8274  8468 D MCAM_AdjBoostCallable: E: cid: null
08-31 20:36:24.720  8274  8468 D MCAM_AdjBoostCallable: X: cid: null (dur: 0)
08-31 20:36:24.720  8274  8468 D MCAM_AdjBoostCallable: postCallback
08-31 20:36:24.721  8274  8274 D MCAM_WatermarkGeocoder: releasePunchIn: 
08-31 20:36:24.721  8274  8274 D MCAM_WatermarkGeocoder: removeTips: 
08-31 20:36:24.721  8274  8274 D MCAM_WatermarkGeocoder: stopLocationDataLoop: 
08-31 20:36:24.721  8274  8274 D FirebaseSessions: App backgrounded on com.android.camera
08-31 20:36:24.721  8274  8274 D MCAM_CameraExitHint: onPause, mCameraTimer: jc.i@3440bcf
08-31 20:36:24.722  8274  8274 D MCAM_CameraTimer: dispose
08-31 20:36:24.722  8274  8274 D MCAM_FragmentMoreModePopup: shrinkPopup: belongAnim = false
08-31 20:36:24.722  8274  8274 D MCAM_BaseModeAdapter: setRotate 0
08-31 20:36:24.723  8274  8274 D MCAM_FocusView: reset: type = 7, is draw = false, mIsTouchFocus = false
08-31 20:36:24.724  8274  8274 D MCAM_HandleDetectorImpl: setListener: 
08-31 20:36:24.724  8274  8274 D MCAM_ActivityBase: onPause -
08-31 20:36:24.724  3042 13343 I HidlServiceManagement: Trying to get transport of vendor.qti.hardware.servicetracker@1.2::IServicetracker/default without hwservicemanager
08-31 20:36:24.724  3042 13343 W ActivityTaskManager: servicetracker HIDL not available
08-31 20:36:24.724  3042 13343 E ActivityTaskManager: Unable to get servicetracker HAL instance
08-31 20:36:24.724  3042 13343 I HidlServiceManagement: Trying to get transport of vendor.qti.hardware.servicetracker@1.2::IServicetracker/default without hwservicemanager
08-31 20:36:24.724  3042 13343 W ActivityTaskManager: servicetracker HIDL not available
08-31 20:36:24.724  3042 13343 E ActivityTaskManager: Unable to get servicetracker HAL instance
08-31 20:36:24.724  3042 13343 I HidlServiceManagement: Trying to get transport of vendor.qti.hardware.servicetracker@1.2::IServicetracker/default without hwservicemanager
08-31 20:36:24.724  3042 13343 W ActivityTaskManager: servicetracker HIDL not available
08-31 20:36:24.724  3042 13343 E ActivityTaskManager: Unable to get servicetracker HAL instance
08-31 20:36:24.725  4153  4306 I DynamicDDSService: handleMessage(ACTIVITY_INVOKE{appInfo=com.android.launcher3 isFullScreen=}true)
08-31 20:36:24.726  3042 13343 I HidlServiceManagement: Trying to get transport of vendor.qti.hardware.servicetracker@1.2::IServicetracker/default without hwservicemanager
08-31 20:36:24.726  3042 13343 W ActivityTaskManager: servicetracker HIDL not available
08-31 20:36:24.726  3042 13343 E ActivityTaskManager: Unable to get servicetracker HAL instance
08-31 20:36:24.727  1698  1807 I ANDR-PWR-OPT: GAMEPOWEROPT: sendEvents() 231: Start hint for app com.android.launcher3/com.android.launcher3.uioverrides.QuickstepLauncher/37, hintID : 4099, hintID hex : 1003 value: -1
08-31 20:36:24.727  3991  4056 V RecentTasksController: Notify recent tasks changed
08-31 20:36:24.727  1698  1807 I ANDR-PWR-OPT: PowerAppClassifier: getAppType() 59: checking app [com.android.launcher3] is type 0
08-31 20:36:24.727  1698  1807 I ANDR-PWR-OPT: GAMEPOWEROPT: isGame() 348: com.android.launcher3 is Game = 0
08-31 20:36:24.728  4451  4451 D RecentTasksList: invalidateLoadedTasks - previous requestLoadId: -1
08-31 20:36:24.729  1711  1711 E ANDR-PERF-LM: PrefAppsFeature: getData() 389: Could not get preferred apps, Prefered apps list is empty or device is low on memory.
08-31 20:36:24.731  4451  4451 D ViewRootImpl: Skipping stats log for color mode
08-31 20:36:24.731  4451  4451 D BaseActivity: Launcher flags updated: [state_started] +[state_started]
08-31 20:36:24.731  1596  1632 I netd    : tetherGetStats() -> {[]} <0.65ms>
08-31 20:36:24.731  8274  8274 D InsetsController: Setting requestedVisibleTypes to 503 (was 498)
08-31 20:36:24.731  4451  4451 D BaseActivity: Launcher flags updated: [state_started|state_resumed|state_user_active] +[state_resumed|state_user_active]
08-31 20:36:24.731  3042  4748 I AppWidgetServiceImpl: No new profiles to load for user 0 profileIds: [0]
08-31 20:36:24.732  4451  4451 D BaseActivity: Launcher flags updated: [state_started|state_resumed|state_user_active] +[]
08-31 20:36:24.732  4451  4451 D BaseActivity: Launcher flags updated: [state_started|state_resumed|state_deferred_resumed|state_user_active] +[state_deferred_resumed]
08-31 20:36:24.732  4451  4451 D StatsLog: LAUNCHER_ONRESUME
08-31 20:36:24.732  3991  4056 D WindowManagerShell: setLauncherKeepClearAreaHeight: visible=true, height=627
08-31 20:36:24.732  8274  8274 D MCAM_AdjBoostCallable: Success: cid: null (dur: 12)
08-31 20:36:24.733  1806  1806 D SurfaceFlinger: initiateModeChange 4630946995310957971 {mode={fps=120.00 Hz, modePtr={id=0, vsyncRate=120.00 Hz, peakRefreshRate=120.00 Hz}}, emitEvent=false, force=false}
08-31 20:36:24.733  1709  2319 I SDM     : SDMDisplay::SetActiveConfigWithConstraints: display = 0, config: 0, WxH 1440x3200, fps 120@normal@120:120
08-31 20:36:24.733  4451  4532 D QuickstepModelDelegate: notifyAppTargetEvent action=1 launchLocation=workspace/1/[-1,-1]/[1,1]
08-31 20:36:24.733  1709  2319 W SDM     : HWDeviceDRM::GetSupportedBitClkRate: Requested rate not supported: 1360000000
08-31 20:36:24.733  1709  2319 I SDM     : HWDeviceDRM::UpdateMixerAttributes: Mixer WxH 1440x3200-1 for Peripheral
08-31 20:36:24.734  1709  2125 I SDM     : HWDeviceDRM::SetupConcurrentWriteback: Tear down the Concurrent Writeback topology
08-31 20:36:24.735  1709  2306 I vendor.qti.hardware.display.composer-service: Sensor: notify citsensorservice to trigger cwb, misForced = 0
08-31 20:36:24.735  1709  1709 I SDM     : CWB config passed by cwb_client : tappoint 1  CWB_ROI : (696.000000 106.000000 937.000000 347.000000) for display-0
08-31 20:36:24.736  1197  1197 I         : [mi_disp:_sde_kms_drm_check_dpms [msm_drm]][2026-08-31 18:36:24.735069] [I]conn67 early_trigger:1 (power mode 2->2, fps 24->120) - 0.6(ms)
08-31 20:36:24.738  2509  3717 I libsensor-boledalgo: dbv:1663,lux:25.9,cct:3513.2,hsv:-1.0,CWB R:0.2,G:0.2,B:0.2Event C:1063.8,R:678.6,G:337.0,B:191.9Cali C:0.0,R:0.0,G:0.0,B:0.0 
08-31 20:36:24.740  2509  3703 D libsensor-D2SNotifier: DisplayId 0 Displayinfo2SlpiNotifier to type 8 displayFrequency = 120 
08-31 20:36:24.740  1720  2155 D FPSMonitor: threadFuncFpsMonitor display 0, fps 120
08-31 20:36:24.741  2509  3703 I sensors : qsh_qmi:41, qsh_qmi
08-31 20:36:24.743  2509  3703 I sensors : ~qsh_qmi:68, ~qsh_qmi
08-31 20:36:24.741  1197  1197 I [drm:dsi_display_set_mode [msm_drm]] [msm-dsi-info]: mdp_transfer_time=7300, clk_rate=1360000000, hactive=1440, vactive=3200, fps=120,ddic_mode=normal, sf_fps=120, ddic_min_fps=120
08-31 20:36:24.761  3042 13343 D WindowManager: setClientSurface Surface(name=VRI-com.android.launcher3/com.android.launcher3.uioverrides.QuickstepLauncher#268)/@0xa928b81 for 3914aab com.android.launcher3/com.android.launcher3.uioverrides.QuickstepLauncher
08-31 20:36:24.761  4451  4451 I Surface : Creating surface for consumer unnamed-4451-14 with slotExpansion=1 for 64 slots
08-31 20:36:24.762  4451  4451 I Surface : Creating surface for consumer VRI[QuickstepLauncher]#5(BLAST Consumer)5 with slotExpansion=1 for 64 slots
08-31 20:36:24.762  4451  4451 D BaseDepthController: setSurface:
08-31 20:36:24.762  4451  4451 D BaseDepthController: 	mWaitingOnSurfaceValidity: false
08-31 20:36:24.762  4451  4451 D BaseDepthController: 	mBaseSurface: Surface(name=VRI-com.android.launcher3/com.android.launcher3.uioverrides.QuickstepLauncher#268)/@0x80eafd0
08-31 20:36:24.762  4451  4451 V BaseDepthController: Applying blur: 0 to Surface(name=VRI-com.android.launcher3/com.android.launcher3.uioverrides.QuickstepLauncher#268)/@0x80eafd0 applyImmediately: false
08-31 20:36:24.762  4451  4451 D BaseDepthController: shouldBlurWorkspace: false targetState: Normal currentStableState: Normal mCurrentBlur: 0 mLauncher.getDepthBlurTargets(): [com.android.launcher3.Workspace{2b26bc9 V.ED..... .......D 0,0-1440,3200 #7f0903f2 app:id/workspace}, com.android.launcher3.Hotseat{94552ce V.ED..... .......D 0,2573-1440,3200 #7f0901bf app:id/hotseat}]
08-31 20:36:24.769  3991  4359 D WallpaperService: onVisibilityChanged(true): com.android.systemui.wallpapers.ImageWallpaper$CanvasEngine@188cf95
08-31 20:36:24.776  1709  1709 I SDM     : PartialUpdateSrcSplit::SetCwbRoiForNonPU: CWB ROI Rect(696.000000 106.000000 937.000000 347.000000)
08-31 20:36:24.777  3991  4996 V WindowManagerShell: onTransitionReady(transaction=13065290517062)
08-31 20:36:24.778  3991  4056 V WindowManagerShell: onTransitionReady (#23) android.os.BinderProxy@8b998e3: {id=23 t=CLOSE f=0x0 trk=0 r=[0@Point(0, 0)] c=[
08-31 20:36:24.778  3991  4056 V WindowManagerShell:         {m=CLOSE f=FLAG_CHANGED_INTERACTIVE leash=Surface(name=Task=47#240)/@0x62d72e0 sb=Rect(0, 0 - 1440, 3200) eb=Rect(0, 0 - 1440, 3200) epz=Point(1440, 3200) d=0 taskParent=-1 winMode=1 userId=0},
08-31 20:36:24.778  3991  4056 V WindowManagerShell:         {m=TO_FRONT f=SHOW_WALLPAPER|MOVE_TO_TOP|FLAG_CHANGED_INTERACTIVE leash=Surface(name=Task=1#35)/@0x39a5999 sb=Rect(0, 0 - 1440, 3200) eb=Rect(0, 0 - 1440, 3200) epz=Point(1440, 3200) d=0 taskParent=-1 winMode=1 userId=0},
08-31 20:36:24.778  3991  4056 V WindowManagerShell:         {m=TO_FRONT f=IS_WALLPAPER leash=Surface(name=WallpaperWindowToken{295e8f1}#39)/@0x55af45e sb=Rect(0, 0 - 1440, 3200) eb=Rect(0, 0 - 1440, 3200) epz=Point(1440, 3200) d=0}
08-31 20:36:24.778  3991  4056 V WindowManagerShell:     ]}
08-31 20:36:24.778  3991  4056 V WindowManagerShell: Playing animation for (#23) android.os.BinderProxy@8b998e3@0
08-31 20:36:24.778  3991  4056 D ShellSplitScreen: startAnimation: transition=23 isSplitActive=false
08-31 20:36:24.778  3991  4056 V ShellRecents: RecentsTransitionHandler.startAnimation: no controller found
08-31 20:36:24.779  3991  4056 V WindowManagerShell: Transition doesn't have explicit remote, search filters for match for {id=23 t=CLOSE f=0x0 trk=0 r=[0@Point(0, 0)] c=[{m=CLOSE f=FLAG_CHANGED_INTERACTIVE leash=Surface(name=Task=47#240)/@0x62d72e0 sb=Rect(0, 0 - 1440, 3200) eb=Rect(0, 0 - 1440, 3200) epz=Point(1440, 3200) d=0 taskParent=-1 winMode=1 userId=0},{m=TO_FRONT f=SHOW_WALLPAPER|MOVE_TO_TOP|FLAG_CHANGED_INTERACTIVE leash=Surface(name=Task=1#35)/@0x39a5999 sb=Rect(0, 0 - 1440, 3200) eb=Rect(0, 0 - 1440, 3200) epz=Point(1440, 3200) d=0 taskParent=-1 winMode=1 userId=0},{m=TO_FRONT f=IS_WALLPAPER leash=Surface(name=WallpaperWindowToken{295e8f1}#39)/@0x55af45e sb=Rect(0, 0 - 1440, 3200) eb=Rect(0, 0 - 1440, 3200) epz=Point(1440, 3200) d=0}]}
08-31 20:36:24.779  3991  4056 V WindowManagerShell:  Checking filter Pair{{types=[] flags=0x0 notFlags=0x0 checks=[{atype=standard independent=false modes=[CHANGE] flags=NONE mustBeTask=true order=ANY topActivity=null launchCookie=null windowingMode=undefined isCrossDisplayMove=true}]} RemoteTransition { remoteTransition = android.window.IRemoteTransition$Stub$Proxy@d6a23b4, appThread = android.app.IApplicationThread$Stub$Proxy@e4a3bdd, debugName = QuickstepDisplayMove, filter = {types=[] flags=0x0 notFlags=0x0 checks=[{atype=standard independent=false modes=[CHANGE] flags=NONE mustBeTask=true order=ANY topActivity=null launchCookie=null windowingMode=undefined isCrossDisplayMove=true}]} }}
08-31 20:36:24.779  3991  4056 V WindowManagerShell:  Checking filter Pair{{types=[] flags=0x0 notFlags=0x100 checks=[{atype=home independent=true modes=[OPEN,TO_FRONT] flags=NONE mustBeTask=false order=ANY topActivity=ComponentInfo{com.android.launcher3/com.android.launcher3.uioverrides.QuickstepLauncher} launchCookie=null windowingMode=undefined isCrossDisplayMove=false},{atype=standard independent=true modes=[CLOSE,TO_BACK] flags=NONE mustBeTask=false order=ANY topActivity=null launchCookie=null windowingMode=undefined isCrossDisplayMove=false},{NOT atype=undefined independent=true modes=[] flags=NONE mustBeTask=true order=ANY topActivity=null launchCookie=null customAnim=true windowingMode=undefined isCrossDisplayMove=false}]} RemoteTransition { remoteTransition = android.window.IRemoteTransition$Stub$Proxy@dc70352, appThread = android.app.IApplicationThread$Stub$Proxy@42b9623, debugName = QuickstepLaunchHome, filter = {types=[] flags=0x0 notFlags=0x100 checks=[{atype=home independent=true modes=[OPEN,TO_FRONT] flags=NONE mustBeTask=false order=ANY topActivity=ComponentInfo{com.android.launcher3/com.android.launcher3.uioverrides.QuickstepLauncher} launchCookie=null windowingMode=undefined isCrossDisplayMove=false},{atype=standard independent=true modes=[CLOSE,TO_BACK] flags=NONE mustBeTask=false order=ANY topActivity=null launchCookie=null windowingMode=undefined isCrossDisplayMove=false},{NOT atype=undefined independent=true modes=[] flags=NONE mustBeTask=true order=ANY topActivity=null launchCookie=null customAnim=true windowingMode=undefined isCrossDisplayMove=false}]} }}
08-31 20:36:24.779  3991  4056 D RemoteTransitionHandler: Found filterPair{{types=[] flags=0x0 notFlags=0x100 checks=[{atype=home independent=true modes=[OPEN,TO_FRONT] flags=NONE mustBeTask=false order=ANY topActivity=ComponentInfo{com.android.launcher3/com.android.launcher3.uioverrides.QuickstepLauncher} launchCookie=null windowingMode=undefined isCrossDisplayMove=false},{atype=standard independent=true modes=[CLOSE,TO_BACK] flags=NONE mustBeTask=false order=ANY topActivity=null launchCookie=null windowingMode=undefined isCrossDisplayMove=false},{NOT atype=undefined independent=true modes=[] flags=NONE mustBeTask=true order=ANY topActivity=null launchCookie=null customAnim=true windowingMode=undefined isCrossDisplayMove=false}]} RemoteTransition { remoteTransition = android.window.IRemoteTransition$Stub$Proxy@dc70352, appThread = android.app.IApplicationThread$Stub$Proxy@42b9623, debugName = QuickstepLaunchHome, filter = {types=[] flags=0x0 notFlags=0x100 checks=[{atype=home independent=true modes=[OPEN,TO_FRONT] flags=NONE mustBeTask=false order=ANY topActivity=ComponentInfo{com.android.launcher3/com.android.launcher3.uioverrides.QuickstepLauncher} launchCookie=null windowingMode=undefined isCrossDisplayMove=false},{atype=standard independent=true modes=[CLOSE,TO_BACK] flags=NONE mustBeTask=false order=ANY topActivity=null launchCookie=null windowingMode=undefined isCrossDisplayMove=false},{NOT atype=undefined independent=true modes=[] flags=NONE mustBeTask=true order=ANY topActivity=null launchCookie=null customAnim=true windowingMode=undefined isCrossDisplayMove=false}]} }}
08-31 20:36:24.779  3991  4056 V WindowManagerShell:  Delegate animation for (#23) to RemoteTransition { remoteTransition = android.window.IRemoteTransition$Stub$Proxy@dc70352, appThread = android.app.IApplicationThread$Stub$Proxy@42b9623, debugName = QuickstepLaunchHome, filter = {types=[] flags=0x0 notFlags=0x100 checks=[{atype=home independent=true modes=[OPEN,TO_FRONT] flags=NONE mustBeTask=false order=ANY topActivity=ComponentInfo{com.android.launcher3/com.android.launcher3.uioverrides.QuickstepLauncher} launchCookie=null windowingMode=undefined isCrossDisplayMove=false},{atype=standard independent=true modes=[CLOSE,TO_BACK] flags=NONE mustBeTask=false order=ANY topActivity=null launchCookie=null windowingMode=undefined isCrossDisplayMove=false},{NOT atype=undefined independent=true modes=[] flags=NONE mustBeTask=true order=ANY topActivity=null launchCookie=null customAnim=true windowingMode=undefined isCrossDisplayMove=false}]} }
08-31 20:36:24.780  1708  1708 I SnapAlloc: Using graphics libs for alignment calculations
08-31 20:36:24.784  1709  2125 I SDM     : HWDeviceDRM::SetupConcurrentWriteback: Tear down the Concurrent Writeback topology
08-31 20:36:24.787  3042  3105 V WindowManager: Sent Transition (#23) createdAt=08-31 20:36:24.704 via request=TransitionRequestInfo { type = CLOSE, triggerTask = TaskInfo{userId=0 taskId=47 effectiveUid=10240 displayId=0 isRunning=false baseIntent=Intent { act=android.intent.action.MAIN cat=[android.intent.category.LAUNCHER] flg=0x10200000 cmp=com.android.camera/.Camera } baseActivity=null topActivity=null origActivity=null realActivity=ComponentInfo{com.android.camera/com.android.camera.Camera} realActivityIsAppLockEnabled=false numActivities=0 lastActiveTime=2395623 supportsMultiWindow=false supportsMultiWindowWithoutConstraints=false resizeMode=0 isResizeable=false minWidth=-1 minHeight=-1 defaultMinSize=220 token=WCT{RemoteToken{40e9651 Task{3aa4e39 #47 type=standard A=10240:com.android.camera nonResizable}}} topActivityType=1 pictureInPictureParams=null shouldDockBigOverlays=false launchIntoPipHostTaskId=-1 lastParentTaskIdBeforePip=-1 displayCutoutSafeInsets=Rect(0, 0 - 0, 0) topActivityInfo=null launchCookies=[] positionInParent=Point(0, 0) parentTaskId=-1 isFocused=true isInteractive=true isVisible=true isVisibleRequested=true isTopActivityNoDisplay=false isSleeping=false locusId=null displayAreaFeatureId=1 isTopActivityTransparent=false isActivityStackTransparent=true lastNonFullscreenBounds=Rect(369, 922 - 1072, 2362) leafTaskBoundsFromOptions= false capturedLink=null capturedLinkTimestamp=0 requestedVisibleTypes=503 topActivityRequestOpenInBrowserEducationTimestamp=0 appCompatTaskInfo=AppCompatTaskInfo { topActivityInSizeCompat=false isLeafTask= true eligibleForLetterboxEducation= false isLetterboxEducationEnabled= false isLetterboxDoubleTapEnabled= false eligibleForUserAspectRatioButton= false topActivityBoundsLetterboxed= false isFromLetterboxDoubleTap= false topActivityLetterboxVerticalPosition= -1 topActivityLetterboxHorizontalPosition= -1 topActivityLetterboxWidth=-1 topActivityLetterboxHeight=-1 topActivityAppBounds=Rect(0, 0 - 0, 0) isUserFullscreenOverrideEnabled=false isSystemFullscreenOverrideEnabled=false hasMinAspectRatioOverride=false topActivityLetterboxBounds=null topNonResizableActivityAspectRatio=-1.0} topActivityMainWindowFrame=null isAppBubble=false}, pipChange = null, remoteTransitionInfo = null, displayChanges = null, requestedLocation = null, userChange = null, windowingLayerChange = null, fullscreenRequestChange = null, flags = 0, debugId = 23 }
08-31 20:36:24.787  3042  3105 V WindowManager:     startWCT=WindowContainerTransaction { changes= {} hops= [] flags= 0 errorCallbackToken=null taskFragmentOrganizer=null }
08-31 20:36:24.787  3042  3105 V WindowManager:     info={id=23 t=CLOSE f=0x0 trk=0 r=[0@Point(0, 0)] c=[
08-31 20:36:24.787  3042  3105 V WindowManager:         {WCT{RemoteToken{40e9651 Task{3aa4e39 #47 type=standard A=10240:com.android.camera nonResizable}}} m=CLOSE f=FLAG_CHANGED_INTERACTIVE leash=Surface(name=Task=47#240)/@0xd844fbf sb=Rect(0, 0 - 1440, 3200) eb=Rect(0, 0 - 1440, 3200) epz=Point(1440, 3200) d=0 taskParent=-1 winMode=1 userId=0},
08-31 20:36:24.787  3042  3105 V WindowManager:         {WCT{RemoteToken{bde296f Task{e4428cd #1 type=home}}} m=TO_FRONT f=SHOW_WALLPAPER|MOVE_TO_TOP|FLAG_CHANGED_INTERACTIVE leash=Surface(name=Task=1#35)/@0xa11af13 sb=Rect(0, 0 - 1440, 3200) eb=Rect(0, 0 - 1440, 3200) epz=Point(1440, 3200) d=0 taskParent=-1 winMode=1 userId=0},
08-31 20:36:24.787  3042  3105 V WindowManager:         {m=TO_FRONT f=IS_WALLPAPER leash=Surface(name=WallpaperWindowToken{295e8f1}#39)/@0x6c9ddb4 sb=Rect(0, 0 - 1440, 3200) eb=Rect(0, 0 - 1440, 3200) epz=Point(1440, 3200) d=0}
08-31 20:36:24.787  3042  3105 V WindowManager:     ]}
08-31 20:36:24.788  3042  4748 W UserManagerService: Requested status bar icon for non-badged user 0
08-31 20:36:24.788  3042  3080 W ActivityTaskManager: setRunningRemoteTransition: no process for null
08-31 20:36:24.788  3991  4056 V WindowManagerShell:  animated by com.android.wm.shell.transition.RemoteTransitionHandler@aa681b5
08-31 20:36:24.788  4451  4451 D LauncherStateManager: StateManager.createAtomicAnimation: fromState: Normal, toState: Normal, partial trace:
08-31 20:36:24.788  4451  4451 D LauncherStateManager: 	at com.android.quickstep.util.ScalingWorkspaceRevealAnim.<init>(ScalingWorkspaceRevealAnim.kt:109)
08-31 20:36:24.788  4451  4451 D LauncherStateManager: 	at com.android.launcher3.QuickstepTransitionManager.createWallpaperOpenAnimations(QuickstepTransitionManager.java:2055)
08-31 20:36:24.788  4451  4451 D LauncherStateManager: 	at com.android.launcher3.QuickstepTransitionManager$WallpaperOpenLauncherAnimationRunner.onAnimationStart(QuickstepTransitionManager.java:2190)
08-31 20:36:24.788  4451  4451 D AllAppsTransitionController: shouldProtectHeader: false skipScrim: true state: Normal stateManager.getState(): Normal
08-31 20:36:24.789  4451  4451 V BaseDepthController: Applying blur: 0 to Surface(name=VRI-com.android.launcher3/com.android.launcher3.uioverrides.QuickstepLauncher#268)/@0x80eafd0 applyImmediately: false
08-31 20:36:24.789  4451  4451 D BaseDepthController: shouldBlurWorkspace: false targetState: Normal currentStableState: Normal mCurrentBlur: 0 mLauncher.getDepthBlurTargets(): [com.android.launcher3.Workspace{2b26bc9 V.ED..... ......ID 0,0-1440,3200 #7f0903f2 app:id/workspace}, com.android.launcher3.Hotseat{94552ce V.ED..... ........ 0,2573-1440,3200 #7f0901bf app:id/hotseat}]
08-31 20:36:24.789  4451  4451 V BaseDepthController: Applying blur: 0 to Surface(name=VRI-com.android.launcher3/com.android.launcher3.uioverrides.QuickstepLauncher#268)/@0x80eafd0 applyImmediately: false
08-31 20:36:24.789  4451  4451 D BaseDepthController: shouldBlurWorkspace: false targetState: Normal currentStableState: Normal mCurrentBlur: 0 mLauncher.getDepthBlurTargets(): [com.android.launcher3.Workspace{2b26bc9 V.ED..... ......ID 0,0-1440,3200 #7f0903f2 app:id/workspace}, com.android.launcher3.Hotseat{94552ce V.ED..... ........ 0,2573-1440,3200 #7f0901bf app:id/hotseat}]
08-31 20:36:24.790  4451  4451 D LauncherStateManager: StateManager.cancelAnimation: animation ongoing: false, partial trace:
08-31 20:36:24.790  4451  4451 D LauncherStateManager: 	at com.android.launcher3.statemanager.StateManager.setCurrentAnimation(StateManager.java:547)
08-31 20:36:24.790  4451  4451 D LauncherStateManager: 	at com.android.launcher3.QuickstepTransitionManager.createWallpaperOpenAnimations(QuickstepTransitionManager.java:2108)
08-31 20:36:24.790  4451  4451 D LauncherStateManager: 	at com.android.launcher3.QuickstepTransitionManager$WallpaperOpenLauncherAnimationRunner.onAnimationStart(QuickstepTransitionManager.java:2190)
08-31 20:36:24.790  4451  4451 D b/311077782: LauncherAnimationRunner.setAnimation
08-31 20:36:24.790  4451  4451 V BaseDepthController: Applying blur: 0 to Surface(name=VRI-com.android.launcher3/com.android.launcher3.uioverrides.QuickstepLauncher#268)/@0x80eafd0 applyImmediately: false
08-31 20:36:24.790  4451  4451 D BaseDepthController: shouldBlurWorkspace: false targetState: Normal currentStableState: Normal mCurrentBlur: 0 mLauncher.getDepthBlurTargets(): [com.android.launcher3.Workspace{2b26bc9 V.ED..... ......ID 0,0-1440,3200 #7f0903f2 app:id/workspace}, com.android.launcher3.Hotseat{94552ce V.ED..... ......ID 0,2573-1440,3200 #7f0901bf app:id/hotseat}]
08-31 20:36:24.790  4451  4451 V BaseDepthController: Applying blur: 0 to Surface(name=VRI-com.android.launcher3/com.android.launcher3.uioverrides.QuickstepLauncher#268)/@0x80eafd0 applyImmediately: false
08-31 20:36:24.790  4451  4451 D BaseDepthController: shouldBlurWorkspace: false targetState: Normal currentStableState: Normal mCurrentBlur: 0 mLauncher.getDepthBlurTargets(): [com.android.launcher3.Workspace{2b26bc9 V.ED..... ......ID 0,0-1440,3200 #7f0903f2 app:id/workspace}, com.android.launcher3.Hotseat{94552ce V.ED..... ......ID 0,2573-1440,3200 #7f0901bf app:id/hotseat}]
08-31 20:36:24.790  4451  4451 V BaseDepthController: Applying blur: 0 to Surface(name=VRI-com.android.launcher3/com.android.launcher3.uioverrides.QuickstepLauncher#268)/@0x80eafd0 applyImmediately: false
08-31 20:36:24.790  4451  4451 D BaseDepthController: shouldBlurWorkspace: false targetState: Normal currentStableState: Normal mCurrentBlur: 0 mLauncher.getDepthBlurTargets(): [com.android.launcher3.Workspace{2b26bc9 V.ED..... ......ID 0,0-1440,3200 #7f0903f2 app:id/workspace}, com.android.launcher3.Hotseat{94552ce V.ED..... ......ID 0,2573-1440,3200 #7f0901bf app:id/hotseat}]
08-31 20:36:24.790  4451  4451 V BaseDepthController: Applying blur: 0 to Surface(name=VRI-com.android.launcher3/com.android.launcher3.uioverrides.QuickstepLauncher#268)/@0x80eafd0 applyImmediately: false
08-31 20:36:24.790  4451  4451 D BaseDepthController: shouldBlurWorkspace: false targetState: Normal currentStableState: Normal mCurrentBlur: 0 mLauncher.getDepthBlurTargets(): [com.android.launcher3.Workspace{2b26bc9 V.ED..... ......ID 0,0-1440,3200 #7f0903f2 app:id/workspace}, com.android.launcher3.Hotseat{94552ce V.ED..... ......ID 0,2573-1440,3200 #7f0901bf app:id/hotseat}]
08-31 20:36:24.791  4451  4451 V BaseDepthController: Applying blur: 0 to Surface(name=VRI-com.android.launcher3/com.android.launcher3.uioverrides.QuickstepLauncher#268)/@0x80eafd0 applyImmediately: false
08-31 20:36:24.791  4451  4451 D BaseDepthController: shouldBlurWorkspace: false targetState: Normal currentStableState: Normal mCurrentBlur: 0 mLauncher.getDepthBlurTargets(): [com.android.launcher3.Workspace{2b26bc9 V.ED..... ......ID 0,0-1440,3200 #7f0903f2 app:id/workspace}, com.android.launcher3.Hotseat{94552ce V.ED..... ......ID 0,2573-1440,3200 #7f0901bf app:id/hotseat}]
08-31 20:36:24.791  1709  3721 I SDM     : NotifyCWBStatus: Notify the client about buffer (0xd5a17880) status 0 for display-0.
08-31 20:36:24.792  1709  3721 I SDM     : SDMConcurrentWriteBack::ProcessCWBStatus: CWB queue is empty. Display: 0
08-31 20:36:24.796  4451  4451 D BaseActivity: Launcher flags updated: [state_started|state_resumed|state_deferred_resumed|state_window_focused|state_user_active] +[state_window_focused]
08-31 20:36:24.797  3042  3596 I ImeTracker: com.android.launcher3:d7265416: onRequestHide at ORIGIN_SERVER reason HIDE_UNSPECIFIED_WINDOW fromUser false userId 0 displayId 0
08-31 20:36:24.797  4451  4451 D InsetsController: hide(ime())
08-31 20:36:24.797  4451  4451 I ImeTracker: com.android.launcher3:d7265416: onCancelled at PHASE_CLIENT_ALREADY_HIDDEN
08-31 20:36:24.797  6928  6928 I SubtypeOperator: SubtypeOperator$1.onUnbindInput():43 
08-31 20:36:24.798  3042  3596 W InputChannel-JNI: Channel already disposed.
08-31 20:36:24.798  6928  6928 I SubtypeOperator: SubtypeOperator$1.onBindInput():33 
08-31 20:36:24.798  6928  6928 I GoogleInputMethodService: GoogleInputMethodService.onFinishInput():2361 
08-31 20:36:24.798  3042  7364 I ImeTracker: system_server:5ff5cb28: onRequestHide at ORIGIN_SERVER reason IME_REQUESTED_CHANGED_LISTENER fromUser false displayId 0
08-31 20:36:24.799  6928 20035 I Module  : DeviceLockedStatusModuleProvider$Module.updateDeviceLockedStatusInternal():119 repeatCheckTimes = 0, locked = false
08-31 20:36:24.799  6928  6928 I GoogleInputMethodService: GoogleInputMethodService.onStartInput():1532 onStartInput(EditorInfo{EditorInfo{packageName=com.android.launcher3, inputType=0, inputTypeString=NULL, enableLearning=false, autoCorrection=false, autoComplete=false, imeOptions=0, privateImeOptions=null, actionName=UNSPECIFIED, actionLabel=null, initialSelStart=-1, initialSelEnd=-1, initialCapsMode=0, label=null, fieldId=0, fieldName=null, extras=null, hintText=null, hintLocales=[]}}, false)
08-31 20:36:24.799  6928  6928 W LatinIMEBase: LatinIMEBase.updateInputViewCoverNavigation():321 Null input view, cannot update padding!
08-31 20:36:24.799  3042  3108 I ImeTracker: system_server:5ff5cb28: onCancelled at PHASE_SERVER_SHOULD_HIDE
08-31 20:36:24.799  6928 20047 I Module  : DeviceLockedStatusModuleProvider$Module.updateDeviceLockedStatusInternal():119 repeatCheckTimes = 1, locked = false
08-31 20:36:24.800  3042  7364 W PackageConfigPersister: App-specific configuration not found for packageName: com.android.launcher3 and userId: 0
08-31 20:36:24.802  4451  4451 V BaseDepthController: Applying blur: 0 to Surface(name=VRI-com.android.launcher3/com.android.launcher3.uioverrides.QuickstepLauncher#268)/@0x80eafd0 applyImmediately: false
08-31 20:36:24.802  4451  4451 D BaseDepthController: shouldBlurWorkspace: false targetState: Normal currentStableState: Normal mCurrentBlur: 0 mLauncher.getDepthBlurTargets(): [com.android.launcher3.Workspace{2b26bc9 V.ED..... ........ 0,0-1440,3200 #7f0903f2 app:id/workspace}, com.android.launcher3.Hotseat{94552ce V.ED..... .......D 0,2573-1440,3200 #7f0901bf app:id/hotseat}]
08-31 20:36:24.810  4451  4451 V BaseDepthController: Applying blur: 0 to Surface(name=VRI-com.android.launcher3/com.android.launcher3.uioverrides.QuickstepLauncher#268)/@0x80eafd0 applyImmediately: false
08-31 20:36:24.810  4451  4451 D BaseDepthController: shouldBlurWorkspace: false targetState: Normal currentStableState: Normal mCurrentBlur: 0 mLauncher.getDepthBlurTargets(): [com.android.launcher3.Workspace{2b26bc9 V.ED..... ........ 0,0-1440,3200 #7f0903f2 app:id/workspace}, com.android.launcher3.Hotseat{94552ce V.ED..... .......D 0,2573-1440,3200 #7f0901bf app:id/hotseat}]
08-31 20:36:24.819  4451  4451 V BaseDepthController: Applying blur: 0 to Surface(name=VRI-com.android.launcher3/com.android.launcher3.uioverrides.QuickstepLauncher#268)/@0x80eafd0 applyImmediately: false
08-31 20:36:24.819  4451  4451 D BaseDepthController: shouldBlurWorkspace: false targetState: Normal currentStableState: Normal mCurrentBlur: 0 mLauncher.getDepthBlurTargets(): [com.android.launcher3.Workspace{2b26bc9 V.ED..... ........ 0,0-1440,3200 #7f0903f2 app:id/workspace}, com.android.launcher3.Hotseat{94552ce V.ED..... ........ 0,2573-1440,3200 #7f0901bf app:id/hotseat}]
08-31 20:36:24.827  4451  4451 V BaseDepthController: Applying blur: 0 to Surface(name=VRI-com.android.launcher3/com.android.launcher3.uioverrides.QuickstepLauncher#268)/@0x80eafd0 applyImmediately: false
08-31 20:36:24.827  4451  4451 D BaseDepthController: shouldBlurWorkspace: false targetState: Normal currentStableState: Normal mCurrentBlur: 0 mLauncher.getDepthBlurTargets(): [com.android.launcher3.Workspace{2b26bc9 V.ED..... ........ 0,0-1440,3200 #7f0903f2 app:id/workspace}, com.android.launcher3.Hotseat{94552ce V.ED..... ........ 0,2573-1440,3200 #7f0901bf app:id/hotseat}]
08-31 20:36:24.830  3991  4056 V RecentTasksController: Notify recent tasks changed
08-31 20:36:24.830  4451  4451 D RecentTasksList: invalidateLoadedTasks - previous requestLoadId: -1
08-31 20:36:24.831  3991  4056 V RecentTasksController: generateList(getRecentTasks)
08-31 20:36:24.831  3991  4056 V RecentTasksController: initializeDesksMap - desktop windowing not available
08-31 20:36:24.831  3991  4056 V RecentTasksController: Added fullscreen task: 47
08-31 20:36:24.831  3991  4056 V RecentTasksController: generateList - complete
08-31 20:36:24.831  4451  4530 D PreloadThumbnailUseCase: Preloading thumbnails for task ids: [[id=47 windowingMode=1 user=0 lastActiveTime=2398691] null]
08-31 20:36:24.835  4451  4451 V BaseDepthController: Applying blur: 0 to Surface(name=VRI-com.android.launcher3/com.android.launcher3.uioverrides.QuickstepLauncher#268)/@0x80eafd0 applyImmediately: false
08-31 20:36:24.836  4451  4451 D BaseDepthController: shouldBlurWorkspace: false targetState: Normal currentStableState: Normal mCurrentBlur: 0 mLauncher.getDepthBlurTargets(): [com.android.launcher3.Workspace{2b26bc9 V.ED..... ........ 0,0-1440,3200 #7f0903f2 app:id/workspace}, com.android.launcher3.Hotseat{94552ce V.ED..... ........ 0,2573-1440,3200 #7f0901bf app:id/hotseat}]
08-31 20:36:24.839  2509  3717 I libsensor-boledalgo: dbv:1663,lux:27.5,cct:3459.0,hsv:-1.0,CWB R:0.2,G:0.2,B:0.2Event C:1067.4,R:674.7,G:337.0,B:190.6Cali C:0.0,R:0.0,G:0.0,B:0.0 
08-31 20:36:24.844  4451  4451 V BaseDepthController: Applying blur: 0 to Surface(name=VRI-com.android.launcher3/com.android.launcher3.uioverrides.QuickstepLauncher#268)/@0x80eafd0 applyImmediately: false
08-31 20:36:24.844  4451  4451 D BaseDepthController: shouldBlurWorkspace: false targetState: Normal currentStableState: Normal mCurrentBlur: 0 mLauncher.getDepthBlurTargets(): [com.android.launcher3.Workspace{2b26bc9 V.ED..... ........ 0,0-1440,3200 #7f0903f2 app:id/workspace}, com.android.launcher3.Hotseat{94552ce V.ED..... ........ 0,2573-1440,3200 #7f0901bf app:id/hotseat}]
08-31 20:36:24.852  4451  4451 V BaseDepthController: Applying blur: 0 to Surface(name=VRI-com.android.launcher3/com.android.launcher3.uioverrides.QuickstepLauncher#268)/@0x80eafd0 applyImmediately: false
08-31 20:36:24.852  4451  4451 D BaseDepthController: shouldBlurWorkspace: false targetState: Normal currentStableState: Normal mCurrentBlur: 0 mLauncher.getDepthBlurTargets(): [com.android.launcher3.Workspace{2b26bc9 V.ED..... ........ 0,0-1440,3200 #7f0903f2 app:id/workspace}, com.android.launcher3.Hotseat{94552ce V.ED..... ........ 0,2573-1440,3200 #7f0901bf app:id/hotseat}]
08-31 20:36:24.861  4451  4451 V BaseDepthController: Applying blur: 0 to Surface(name=VRI-com.android.launcher3/com.android.launcher3.uioverrides.QuickstepLauncher#268)/@0x80eafd0 applyImmediately: false
08-31 20:36:24.861  4451  4451 D BaseDepthController: shouldBlurWorkspace: false targetState: Normal currentStableState: Normal mCurrentBlur: 0 mLauncher.getDepthBlurTargets(): [com.android.launcher3.Workspace{2b26bc9 V.ED..... ........ 0,0-1440,3200 #7f0903f2 app:id/workspace}, com.android.launcher3.Hotseat{94552ce V.ED..... ........ 0,2573-1440,3200 #7f0901bf app:id/hotseat}]
08-31 20:36:24.869  4451  4451 V BaseDepthController: Applying blur: 0 to Surface(name=VRI-com.android.launcher3/com.android.launcher3.uioverrides.QuickstepLauncher#268)/@0x80eafd0 applyImmediately: false
08-31 20:36:24.869  4451  4451 D BaseDepthController: shouldBlurWorkspace: false targetState: Normal currentStableState: Normal mCurrentBlur: 0 mLauncher.getDepthBlurTargets(): [com.android.launcher3.Workspace{2b26bc9 V.ED..... ........ 0,0-1440,3200 #7f0903f2 app:id/workspace}, com.android.launcher3.Hotseat{94552ce V.ED..... ........ 0,2573-1440,3200 #7f0901bf app:id/hotseat}]
08-31 20:36:24.877  4451  4451 V BaseDepthController: Applying blur: 0 to Surface(name=VRI-com.android.launcher3/com.android.launcher3.uioverrides.QuickstepLauncher#268)/@0x80eafd0 applyImmediately: false
08-31 20:36:24.877  4451  4451 D BaseDepthController: shouldBlurWorkspace: false targetState: Normal currentStableState: Normal mCurrentBlur: 0 mLauncher.getDepthBlurTargets(): [com.android.launcher3.Workspace{2b26bc9 V.ED..... ........ 0,0-1440,3200 #7f0903f2 app:id/workspace}, com.android.launcher3.Hotseat{94552ce V.ED..... ........ 0,2573-1440,3200 #7f0901bf app:id/hotseat}]
08-31 20:36:24.883  3042  3708 D WifiClientModeImpl[11663:wlan0]: updateLinkLayerStatsRssiSpeedFrequencyCapabilities rssi=-64 TxLinkspeed=129 freq=2437 RxLinkSpeed=129
08-31 20:36:24.883  3042  3708 D WifiDataStall: tx tput in kbps: 82582
08-31 20:36:24.883  3042  3708 D WifiDataStall: rx tput in kbps: 94187
08-31 20:36:24.883  3042  3708 V WifiConfigManager: Updating scan detail cache freq=2437 BSSID=8c:9a:8f:a8:b2:54 RSSI=-63 for "Proximus-Home-990073"SAE
08-31 20:36:24.883  3042  3708 D WifiDataStall:  ccaLevel = 80
08-31 20:36:24.883  3042  3708 D WifiDataStall: L2 txTputKbps: 93396, rxTputKbps: 94187, L3 txTputKbps: 0, rxTputKbps: 1, TxTrafficHigh: false, RxTrafficHigh: false, Throughput Sufficient: true
08-31 20:36:24.884  3042  3708 D WifiThroughputPredictor:  utilization (LLS) 80 isBluetoothConnected: false final utilization: 80
08-31 20:36:24.884  3042  3708 D WifiThroughputPredictor:  BW: 0 RSSI: -64 Nss: 2 Mode: 6 symDur: 13600 snrDb 16 bitPerTone: 5328 rate: 183 throughput: 125
08-31 20:36:24.884  3042  3708 D WifiThroughputPredictor:  utilization (LLS) 80 isBluetoothConnected: false final utilization: 80
08-31 20:36:24.884  3042  3708 D WifiThroughputPredictor:  BW: 0 RSSI: -64 Nss: 2 Mode: 6 symDur: 13600 snrDb 16 bitPerTone: 5328 rate: 183 throughput: 125
08-31 20:36:24.886  4451  4451 V BaseDepthController: Applying blur: 0 to Surface(name=VRI-com.android.launcher3/com.android.launcher3.uioverrides.QuickstepLauncher#268)/@0x80eafd0 applyImmediately: false
08-31 20:36:24.886  4451  4451 D BaseDepthController: shouldBlurWorkspace: false targetState: Normal currentStableState: Normal mCurrentBlur: 0 mLauncher.getDepthBlurTargets(): [com.android.launcher3.Workspace{2b26bc9 V.ED..... ........ 0,0-1440,3200 #7f0903f2 app:id/workspace}, com.android.launcher3.Hotseat{94552ce V.ED..... ........ 0,2573-1440,3200 #7f0901bf app:id/hotseat}]
08-31 20:36:24.891  3042  3708 D WifiScoreCard: BSSID update SIGNAL_POLL ID: 1760920805 SSID: "Proximus-Home-990073", BSSID: 8c:9a:8f:a8:b2:54, MAC: 3c:38:24:7f:7e:4c, IP: /192.168.129.54, Security type: 4, Supplicant state: COMPLETED, Wi-Fi standard: 11ax, RSSI: -64, Link speed: 143Mbps, Tx Link speed: 143Mbps, Max Supported Tx Link speed: 286Mbps, Calculated Tx : 93Mbps, Rx Link speed: 137Mbps, Max Supported Rx Link speed: 286Mbps, Calculated Rx : 94Mbps, Frequency: 2437MHz, Net ID: 1, Metered hint: false, score: 100, isUsable: true, CarrierMerged: false, SubscriptionId: -1, IsPrimary: 1, Trusted: true, Restricted: false, Ephemeral: false, OEM paid: false, OEM private: false, OSU AP: false, FQDN: <none>, Provider friendly name: <none>, Requesting package name: <none>"Proximus-Home-990073"wpa3-saeMLO Information: , Is TID-To-Link negotiation supported by the AP: false, AP MLD Address: <none>, AP MLO Link Id: <none>, AP MLO Affiliated links: <none>, Vendor Data: <none>
08-31 20:36:24.891  3042  3708 D WifiScoreCard: txRate: 1 txSpeed: 143
08-31 20:36:24.891  3042  3708 D WifiScoreCard: network update SIGNAL_POLL "Proximus-Home-990073" ID: 446730065 RSSI -64 txSpeed -1
08-31 20:36:24.891  3042  3708 D WifiClientModeImpl[11663:wlan0]:  ClientModeImpl$L2ConnectedState screen=on 9 0 "Proximus-Home-990073" 8c:9a:8f:a8:b2:54 rssi=-64 f=2437 sc=100 link=143 tx=0.7, 0.1, 0.0 rx=0.9 bcn=21754 [on:42 tx:2 rx:26 period:3020] from screen [on:4521 period:94050] score=100
08-31 20:36:24.894  4451  4451 V BaseDepthController: Applying blur: 0 to Surface(name=VRI-com.android.launcher3/com.android.launcher3.uioverrides.QuickstepLauncher#268)/@0x80eafd0 applyImmediately: false
08-31 20:36:24.894  4451  4451 D BaseDepthController: shouldBlurWorkspace: false targetState: Normal currentStableState: Normal mCurrentBlur: 0 mLauncher.getDepthBlurTargets(): [com.android.launcher3.Workspace{2b26bc9 V.ED..... ........ 0,0-1440,3200 #7f0903f2 app:id/workspace}, com.android.launcher3.Hotseat{94552ce V.ED..... ........ 0,2573-1440,3200 #7f0901bf app:id/hotseat}]
08-31 20:36:24.902  4451  4451 V BaseDepthController: Applying blur: 0 to Surface(name=VRI-com.android.launcher3/com.android.launcher3.uioverrides.QuickstepLauncher#268)/@0x80eafd0 applyImmediately: false
08-31 20:36:24.902  4451  4451 D BaseDepthController: shouldBlurWorkspace: false targetState: Normal currentStableState: Normal mCurrentBlur: 0 mLauncher.getDepthBlurTargets(): [com.android.launcher3.Workspace{2b26bc9 V.ED..... ........ 0,0-1440,3200 #7f0903f2 app:id/workspace}, com.android.launcher3.Hotseat{94552ce V.ED..... ........ 0,2573-1440,3200 #7f0901bf app:id/hotseat}]
08-31 20:36:24.911  4451  4451 V BaseDepthController: Applying blur: 0 to Surface(name=VRI-com.android.launcher3/com.android.launcher3.uioverrides.QuickstepLauncher#268)/@0x80eafd0 applyImmediately: false
08-31 20:36:24.911  4451  4451 D BaseDepthController: shouldBlurWorkspace: false targetState: Normal currentStableState: Normal mCurrentBlur: 0 mLauncher.getDepthBlurTargets(): [com.android.launcher3.Workspace{2b26bc9 V.ED..... ........ 0,0-1440,3200 #7f0903f2 app:id/workspace}, com.android.launcher3.Hotseat{94552ce V.ED..... ........ 0,2573-1440,3200 #7f0901bf app:id/hotseat}]
08-31 20:36:24.919  4451  4451 V BaseDepthController: Applying blur: 0 to Surface(name=VRI-com.android.launcher3/com.android.launcher3.uioverrides.QuickstepLauncher#268)/@0x80eafd0 applyImmediately: false
08-31 20:36:24.920  4451  4451 D BaseDepthController: shouldBlurWorkspace: false targetState: Normal currentStableState: Normal mCurrentBlur: 0 mLauncher.getDepthBlurTargets(): [com.android.launcher3.Workspace{2b26bc9 V.ED..... ........ 0,0-1440,3200 #7f0903f2 app:id/workspace}, com.android.launcher3.Hotseat{94552ce V.ED..... ........ 0,2573-1440,3200 #7f0901bf app:id/hotseat}]
08-31 20:36:24.927  4451  4451 V BaseDepthController: Applying blur: 0 to Surface(name=VRI-com.android.launcher3/com.android.launcher3.uioverrides.QuickstepLauncher#268)/@0x80eafd0 applyImmediately: false
08-31 20:36:24.927  4451  4451 D BaseDepthController: shouldBlurWorkspace: false targetState: Normal currentStableState: Normal mCurrentBlur: 0 mLauncher.getDepthBlurTargets(): [com.android.launcher3.Workspace{2b26bc9 V.ED..... ........ 0,0-1440,3200 #7f0903f2 app:id/workspace}, com.android.launcher3.Hotseat{94552ce V.ED..... ........ 0,2573-1440,3200 #7f0901bf app:id/hotseat}]
08-31 20:36:24.936  4451  4451 V BaseDepthController: Applying blur: 0 to Surface(name=VRI-com.android.launcher3/com.android.launcher3.uioverrides.QuickstepLauncher#268)/@0x80eafd0 applyImmediately: false
08-31 20:36:24.936  4451  4451 D BaseDepthController: shouldBlurWorkspace: false targetState: Normal currentStableState: Normal mCurrentBlur: 0 mLauncher.getDepthBlurTargets(): [com.android.launcher3.Workspace{2b26bc9 V.ED..... ........ 0,0-1440,3200 #7f0903f2 app:id/workspace}, com.android.launcher3.Hotseat{94552ce V.ED..... ........ 0,2573-1440,3200 #7f0901bf app:id/hotseat}]
08-31 20:36:24.940  8274  8641 E MCAM_BGServiceClient: initService: vendor.xiaomi.hardware.aidlbgservice.IBGService/default service daemon binder failed!
08-31 20:36:24.940  8274  8641 D MCAM_BGServiceClient: reBindService: retry times > 11
08-31 20:36:24.942  1709  2306 I vendor.qti.hardware.display.composer-service: Sensor: notify citsensorservice to trigger cwb, misForced = 0
08-31 20:36:24.943  1709  1709 I SDM     : CWB config passed by cwb_client : tappoint 1  CWB_ROI : (696.000000 106.000000 937.000000 347.000000) for display-0
08-31 20:36:24.952  4451  4451 V BaseDepthController: Applying blur: 0 to Surface(name=VRI-com.android.launcher3/com.android.launcher3.uioverrides.QuickstepLauncher#268)/@0x80eafd0 applyImmediately: false
08-31 20:36:24.952  4451  4451 D BaseDepthController: shouldBlurWorkspace: false targetState: Normal currentStableState: Normal mCurrentBlur: 0 mLauncher.getDepthBlurTargets(): [com.android.launcher3.Workspace{2b26bc9 V.ED..... ........ 0,0-1440,3200 #7f0903f2 app:id/workspace}, com.android.launcher3.Hotseat{94552ce V.ED..... ........ 0,2573-1440,3200 #7f0901bf app:id/hotseat}]
08-31 20:36:24.959  1709  1709 I SDM     : PartialUpdateSrcSplit::SetCwbRoiForNonPU: CWB ROI Rect(696.000000 106.000000 937.000000 347.000000)
08-31 20:36:24.961  4451  4451 V BaseDepthController: Applying blur: 0 to Surface(name=VRI-com.android.launcher3/com.android.launcher3.uioverrides.QuickstepLauncher#268)/@0x80eafd0 applyImmediately: false
08-31 20:36:24.961  4451  4451 D BaseDepthController: shouldBlurWorkspace: false targetState: Normal currentStableState: Normal mCurrentBlur: 0 mLauncher.getDepthBlurTargets(): [com.android.launcher3.Workspace{2b26bc9 V.ED..... ........ 0,0-1440,3200 #7f0903f2 app:id/workspace}, com.android.launcher3.Hotseat{94552ce V.ED..... ........ 0,2573-1440,3200 #7f0901bf app:id/hotseat}]
08-31 20:36:24.969  4451  4451 V BaseDepthController: Applying blur: 0 to Surface(name=VRI-com.android.launcher3/com.android.launcher3.uioverrides.QuickstepLauncher#268)/@0x80eafd0 applyImmediately: false
08-31 20:36:24.969  4451  4451 D BaseDepthController: shouldBlurWorkspace: false targetState: Normal currentStableState: Normal mCurrentBlur: 0 mLauncher.getDepthBlurTargets(): [com.android.launcher3.Workspace{2b26bc9 V.ED..... ........ 0,0-1440,3200 #7f0903f2 app:id/workspace}, com.android.launcher3.Hotseat{94552ce V.ED..... ........ 0,2573-1440,3200 #7f0901bf app:id/hotseat}]
08-31 20:36:24.970  1709  2125 I SDM     : HWDeviceDRM::SetupConcurrentWriteback: Tear down the Concurrent Writeback topology
08-31 20:36:24.977  4451  4451 V BaseDepthController: Applying blur: 0 to Surface(name=VRI-com.android.launcher3/com.android.launcher3.uioverrides.QuickstepLauncher#268)/@0x80eafd0 applyImmediately: false
08-31 20:36:24.977  4451  4451 D BaseDepthController: shouldBlurWorkspace: false targetState: Normal currentStableState: Normal mCurrentBlur: 0 mLauncher.getDepthBlurTargets(): [com.android.launcher3.Workspace{2b26bc9 V.ED..... ........ 0,0-1440,3200 #7f0903f2 app:id/workspace}, com.android.launcher3.Hotseat{94552ce V.ED..... ........ 0,2573-1440,3200 #7f0901bf app:id/hotseat}]
08-31 20:36:24.983  1709  3721 I SDM     : NotifyCWBStatus: Notify the client about buffer (0xd5a17930) status 0 for display-0.
08-31 20:36:24.984  1709  3721 I SDM     : SDMConcurrentWriteBack::ProcessCWBStatus: CWB queue is empty. Display: 0
08-31 20:36:24.986  4451  4451 V BaseDepthController: Applying blur: 0 to Surface(name=VRI-com.android.launcher3/com.android.launcher3.uioverrides.QuickstepLauncher#268)/@0x80eafd0 applyImmediately: false
08-31 20:36:24.986  4451  4451 D BaseDepthController: shouldBlurWorkspace: false targetState: Normal currentStableState: Normal mCurrentBlur: 0 mLauncher.getDepthBlurTargets(): [com.android.launcher3.Workspace{2b26bc9 V.ED..... ........ 0,0-1440,3200 #7f0903f2 app:id/workspace}, com.android.launcher3.Hotseat{94552ce V.ED..... ........ 0,2573-1440,3200 #7f0901bf app:id/hotseat}]
08-31 20:36:24.995  4451  4451 V BaseDepthController: Applying blur: 0 to Surface(name=VRI-com.android.launcher3/com.android.launcher3.uioverrides.QuickstepLauncher#268)/@0x80eafd0 applyImmediately: false
08-31 20:36:24.995  4451  4451 D BaseDepthController: shouldBlurWorkspace: false targetState: Normal currentStableState: Normal mCurrentBlur: 0 mLauncher.getDepthBlurTargets(): [com.android.launcher3.Workspace{2b26bc9 V.ED..... ........ 0,0-1440,3200 #7f0903f2 app:id/workspace}, com.android.launcher3.Hotseat{94552ce V.ED..... ........ 0,2573-1440,3200 #7f0901bf app:id/hotseat}]
08-31 20:36:25.002  4451  4451 V BaseDepthController: Applying blur: 0 to Surface(name=VRI-com.android.launcher3/com.android.launcher3.uioverrides.QuickstepLauncher#268)/@0x80eafd0 applyImmediately: false
08-31 20:36:25.002  4451  4451 D BaseDepthController: setEarlyWakeup: true
08-31 20:36:25.002  4451  4451 D BaseDepthController: shouldBlurWorkspace: false targetState: Normal currentStableState: Normal mCurrentBlur: 0 mLauncher.getDepthBlurTargets(): [com.android.launcher3.Workspace{2b26bc9 V.ED..... ........ 0,0-1440,3200 #7f0903f2 app:id/workspace}, com.android.launcher3.Hotseat{94552ce V.ED..... ........ 0,2573-1440,3200 #7f0901bf app:id/hotseat}]
08-31 20:36:25.011  4451  4451 V BaseDepthController: Applying blur: 0 to Surface(name=VRI-com.android.launcher3/com.android.launcher3.uioverrides.QuickstepLauncher#268)/@0x80eafd0 applyImmediately: false
08-31 20:36:25.011  4451  4451 D BaseDepthController: shouldBlurWorkspace: false targetState: Normal currentStableState: Normal mCurrentBlur: 0 mLauncher.getDepthBlurTargets(): [com.android.launcher3.Workspace{2b26bc9 V.ED..... ........ 0,0-1440,3200 #7f0903f2 app:id/workspace}, com.android.launcher3.Hotseat{94552ce V.ED..... ........ 0,2573-1440,3200 #7f0901bf app:id/hotseat}]
08-31 20:36:25.019  4451  4451 V BaseDepthController: Applying blur: 0 to Surface(name=VRI-com.android.launcher3/com.android.launcher3.uioverrides.QuickstepLauncher#268)/@0x80eafd0 applyImmediately: false
08-31 20:36:25.019  4451  4451 D BaseDepthController: shouldBlurWorkspace: false targetState: Normal currentStableState: Normal mCurrentBlur: 0 mLauncher.getDepthBlurTargets(): [com.android.launcher3.Workspace{2b26bc9 V.ED..... ........ 0,0-1440,3200 #7f0903f2 app:id/workspace}, com.android.launcher3.Hotseat{94552ce V.ED..... ........ 0,2573-1440,3200 #7f0901bf app:id/hotseat}]
08-31 20:36:25.027  4451  4451 V BaseDepthController: Applying blur: 0 to Surface(name=VRI-com.android.launcher3/com.android.launcher3.uioverrides.QuickstepLauncher#268)/@0x80eafd0 applyImmediately: false
08-31 20:36:25.028  4451  4451 D BaseDepthController: shouldBlurWorkspace: false targetState: Normal currentStableState: Normal mCurrentBlur: 0 mLauncher.getDepthBlurTargets(): [com.android.launcher3.Workspace{2b26bc9 V.ED..... ........ 0,0-1440,3200 #7f0903f2 app:id/workspace}, com.android.launcher3.Hotseat{94552ce V.ED..... ........ 0,2573-1440,3200 #7f0901bf app:id/hotseat}]
08-31 20:36:25.036  4451  4451 V BaseDepthController: Applying blur: 0 to Surface(name=VRI-com.android.launcher3/com.android.launcher3.uioverrides.QuickstepLauncher#268)/@0x80eafd0 applyImmediately: false
08-31 20:36:25.036  4451  4451 D BaseDepthController: shouldBlurWorkspace: false targetState: Normal currentStableState: Normal mCurrentBlur: 0 mLauncher.getDepthBlurTargets(): [com.android.launcher3.Workspace{2b26bc9 V.ED..... ........ 0,0-1440,3200 #7f0903f2 app:id/workspace}, com.android.launcher3.Hotseat{94552ce V.ED..... ........ 0,2573-1440,3200 #7f0901bf app:id/hotseat}]
08-31 20:36:25.044  4451  4451 V BaseDepthController: Applying blur: 0 to Surface(name=VRI-com.android.launcher3/com.android.launcher3.uioverrides.QuickstepLauncher#268)/@0x80eafd0 applyImmediately: false
08-31 20:36:25.044  4451  4451 D BaseDepthController: shouldBlurWorkspace: false targetState: Normal currentStableState: Normal mCurrentBlur: 0 mLauncher.getDepthBlurTargets(): [com.android.launcher3.Workspace{2b26bc9 V.ED..... ........ 0,0-1440,3200 #7f0903f2 app:id/workspace}, com.android.launcher3.Hotseat{94552ce V.ED..... ........ 0,2573-1440,3200 #7f0901bf app:id/hotseat}]
08-31 20:36:25.052  4451  4451 V BaseDepthController: Applying blur: 0 to Surface(name=VRI-com.android.launcher3/com.android.launcher3.uioverrides.QuickstepLauncher#268)/@0x80eafd0 applyImmediately: false
08-31 20:36:25.052  4451  4451 D BaseDepthController: shouldBlurWorkspace: false targetState: Normal currentStableState: Normal mCurrentBlur: 0 mLauncher.getDepthBlurTargets(): [com.android.launcher3.Workspace{2b26bc9 V.ED..... ........ 0,0-1440,3200 #7f0903f2 app:id/workspace}, com.android.launcher3.Hotseat{94552ce V.ED..... ........ 0,2573-1440,3200 #7f0901bf app:id/hotseat}]
08-31 20:36:25.061  4451  4451 V BaseDepthController: Applying blur: 0 to Surface(name=VRI-com.android.launcher3/com.android.launcher3.uioverrides.QuickstepLauncher#268)/@0x80eafd0 applyImmediately: false
08-31 20:36:25.061  4451  4451 D BaseDepthController: shouldBlurWorkspace: false targetState: Normal currentStableState: Normal mCurrentBlur: 0 mLauncher.getDepthBlurTargets(): [com.android.launcher3.Workspace{2b26bc9 V.ED..... ........ 0,0-1440,3200 #7f0903f2 app:id/workspace}, com.android.launcher3.Hotseat{94552ce V.ED..... ........ 0,2573-1440,3200 #7f0901bf app:id/hotseat}]
08-31 20:36:25.069  4451  4451 V BaseDepthController: Applying blur: 0 to Surface(name=VRI-com.android.launcher3/com.android.launcher3.uioverrides.QuickstepLauncher#268)/@0x80eafd0 applyImmediately: false
08-31 20:36:25.069  4451  4451 D BaseDepthController: shouldBlurWorkspace: false targetState: Normal currentStableState: Normal mCurrentBlur: 0 mLauncher.getDepthBlurTargets(): [com.android.launcher3.Workspace{2b26bc9 V.ED..... ........ 0,0-1440,3200 #7f0903f2 app:id/workspace}, com.android.launcher3.Hotseat{94552ce V.ED..... ........ 0,2573-1440,3200 #7f0901bf app:id/hotseat}]
08-31 20:36:25.073  3042  3773 W libbinder.ServiceManagerCppClient: Waited one second for android.hardware.biometrics.face.virtualhal.IVirtualHal/virtual (is service started? Number of threads started in the threadpool: 32. Are binder threads started and available?)
08-31 20:36:25.076   992   992 I servicemanager: Caller(pid=3042,uid=1000,sid=u:r:system_server:s0) Since 'android.hardware.biometrics.face.virtualhal.IVirtualHal/virtual' could not be found trying to start it as a lazy AIDL service. (if it's not configured to be a lazy service, it may be stuck starting or still starting).
08-31 20:36:25.077   992 21181 W libc    : Unable to set property "ctl.interface_start" to "aidl/android.hardware.biometrics.face.virtualhal.IVirtualHal/virtual": PROP_ERROR_HANDLE_CONTROL_MESSAGE (0x20)
08-31 20:36:25.078  4451  4451 V BaseDepthController: Applying blur: 0 to Surface(name=VRI-com.android.launcher3/com.android.launcher3.uioverrides.QuickstepLauncher#268)/@0x80eafd0 applyImmediately: false
08-31 20:36:25.078  4451  4451 D BaseDepthController: shouldBlurWorkspace: false targetState: Normal currentStableState: Normal mCurrentBlur: 0 mLauncher.getDepthBlurTargets(): [com.android.launcher3.Workspace{2b26bc9 V.ED..... ........ 0,0-1440,3200 #7f0903f2 app:id/workspace}, com.android.launcher3.Hotseat{94552ce V.ED..... ........ 0,2573-1440,3200 #7f0901bf app:id/hotseat}]
08-31 20:36:25.078 21181 21181 I servicemanager: Caller(pid=3042,uid=1000,sid=u:r:system_server:s0) Tried to start aidl service android.hardware.biometrics.face.virtualhal.IVirtualHal/virtual as a lazy service, but was unable to. Usually this happens when a service is not installed, but if the service is intended to be used as a lazy service, then it may be configured incorrectly.
08-31 20:36:25.087  4451  4451 V BaseDepthController: Applying blur: 0 to Surface(name=VRI-com.android.launcher3/com.android.launcher3.uioverrides.QuickstepLauncher#268)/@0x80eafd0 applyImmediately: false
08-31 20:36:25.087  4451  4451 D BaseDepthController: shouldBlurWorkspace: false targetState: Normal currentStableState: Normal mCurrentBlur: 0 mLauncher.getDepthBlurTargets(): [com.android.launcher3.Workspace{2b26bc9 V.ED..... ........ 0,0-1440,3200 #7f0903f2 app:id/workspace}, com.android.launcher3.Hotseat{94552ce V.ED..... ........ 0,2573-1440,3200 #7f0901bf app:id/hotseat}]
08-31 20:36:25.094  4451  4451 V BaseDepthController: Applying blur: 0 to Surface(name=VRI-com.android.launcher3/com.android.launcher3.uioverrides.QuickstepLauncher#268)/@0x80eafd0 applyImmediately: false
08-31 20:36:25.094  4451  4451 D BaseDepthController: shouldBlurWorkspace: false targetState: Normal currentStableState: Normal mCurrentBlur: 0 mLauncher.getDepthBlurTargets(): [com.android.launcher3.Workspace{2b26bc9 V.ED..... ........ 0,0-1440,3200 #7f0903f2 app:id/workspace}, com.android.launcher3.Hotseat{94552ce V.ED..... ........ 0,2573-1440,3200 #7f0901bf app:id/hotseat}]
08-31 20:36:25.102  4451  4451 V BaseDepthController: Applying blur: 0 to Surface(name=VRI-com.android.launcher3/com.android.launcher3.uioverrides.QuickstepLauncher#268)/@0x80eafd0 applyImmediately: false
08-31 20:36:25.102  4451  4451 D BaseDepthController: shouldBlurWorkspace: false targetState: Normal currentStableState: Normal mCurrentBlur: 0 mLauncher.getDepthBlurTargets(): [com.android.launcher3.Workspace{2b26bc9 V.ED..... ........ 0,0-1440,3200 #7f0903f2 app:id/workspace}, com.android.launcher3.Hotseat{94552ce V.ED..... ........ 0,2573-1440,3200 #7f0901bf app:id/hotseat}]
08-31 20:36:25.110  4451  4451 V BaseDepthController: Applying blur: 0 to Surface(name=VRI-com.android.launcher3/com.android.launcher3.uioverrides.QuickstepLauncher#268)/@0x80eafd0 applyImmediately: false
08-31 20:36:25.111  4451  4451 D BaseDepthController: shouldBlurWorkspace: false targetState: Normal currentStableState: Normal mCurrentBlur: 0 mLauncher.getDepthBlurTargets(): [com.android.launcher3.Workspace{2b26bc9 V.ED..... ........ 0,0-1440,3200 #7f0903f2 app:id/workspace}, com.android.launcher3.Hotseat{94552ce V.ED..... ........ 0,2573-1440,3200 #7f0901bf app:id/hotseat}]
08-31 20:36:25.119  4451  4451 V BaseDepthController: Applying blur: 0 to Surface(name=VRI-com.android.launcher3/com.android.launcher3.uioverrides.QuickstepLauncher#268)/@0x80eafd0 applyImmediately: false
08-31 20:36:25.120  4451  4451 D BaseDepthController: shouldBlurWorkspace: false targetState: Normal currentStableState: Normal mCurrentBlur: 0 mLauncher.getDepthBlurTargets(): [com.android.launcher3.Workspace{2b26bc9 V.ED..... ........ 0,0-1440,3200 #7f0903f2 app:id/workspace}, com.android.launcher3.Hotseat{94552ce V.ED..... ........ 0,2573-1440,3200 #7f0901bf app:id/hotseat}]
08-31 20:36:25.127  4451  4451 V BaseDepthController: Applying blur: 0 to Surface(name=VRI-com.android.launcher3/com.android.launcher3.uioverrides.QuickstepLauncher#268)/@0x80eafd0 applyImmediately: false
08-31 20:36:25.128  4451  4451 D BaseDepthController: shouldBlurWorkspace: false targetState: Normal currentStableState: Normal mCurrentBlur: 0 mLauncher.getDepthBlurTargets(): [com.android.launcher3.Workspace{2b26bc9 V.ED..... ........ 0,0-1440,3200 #7f0903f2 app:id/workspace}, com.android.launcher3.Hotseat{94552ce V.ED..... ........ 0,2573-1440,3200 #7f0901bf app:id/hotseat}]
08-31 20:36:25.135  4451  4451 V BaseDepthController: Applying blur: 0 to Surface(name=VRI-com.android.launcher3/com.android.launcher3.uioverrides.QuickstepLauncher#268)/@0x80eafd0 applyImmediately: false
08-31 20:36:25.136  4451  4451 D BaseDepthController: shouldBlurWorkspace: false targetState: Normal currentStableState: Normal mCurrentBlur: 0 mLauncher.getDepthBlurTargets(): [com.android.launcher3.Workspace{2b26bc9 V.ED..... ........ 0,0-1440,3200 #7f0903f2 app:id/workspace}, com.android.launcher3.Hotseat{94552ce V.ED..... ........ 0,2573-1440,3200 #7f0901bf app:id/hotseat}]
08-31 20:36:25.142  1709  2306 I vendor.qti.hardware.display.composer-service: Sensor: notify citsensorservice to trigger cwb, misForced = 0
08-31 20:36:25.143  1709  1709 I SDM     : CWB config passed by cwb_client : tappoint 1  CWB_ROI : (696.000000 106.000000 937.000000 347.000000) for display-0
08-31 20:36:25.144  4451  4451 V BaseDepthController: Applying blur: 0 to Surface(name=VRI-com.android.launcher3/com.android.launcher3.uioverrides.QuickstepLauncher#268)/@0x80eafd0 applyImmediately: false
08-31 20:36:25.144  4451  4451 D BaseDepthController: shouldBlurWorkspace: false targetState: Normal currentStableState: Normal mCurrentBlur: 0 mLauncher.getDepthBlurTargets(): [com.android.launcher3.Workspace{2b26bc9 V.ED..... ........ 0,0-1440,3200 #7f0903f2 app:id/workspace}, com.android.launcher3.Hotseat{94552ce V.ED..... ........ 0,2573-1440,3200 #7f0901bf app:id/hotseat}]
08-31 20:36:25.152  4451  4451 V BaseDepthController: Applying blur: 0 to Surface(name=VRI-com.android.launcher3/com.android.launcher3.uioverrides.QuickstepLauncher#268)/@0x80eafd0 applyImmediately: false
08-31 20:36:25.153  4451  4451 D BaseDepthController: shouldBlurWorkspace: false targetState: Normal currentStableState: Normal mCurrentBlur: 0 mLauncher.getDepthBlurTargets(): [com.android.launcher3.Workspace{2b26bc9 V.ED..... ........ 0,0-1440,3200 #7f0903f2 app:id/workspace}, com.android.launcher3.Hotseat{94552ce V.ED..... ........ 0,2573-1440,3200 #7f0901bf app:id/hotseat}]
08-31 20:36:25.158  1709  1709 I SDM     : PartialUpdateSrcSplit::SetCwbRoiForNonPU: CWB ROI Rect(696.000000 106.000000 937.000000 347.000000)
08-31 20:36:25.160  4451  4451 V BaseDepthController: Applying blur: 0 to Surface(name=VRI-com.android.launcher3/com.android.launcher3.uioverrides.QuickstepLauncher#268)/@0x80eafd0 applyImmediately: false
08-31 20:36:25.161  4451  4451 D BaseDepthController: shouldBlurWorkspace: false targetState: Normal currentStableState: Normal mCurrentBlur: 0 mLauncher.getDepthBlurTargets(): [com.android.launcher3.Workspace{2b26bc9 V.ED..... ........ 0,0-1440,3200 #7f0903f2 app:id/workspace}, com.android.launcher3.Hotseat{94552ce V.ED..... ........ 0,2573-1440,3200 #7f0901bf app:id/hotseat}]
08-31 20:36:25.169  1709  2125 I SDM     : HWDeviceDRM::SetupConcurrentWriteback: Tear down the Concurrent Writeback topology
08-31 20:36:25.169  4451  4451 V BaseDepthController: Applying blur: 0 to Surface(name=VRI-com.android.launcher3/com.android.launcher3.uioverrides.QuickstepLauncher#268)/@0x80eafd0 applyImmediately: false
08-31 20:36:25.169  4451  4451 D BaseDepthController: shouldBlurWorkspace: false targetState: Normal currentStableState: Normal mCurrentBlur: 0 mLauncher.getDepthBlurTargets(): [com.android.launcher3.Workspace{2b26bc9 V.ED..... ........ 0,0-1440,3200 #7f0903f2 app:id/workspace}, com.android.launcher3.Hotseat{94552ce V.ED..... ........ 0,2573-1440,3200 #7f0901bf app:id/hotseat}]
08-31 20:36:25.175  1709  3721 I SDM     : NotifyCWBStatus: Notify the client about buffer (0xd5a16280) status 0 for display-0.
08-31 20:36:25.176  1709  3721 I SDM     : SDMConcurrentWriteBack::ProcessCWBStatus: CWB queue is empty. Display: 0
08-31 20:36:25.177  4451  4451 V BaseDepthController: Applying blur: 0 to Surface(name=VRI-com.android.launcher3/com.android.launcher3.uioverrides.QuickstepLauncher#268)/@0x80eafd0 applyImmediately: false
08-31 20:36:25.177  4451  4451 D BaseDepthController: shouldBlurWorkspace: false targetState: Normal currentStableState: Normal mCurrentBlur: 0 mLauncher.getDepthBlurTargets(): [com.android.launcher3.Workspace{2b26bc9 V.ED..... ........ 0,0-1440,3200 #7f0903f2 app:id/workspace}, com.android.launcher3.Hotseat{94552ce V.ED..... ........ 0,2573-1440,3200 #7f0901bf app:id/hotseat}]
08-31 20:36:25.185  4451  4451 V BaseDepthController: Applying blur: 0 to Surface(name=VRI-com.android.launcher3/com.android.launcher3.uioverrides.QuickstepLauncher#268)/@0x80eafd0 applyImmediately: false
08-31 20:36:25.186  4451  4451 D BaseDepthController: shouldBlurWorkspace: false targetState: Normal currentStableState: Normal mCurrentBlur: 0 mLauncher.getDepthBlurTargets(): [com.android.launcher3.Workspace{2b26bc9 V.ED..... ........ 0,0-1440,3200 #7f0903f2 app:id/workspace}, com.android.launcher3.Hotseat{94552ce V.ED..... ........ 0,2573-1440,3200 #7f0901bf app:id/hotseat}]
08-31 20:36:25.197  4451  4451 V BaseDepthController: Applying blur: 0 to Surface(name=VRI-com.android.launcher3/com.android.launcher3.uioverrides.QuickstepLauncher#268)/@0x80eafd0 applyImmediately: false
08-31 20:36:25.198  4451  4451 D BaseDepthController: shouldBlurWorkspace: false targetState: Normal currentStableState: Normal mCurrentBlur: 0 mLauncher.getDepthBlurTargets(): [com.android.launcher3.Workspace{2b26bc9 V.ED..... ........ 0,0-1440,3200 #7f0903f2 app:id/workspace}, com.android.launcher3.Hotseat{94552ce V.ED..... ........ 0,2573-1440,3200 #7f0901bf app:id/hotseat}]
08-31 20:36:25.207  4451  4451 V BaseDepthController: Applying blur: 0 to Surface(name=VRI-com.android.launcher3/com.android.launcher3.uioverrides.QuickstepLauncher#268)/@0x80eafd0 applyImmediately: false
08-31 20:36:25.207  4451  4451 D BaseDepthController: shouldBlurWorkspace: false targetState: Normal currentStableState: Normal mCurrentBlur: 0 mLauncher.getDepthBlurTargets(): [com.android.launcher3.Workspace{2b26bc9 V.ED..... ........ 0,0-1440,3200 #7f0903f2 app:id/workspace}, com.android.launcher3.Hotseat{94552ce V.ED..... ........ 0,2573-1440,3200 #7f0901bf app:id/hotseat}]
08-31 20:36:25.214  4451  4451 V BaseDepthController: Applying blur: 0 to Surface(name=VRI-com.android.launcher3/com.android.launcher3.uioverrides.QuickstepLauncher#268)/@0x80eafd0 applyImmediately: false
08-31 20:36:25.215  4451  4451 D BaseDepthController: shouldBlurWorkspace: false targetState: Normal currentStableState: Normal mCurrentBlur: 0 mLauncher.getDepthBlurTargets(): [com.android.launcher3.Workspace{2b26bc9 V.ED..... ........ 0,0-1440,3200 #7f0903f2 app:id/workspace}, com.android.launcher3.Hotseat{94552ce V.ED..... ........ 0,2573-1440,3200 #7f0901bf app:id/hotseat}]
08-31 20:36:25.216  1711  2075 E ANDR-PERF: ExtendedPerfBoost: trigger_rearm_timer() 179: setthermalbreak req empty boostparam=boost:0
08-31 20:36:25.222  4451  4451 V BaseDepthController: Applying blur: 0 to Surface(name=VRI-com.android.launcher3/com.android.launcher3.uioverrides.QuickstepLauncher#268)/@0x80eafd0 applyImmediately: false
08-31 20:36:25.222  4451  4451 D BaseDepthController: shouldBlurWorkspace: false targetState: Normal currentStableState: Normal mCurrentBlur: 0 mLauncher.getDepthBlurTargets(): [com.android.launcher3.Workspace{2b26bc9 V.ED..... ........ 0,0-1440,3200 #7f0903f2 app:id/workspace}, com.android.launcher3.Hotseat{94552ce V.ED..... ........ 0,2573-1440,3200 #7f0901bf app:id/hotseat}]
08-31 20:36:25.238  4451  4451 V BaseDepthController: Applying blur: 0 to Surface(name=VRI-com.android.launcher3/com.android.launcher3.uioverrides.QuickstepLauncher#268)/@0x80eafd0 applyImmediately: false
08-31 20:36:25.239  4451  4451 D BaseDepthController: shouldBlurWorkspace: false targetState: Normal currentStableState: Normal mCurrentBlur: 0 mLauncher.getDepthBlurTargets(): [com.android.launcher3.Workspace{2b26bc9 V.ED..... ........ 0,0-1440,3200 #7f0903f2 app:id/workspace}, com.android.launcher3.Hotseat{94552ce V.ED..... ........ 0,2573-1440,3200 #7f0901bf app:id/hotseat}]
08-31 20:36:25.247  4451  4451 V BaseDepthController: Applying blur: 0 to Surface(name=VRI-com.android.launcher3/com.android.launcher3.uioverrides.QuickstepLauncher#268)/@0x80eafd0 applyImmediately: false
08-31 20:36:25.247  4451  4451 D BaseDepthController: shouldBlurWorkspace: false targetState: Normal currentStableState: Normal mCurrentBlur: 0 mLauncher.getDepthBlurTargets(): [com.android.launcher3.Workspace{2b26bc9 V.ED..... ........ 0,0-1440,3200 #7f0903f2 app:id/workspace}, com.android.launcher3.Hotseat{94552ce V.ED..... ........ 0,2573-1440,3200 #7f0901bf app:id/hotseat}]
08-31 20:36:25.255  4451  4451 V BaseDepthController: Applying blur: 0 to Surface(name=VRI-com.android.launcher3/com.android.launcher3.uioverrides.QuickstepLauncher#268)/@0x80eafd0 applyImmediately: false
08-31 20:36:25.256  4451  4451 D BaseDepthController: shouldBlurWorkspace: false targetState: Normal currentStableState: Normal mCurrentBlur: 0 mLauncher.getDepthBlurTargets(): [com.android.launcher3.Workspace{2b26bc9 V.ED..... ........ 0,0-1440,3200 #7f0903f2 app:id/workspace}, com.android.launcher3.Hotseat{94552ce V.ED..... ........ 0,2573-1440,3200 #7f0901bf app:id/hotseat}]
08-31 20:36:25.271  4451  4451 V BaseDepthController: Applying blur: 0 to Surface(name=VRI-com.android.launcher3/com.android.launcher3.uioverrides.QuickstepLauncher#268)/@0x80eafd0 applyImmediately: false
08-31 20:36:25.272  4451  4451 D BaseDepthController: shouldBlurWorkspace: false targetState: Normal currentStableState: Normal mCurrentBlur: 0 mLauncher.getDepthBlurTargets(): [com.android.launcher3.Workspace{2b26bc9 V.ED..... ........ 0,0-1440,3200 #7f0903f2 app:id/workspace}, com.android.launcher3.Hotseat{94552ce V.ED..... ........ 0,2573-1440,3200 #7f0901bf app:id/hotseat}]
08-31 20:36:25.280  4451  4451 V BaseDepthController: Applying blur: 0 to Surface(name=VRI-com.android.launcher3/com.android.launcher3.uioverrides.QuickstepLauncher#268)/@0x80eafd0 applyImmediately: false
08-31 20:36:25.280  4451  4451 D BaseDepthController: shouldBlurWorkspace: false targetState: Normal currentStableState: Normal mCurrentBlur: 0 mLauncher.getDepthBlurTargets(): [com.android.launcher3.Workspace{2b26bc9 V.ED..... ........ 0,0-1440,3200 #7f0903f2 app:id/workspace}, com.android.launcher3.Hotseat{94552ce V.ED..... ........ 0,2573-1440,3200 #7f0901bf app:id/hotseat}]
08-31 20:36:25.288  4451  4451 V BaseDepthController: Applying blur: 0 to Surface(name=VRI-com.android.launcher3/com.android.launcher3.uioverrides.QuickstepLauncher#268)/@0x80eafd0 applyImmediately: false
08-31 20:36:25.289  4451  4451 D BaseDepthController: shouldBlurWorkspace: false targetState: Normal currentStableState: Normal mCurrentBlur: 0 mLauncher.getDepthBlurTargets(): [com.android.launcher3.Workspace{2b26bc9 V.ED..... ........ 0,0-1440,3200 #7f0903f2 app:id/workspace}, com.android.launcher3.Hotseat{94552ce V.ED..... ........ 0,2573-1440,3200 #7f0901bf app:id/hotseat}]
08-31 20:36:25.303  4451  4451 V BaseDepthController: Applying blur: 0 to Surface(name=VRI-com.android.launcher3/com.android.launcher3.uioverrides.QuickstepLauncher#268)/@0x80eafd0 applyImmediately: false
08-31 20:36:25.303  4451  4451 D BaseDepthController: shouldBlurWorkspace: false targetState: Normal currentStableState: Normal mCurrentBlur: 0 mLauncher.getDepthBlurTargets(): [com.android.launcher3.Workspace{2b26bc9 V.ED..... ........ 0,0-1440,3200 #7f0903f2 app:id/workspace}, com.android.launcher3.Hotseat{94552ce V.ED..... ........ 0,2573-1440,3200 #7f0901bf app:id/hotseat}]
08-31 20:36:25.321  4451  4451 V BaseDepthController: Applying blur: 0 to Surface(name=VRI-com.android.launcher3/com.android.launcher3.uioverrides.QuickstepLauncher#268)/@0x80eafd0 applyImmediately: false
08-31 20:36:25.321  4451  4451 D BaseDepthController: shouldBlurWorkspace: false targetState: Normal currentStableState: Normal mCurrentBlur: 0 mLauncher.getDepthBlurTargets(): [com.android.launcher3.Workspace{2b26bc9 V.ED..... ........ 0,0-1440,3200 #7f0903f2 app:id/workspace}, com.android.launcher3.Hotseat{94552ce V.ED..... ........ 0,2573-1440,3200 #7f0901bf app:id/hotseat}]
08-31 20:36:25.323  3042  3080 I ImeTracker: system_server:a5d11606: onRequestHide at ORIGIN_SERVER reason IME_REQUESTED_CHANGED_LISTENER fromUser false displayId 0
08-31 20:36:25.323  3042  3108 I ImeTracker: system_server:a5d11606: onCancelled at PHASE_SERVER_SHOULD_HIDE
08-31 20:36:25.337  4451  4451 V BaseDepthController: Applying blur: 0 to Surface(name=VRI-com.android.launcher3/com.android.launcher3.uioverrides.QuickstepLauncher#268)/@0x80eafd0 applyImmediately: false
08-31 20:36:25.337  4451  4451 D BaseDepthController: shouldBlurWorkspace: false targetState: Normal currentStableState: Normal mCurrentBlur: 0 mLauncher.getDepthBlurTargets(): [com.android.launcher3.Workspace{2b26bc9 V.ED..... ........ 0,0-1440,3200 #7f0903f2 app:id/workspace}, com.android.launcher3.Hotseat{94552ce V.ED..... ........ 0,2573-1440,3200 #7f0901bf app:id/hotseat}]
08-31 20:36:25.351  1709  2306 I vendor.qti.hardware.display.composer-service: Sensor: notify citsensorservice to trigger cwb, misForced = 0
08-31 20:36:25.352  1709  1709 I SDM     : CWB config passed by cwb_client : tappoint 1  CWB_ROI : (696.000000 106.000000 937.000000 347.000000) for display-0
08-31 20:36:25.354  4451  4451 V BaseDepthController: Applying blur: 0 to Surface(name=VRI-com.android.launcher3/com.android.launcher3.uioverrides.QuickstepLauncher#268)/@0x80eafd0 applyImmediately: false
08-31 20:36:25.354  4451  4451 D BaseDepthController: shouldBlurWorkspace: false targetState: Normal currentStableState: Normal mCurrentBlur: 0 mLauncher.getDepthBlurTargets(): [com.android.launcher3.Workspace{2b26bc9 V.ED..... ........ 0,0-1440,3200 #7f0903f2 app:id/workspace}, com.android.launcher3.Hotseat{94552ce V.ED..... ........ 0,2573-1440,3200 #7f0901bf app:id/hotseat}]
08-31 20:36:25.358  1709  1709 I SDM     : PartialUpdateSrcSplit::SetCwbRoiForNonPU: CWB ROI Rect(696.000000 106.000000 937.000000 347.000000)
08-31 20:36:25.367  1709  2125 I SDM     : HWDeviceDRM::SetupConcurrentWriteback: Tear down the Concurrent Writeback topology
08-31 20:36:25.369  4451  4451 V BaseDepthController: Applying blur: 0 to Surface(name=VRI-com.android.launcher3/com.android.launcher3.uioverrides.QuickstepLauncher#268)/@0x80eafd0 applyImmediately: false
08-31 20:36:25.369  4451  4451 D BaseDepthController: shouldBlurWorkspace: false targetState: Normal currentStableState: Normal mCurrentBlur: 0 mLauncher.getDepthBlurTargets(): [com.android.launcher3.Workspace{2b26bc9 V.ED..... ........ 0,0-1440,3200 #7f0903f2 app:id/workspace}, com.android.launcher3.Hotseat{94552ce V.ED..... ........ 0,2573-1440,3200 #7f0901bf app:id/hotseat}]
08-31 20:36:25.375  1709  3721 I SDM     : NotifyCWBStatus: Notify the client about buffer (0xd5a171a0) status 0 for display-0.
08-31 20:36:25.375  1709  3721 I SDM     : SDMConcurrentWriteBack::ProcessCWBStatus: CWB queue is empty. Display: 0
08-31 20:36:25.395  4451  4451 V BaseDepthController: Applying blur: 0 to Surface(name=VRI-com.android.launcher3/com.android.launcher3.uioverrides.QuickstepLauncher#268)/@0x80eafd0 applyImmediately: false
08-31 20:36:25.395  4451  4451 D BaseDepthController: shouldBlurWorkspace: false targetState: Normal currentStableState: Normal mCurrentBlur: 0 mLauncher.getDepthBlurTargets(): [com.android.launcher3.Workspace{2b26bc9 V.ED..... ........ 0,0-1440,3200 #7f0903f2 app:id/workspace}, com.android.launcher3.Hotseat{94552ce V.ED..... ........ 0,2573-1440,3200 #7f0901bf app:id/hotseat}]
08-31 20:36:25.412  4451  4451 V BaseDepthController: Applying blur: 0 to Surface(name=VRI-com.android.launcher3/com.android.launcher3.uioverrides.QuickstepLauncher#268)/@0x80eafd0 applyImmediately: false
08-31 20:36:25.413  4451  4451 D BaseDepthController: shouldBlurWorkspace: false targetState: Normal currentStableState: Normal mCurrentBlur: 0 mLauncher.getDepthBlurTargets(): [com.android.launcher3.Workspace{2b26bc9 V.ED..... ........ 0,0-1440,3200 #7f0903f2 app:id/workspace}, com.android.launcher3.Hotseat{94552ce V.ED..... ........ 0,2573-1440,3200 #7f0901bf app:id/hotseat}]
08-31 20:36:25.437  4451  4451 V BaseDepthController: Applying blur: 0 to Surface(name=VRI-com.android.launcher3/com.android.launcher3.uioverrides.QuickstepLauncher#268)/@0x80eafd0 applyImmediately: false
08-31 20:36:25.437  4451  4451 D BaseDepthController: shouldBlurWorkspace: false targetState: Normal currentStableState: Normal mCurrentBlur: 0 mLauncher.getDepthBlurTargets(): [com.android.launcher3.Workspace{2b26bc9 V.ED..... ........ 0,0-1440,3200 #7f0903f2 app:id/workspace}, com.android.launcher3.Hotseat{94552ce V.ED..... ........ 0,2573-1440,3200 #7f0901bf app:id/hotseat}]
08-31 20:36:25.463  4451  4451 V BaseDepthController: Applying blur: 0 to Surface(name=VRI-com.android.launcher3/com.android.launcher3.uioverrides.QuickstepLauncher#268)/@0x80eafd0 applyImmediately: false
08-31 20:36:25.463  4451  4451 D BaseDepthController: shouldBlurWorkspace: false targetState: Normal currentStableState: Normal mCurrentBlur: 0 mLauncher.getDepthBlurTargets(): [com.android.launcher3.Workspace{2b26bc9 V.ED..... ........ 0,0-1440,3200 #7f0903f2 app:id/workspace}, com.android.launcher3.Hotseat{94552ce V.ED..... ........ 0,2573-1440,3200 #7f0901bf app:id/hotseat}]
08-31 20:36:25.484 13957 13957 I [kworke][0xac124676e][18:36:25.483255] peach_v2: [13957:I:PMO] pmo_core_enable_wow_in_fw: drv wow is enabled
08-31 20:36:25.496  4451  4451 V BaseDepthController: Applying blur: 0 to Surface(name=VRI-com.android.launcher3/com.android.launcher3.uioverrides.QuickstepLauncher#268)/@0x80eafd0 applyImmediately: false
08-31 20:36:25.496  4451  4451 D BaseDepthController: shouldBlurWorkspace: false targetState: Normal currentStableState: Normal mCurrentBlur: 0 mLauncher.getDepthBlurTargets(): [com.android.launcher3.Workspace{2b26bc9 V.ED..... ........ 0,0-1440,3200 #7f0903f2 app:id/workspace}, com.android.launcher3.Hotseat{94552ce V.ED..... ........ 0,2573-1440,3200 #7f0901bf app:id/hotseat}]
08-31 20:36:25.529  4451  4451 V BaseDepthController: Applying blur: 0 to Surface(name=VRI-com.android.launcher3/com.android.launcher3.uioverrides.QuickstepLauncher#268)/@0x80eafd0 applyImmediately: false
08-31 20:36:25.529  4451  4451 D BaseDepthController: shouldBlurWorkspace: false targetState: Normal currentStableState: Normal mCurrentBlur: 0 mLauncher.getDepthBlurTargets(): [com.android.launcher3.Workspace{2b26bc9 V.ED..... ........ 0,0-1440,3200 #7f0903f2 app:id/workspace}, com.android.launcher3.Hotseat{94552ce V.ED..... ........ 0,2573-1440,3200 #7f0901bf app:id/hotseat}]
08-31 20:36:25.546  8274  8641 E MCAM_BGServiceClient: initService: vendor.xiaomi.hardware.aidlbgservice.IBGService/default service daemon binder failed!
08-31 20:36:25.546  8274  8641 D MCAM_BGServiceClient: reBindService: retry times > 12
08-31 20:36:25.551  1709  2306 I vendor.qti.hardware.display.composer-service: Sensor: notify citsensorservice to trigger cwb, misForced = 0
08-31 20:36:25.552  1709  1709 I SDM     : CWB config passed by cwb_client : tappoint 1  CWB_ROI : (696.000000 106.000000 937.000000 347.000000) for display-0
08-31 20:36:25.558  1709  1709 I SDM     : PartialUpdateSrcSplit::SetCwbRoiForNonPU: CWB ROI Rect(696.000000 106.000000 937.000000 347.000000)
08-31 20:36:25.568  1709  2125 I SDM     : HWDeviceDRM::SetupConcurrentWriteback: Tear down the Concurrent Writeback topology
08-31 20:36:25.575  1709  3721 I SDM     : NotifyCWBStatus: Notify the client about buffer (0xd5a13730) status 0 for display-0.
08-31 20:36:25.575  1709  3721 I SDM     : SDMConcurrentWriteBack::ProcessCWBStatus: CWB queue is empty. Display: 0
08-31 20:36:25.579  4451  4451 V BaseDepthController: Applying blur: 0 to Surface(name=VRI-com.android.launcher3/com.android.launcher3.uioverrides.QuickstepLauncher#268)/@0x80eafd0 applyImmediately: false
08-31 20:36:25.579  4451  4451 D BaseDepthController: shouldBlurWorkspace: false targetState: Normal currentStableState: Normal mCurrentBlur: 0 mLauncher.getDepthBlurTargets(): [com.android.launcher3.Workspace{2b26bc9 V.ED..... ........ 0,0-1440,3200 #7f0903f2 app:id/workspace}, com.android.launcher3.Hotseat{94552ce V.ED..... ........ 0,2573-1440,3200 #7f0901bf app:id/hotseat}]
08-31 20:36:25.638  4451  4451 V BaseDepthController: Applying blur: 0 to Surface(name=VRI-com.android.launcher3/com.android.launcher3.uioverrides.QuickstepLauncher#268)/@0x80eafd0 applyImmediately: false
08-31 20:36:25.638  4451  4451 D BaseDepthController: setEarlyWakeup: false
08-31 20:36:25.638  4451  4451 D BaseDepthController: shouldBlurWorkspace: false targetState: Normal currentStableState: Normal mCurrentBlur: 0 mLauncher.getDepthBlurTargets(): [com.android.launcher3.Workspace{2b26bc9 V.ED..... ........ 0,0-1440,3200 #7f0903f2 app:id/workspace}, com.android.launcher3.Hotseat{94552ce V.ED..... ........ 0,2573-1440,3200 #7f0901bf app:id/hotseat}]
08-31 20:36:25.751  1709  2306 I vendor.qti.hardware.display.composer-service: Sensor: notify citsensorservice to trigger cwb, misForced = 0
08-31 20:36:25.753  1709  1709 I SDM     : CWB config passed by cwb_client : tappoint 1  CWB_ROI : (696.000000 106.000000 937.000000 347.000000) for display-0
08-31 20:36:25.758  1709  1709 I SDM     : PartialUpdateSrcSplit::SetCwbRoiForNonPU: CWB ROI Rect(696.000000 106.000000 937.000000 347.000000)
08-31 20:36:25.768  1709  2125 I SDM     : HWDeviceDRM::SetupConcurrentWriteback: Tear down the Concurrent Writeback topology
08-31 20:36:25.775  1709  3721 I SDM     : NotifyCWBStatus: Notify the client about buffer (0xd5a11d10) status 0 for display-0.
08-31 20:36:25.775  1709  3721 I SDM     : SDMConcurrentWriteBack::ProcessCWBStatus: CWB queue is empty. Display: 0
08-31 20:36:25.804  4451  4451 D ScalingWorkspaceRevealAnim: onAnimationEnd, workspace and hotseat are visible
08-31 20:36:25.804  4451  4451 V BaseDepthController: Applying blur: 0 to Surface(name=VRI-com.android.launcher3/com.android.launcher3.uioverrides.QuickstepLauncher#268)/@0x80eafd0 applyImmediately: false
08-31 20:36:25.804  4451  4451 D BaseDepthController: shouldBlurWorkspace: false targetState: Normal currentStableState: Normal mCurrentBlur: 0 mLauncher.getDepthBlurTargets(): [com.android.launcher3.Workspace{2b26bc9 V.ED..... ......ID 0,0-1440,3200 #7f0903f2 app:id/workspace}, com.android.launcher3.Hotseat{94552ce V.ED..... ......ID 0,2573-1440,3200 #7f0901bf app:id/hotseat}]
08-31 20:36:25.805  3991  4995 V WindowManagerShell: Received remote transition finished callback for (#23)
08-31 20:36:25.806  3991  4056 V WindowManagerShell: Transition animation finished (aborted=false), notifying core (#23) android.os.BinderProxy@8b998e3@0
08-31 20:36:25.811  3042  3105 V WindowManager: Finish Transition (#23): created at 08-31 20:36:24.704 collect-started=0.147ms request-sent=0.406ms started=8.842ms ready=25.014ms sent=68.649ms commit=18.641ms finished=1106.604ms
08-31 20:36:25.812  8274  8274 D VRI[Camera]: visibilityChanged oldVisibility=true newVisibility=false
08-31 20:36:25.814  3991  4056 V WindowManagerShell: Track 0 became idle
08-31 20:36:25.814  3991  4056 V WindowManagerShell: All active transition animations finished
08-31 20:36:25.814  8274  8274 D VRI[Camera]: visibilityChanged oldVisibility=true newVisibility=false
08-31 20:36:25.814  3042  3108 I HidlServiceManagement: Trying to get transport of vendor.qti.hardware.servicetracker@1.2::IServicetracker/default without hwservicemanager
08-31 20:36:25.815  3042  3108 W ActivityTaskManager: servicetracker HIDL not available
08-31 20:36:25.815  3042  3108 E ActivityTaskManager: Unable to get servicetracker HAL instance
08-31 20:36:25.815  3042  3108 I HidlServiceManagement: Trying to get transport of vendor.qti.hardware.servicetracker@1.2::IServicetracker/default without hwservicemanager
08-31 20:36:25.815  3042  3108 W ActivityTaskManager: servicetracker HIDL not available
08-31 20:36:25.815  3042  3108 E ActivityTaskManager: Unable to get servicetracker HAL instance
08-31 20:36:25.815  4153  4204 W DynamicDDSService: appName is not found in cache: com.android.camera
08-31 20:36:25.815  3042  3108 I HidlServiceManagement: Trying to get transport of vendor.qti.hardware.servicetracker@1.2::IServicetracker/default without hwservicemanager
08-31 20:36:25.815  3042  3108 W ActivityTaskManager: servicetracker HIDL not available
08-31 20:36:25.815  3042  3108 E ActivityTaskManager: Unable to get servicetracker HAL instance
08-31 20:36:25.816  3042  3108 I HidlServiceManagement: Trying to get transport of vendor.qti.hardware.servicetracker@1.2::IServicetracker/default without hwservicemanager
08-31 20:36:25.816  3042  3108 W ActivityTaskManager: servicetracker HIDL not available
08-31 20:36:25.816  3042  3108 E ActivityTaskManager: Unable to get servicetracker HAL instance
08-31 20:36:25.818  3042  7364 W UserManagerService: Requested status bar icon for non-badged user 0
08-31 20:36:25.821  3042  3080 W UserManagerService: Requested status bar icon for non-badged user 0
08-31 20:36:25.821  3042  3962 I Surface : Creating surface for consumer unnamed-3042-10 with slotExpansion=1 for 64 slots
08-31 20:36:25.821  3042  3962 I Surface : Creating surface for consumer ImageReader-1152x2560f1m1-3042-2 with slotExpansion=1 for 64 slots
08-31 20:36:25.821  3042  3962 W ImageReader_JNI: Unable to acquire a buffer item, very likely client tried to acquire more than maxImages buffers
08-31 20:36:25.825  3042  3962 E ConsumerBase: [ImageReader-1152x2560f1m1-3042-2] abandonLocked: ConsumerBase is abandoned!
08-31 20:36:25.829  8274  8274 D MCAM_CRE_PreviewRenderEngine: onSurfaceDestroyed start
08-31 20:36:25.830  8274 21106 D MCAM_CRE_PreviewRenderer: removePreviewSurface
08-31 20:36:25.830  8274  8274 D MCAM_CRE_PreviewRenderEngine: onSurfaceDestroyed end
08-31 20:36:25.837  8274  8274 D MCAM_ExtraModuleManagerImpl: onStop
08-31 20:36:25.837  8274  8274 D MCAM_CamLayoutManagerImpl@179966371: onStop
08-31 20:36:25.838  8274  8469 D MCAM_BaseActivityViewModel: disableOrientationObserver
08-31 20:36:25.838  1690  1690 I sensors-hal: batch:141, android.sensor.accelerometer/11, period=10000000, max_latency=20000000
08-31 20:36:25.838  1690  1690 I sensors-hal: set_config:56, sample_period_ns is adjusted to 10000000 based on min/max delay_ns
08-31 20:36:25.838  1690  1690 I sensors-hal: batch:150, android.sensor.accelerometer/11, period=10000000, max_latency=20000000 request completed
08-31 20:36:25.845  8274  8274 I MCAM_PerformanceManager: [P_PERFORM]: Action: [WMS]onPause_2_onStop_179966371_163_-1 takes 1121 ms
08-31 20:36:25.846  8274  8274 D BroadcastExecutor: BroadcastExecutor : 2
08-31 20:36:25.846  8274  8274 D MCAM_FragmentBottomAction: onStop
08-31 20:36:25.848  8274  8274 D MCAM_FragmentBottomPopupTips: cancelUpdateTipImage 
08-31 20:36:25.848  8274  8274 D MCAM_FragmentBottomPopupTips: hideAllDynamicTips
08-31 20:36:25.848  8274  8274 D MCAM_ActivityBase: onStop +179966371
08-31 20:36:25.849  8274  8274 D MCAM_Camera@179966371: onStop start
08-31 20:36:25.849  8274  8274 D MCAM_BoostFrameworkImpl: startBoost: duration = 500, scene = 6
08-31 20:36:25.849  8274  8274 D MCAM_BoostFrameworkImpl: ready to boost
08-31 20:36:25.849  1711  2074 E PERFHAL-REQUEST: PERFHAL-REQUEST: Process() 398: Translate to physical failed
08-31 20:36:25.849  1711  2074 E PERFHAL-REQUEST: PERFHAL-REQUEST: Process() 398: Translate to physical failed
08-31 20:36:25.849  1711  2074 E PERFHAL-TARGETCONFIG: PERFHAL-TARGETCONFIG: getCoresInCluster() 86: Error: Invalid cluster id 3
08-31 20:36:25.849  1711  2074 E PERFHAL-REQUEST: PERFHAL-REQUEST: Process() 398: Translate to physical failed
08-31 20:36:25.849  1711  2074 E PERFHAL-TARGETCONFIG: PERFHAL-TARGETCONFIG: getCoresInCluster() 86: Error: Invalid cluster id 3
08-31 20:36:25.849  1711  2074 E PERFHAL-REQUEST: PERFHAL-REQUEST: Process() 398: Translate to physical failed
08-31 20:36:25.849  8274  8274 D MCAM_TrackWrapper: track: bizParamsSize of key_thermal_result event is 0, track ignore!
08-31 20:36:25.849  8274  8274 D MCAM_RenderEngineV2: onPause start
08-31 20:36:25.849  8274  8274 W MCAM_CRE_PreviewRenderEngine: setSurfaceTextureDataSpaceTranslator: null
08-31 20:36:25.851  8274 21106 D MCAM_CRE_ScreenshotRenderer: ScreenshotRenderer release surface
08-31 20:36:25.851  8274  8274 D MCAM_ActivityBase: updateSurfaceState: 2
08-31 20:36:25.851  8274  8274 D MCAM_RenderEngineV2: onPause end
08-31 20:36:25.852 21097 21097 W audit   : audit_lost=1038083 audit_rate_limit=5 audit_backlog_limit=64
08-31 20:36:25.852 21097 21097 E audit   : rate limit exceeded
08-31 20:36:25.851  8274  8274 I MCAM_PerformanceManager: [P_PERFORM]: Event: EXIT_APP start
08-31 20:36:25.851  8274  8274 I MCAM_PerformanceManager: [P_PERFORM]: not allow traceStop
08-31 20:36:25.851  8274  8274 D MCAM_CRE_RenderEngineV2: setDrawBlackFrame to false  from : A.e1.apply(SourceFile:11), java.util.Optional.map(Optional.java:260), com.android.camera.Camera.W(SourceFile:11), com.android.camera.Camera.Mj(SourceFile:99), com.android.camera.ActivityBase.onStop(SourceFile:38), 
08-31 20:36:25.851  8274  8274 D MCAM_Camera@179966371: removeNewBie = null
08-31 20:36:25.851  3042  3080 D FileUtils: Rounded bytes from 15847522304 to 16000000000
08-31 20:36:25.851  8274  8274 D MCAM_SpeechShutterImpl: processingSpeechShutter false
08-31 20:36:25.851  8274  8274 D MCAM_Camera@179966371: releaseAll: releaseDevice = true, isCurrentModuleAlive = false, isFinishing = true
08-31 20:36:25.851  8274  8274 D MCAM_BaseModule: setDeparted
08-31 20:36:25.851  8274  8274 D MCAM_StreamingController: onActivityStop: Camera@179966371
08-31 20:36:25.851  8274  8274 D MCAM_BoostFrameworkImpl: stopBoost
08-31 20:36:25.851  8274  8274 D MCAM_BoostFrameworkImpl: ready to stop boost
08-31 20:36:25.852  8274  8274 D MCAM_Camera@179966371: onStop end
08-31 20:36:25.852  8274  8274 D MCAM_Camera@179966371: IsMultiCamera: false
08-31 20:36:25.852  8274  8274 I MCAM_PerformanceManager: [P_PERFORM]: Event: EXIT_APP_163_-1 takes 1 ms
08-31 20:36:25.844  8274  8274 I CAM-Work-1-thre: type=1400 audit(0.0:1044373): avc:  denied  { read } for  name="memory" dev="proc" ino=4026532046 scontext=u:r:platform_app_36:s0:c512,c768 tcontext=u:object_r:proc_pressure_mem:s0 tclass=file permissive=1 app=com.android.camera
08-31 20:36:25.844  8274  8274 I CAM-Work-1-thre: type=1400 audit(0.0:1044374): avc:  denied  { open } for  path="/proc/pressure/memory" dev="proc" ino=4026532046 scontext=u:r:platform_app_36:s0:c512,c768 tcontext=u:object_r:proc_pressure_mem:s0 tclass=file permissive=1 app=com.android.camera
08-31 20:36:25.844  8274  8274 I CAM-Work-1-thre: type=1400 audit(0.0:1044375): avc:  denied  { getattr } for  path="/proc/pressure/memory" dev="proc" ino=4026532046 scontext=u:r:platform_app_36:s0:c512,c768 tcontext=u:object_r:proc_pressure_mem:s0 tclass=file permissive=1 app=com.android.camera
08-31 20:36:25.844  8274  8274 I CAM-Work-1-thre: type=1400 audit(0.0:1044376): avc:  denied  { read } for  name="cpu" dev="proc" ino=4026532047 scontext=u:r:platform_app_36:s0:c512,c768 tcontext=u:object_r:proc_pressure_cpu:s0 tclass=file permissive=1 app=com.android.camera
08-31 20:36:25.844  8274  8274 I CAM-Work-1-thre: type=1400 audit(0.0:1044377): avc:  denied  { open } for  path="/proc/pressure/cpu" dev="proc" ino=4026532047 scontext=u:r:platform_app_36:s0:c512,c768 tcontext=u:object_r:proc_pressure_cpu:s0 tclass=file permissive=1 app=com.android.camera
08-31 20:36:25.852  8274  8274 I MCAM_PerformanceManager: [P_PERFORM]: Event: EXIT_APP takes 1 is less than 2000
08-31 20:36:25.852  8274  8274 D MCAM_CameraIntentManager: start activity when locked: false
08-31 20:36:25.852  8274  8274 D MCAM_ActivityBase: onStop -
08-31 20:36:25.853  8274  8274 D MCAM_CamLayoutManagerImpl@179966371: onDestroy
08-31 20:36:25.853  8274  8274 D MCAM_Display: initExtra null
08-31 20:36:25.853  8274  8274 D MCAM_ExtraModuleManagerImpl: onDestroy
08-31 20:36:25.853  8274  8274 D MCAM_ActivityBase: onDestroy +179966371
08-31 20:36:25.853  8274  8274 D MCAM_Camera@179966371: onDestroy start
08-31 20:36:25.853  8274  8274 D MCAM_Camera@179966371: [K_PROCESS]: onDestroy current activity need execute mCameraReleaseRunnable at once
08-31 20:36:25.854  8274  8351 D MCAM_CameraRunnable: [K_PROCESS]: CameraRunnable run start to close camera
08-31 20:36:25.854  8274  8274 D MCAM_MediaRecorderCreator: releaseMediaRecorder: camera , = 179966371
08-31 20:36:25.854  8274  8274 D MCAM_MediaRecorderCreator: release
08-31 20:36:25.854  8274  8351 D MCAM_MediaRecorderCreator: releaseMediaRecorder: camera , = 179966371
08-31 20:36:25.854  8274  8351 D MCAM_CameraRunnable: release surfaceTexture...
08-31 20:36:25.854  8274  8351 D MCAM_RenderEngineV2: releaseCameraScreenNail
08-31 20:36:25.854  8274  8351 D MCAM_CRE_PreviewRenderEngine: onCameraClosed start
08-31 20:36:25.854  8274  8351 D MCAM_CRE_SurfaceTextureWrapper: resetTimestamp
08-31 20:36:25.854  8274  8351 D MCAM_CRE_ScreenshotRenderer: clearScreenshotRequestList
08-31 20:36:25.854  8274  8351 D MCAM_CRE_PreviewRenderEngine: onCameraClosed end
08-31 20:36:25.854  8274  8351 D MCAM_BaseModule: setModuleCallback, callback: null, com.android.camera.module.BaseModule.setModuleCallback(SourceFile:18), com.android.camera.module.BaseModule.abandonModuleCallback(SourceFile:1), com.android.camera.Camera$i.run(SourceFile:149), 
08-31 20:36:25.854  8274  8351 D MCAM_CameraRunnable: start releaseCameraDevice: true
08-31 20:36:25.854  8274  8351 D MCAM_Camera2OpenManager: abandonCameraResultObservable: E
08-31 20:36:25.854  8274  8351 D MCAM_Camera2OpenManager: abandonCameraResultObservable: X
08-31 20:36:25.854  8274  8351 D MCAM_Camera2OpenManager: E: releaseAllCamerasAndWait
08-31 20:36:25.854  8274  8468 D MCAM_ThreadUtils: E: invokeAtFrontUninterruptibly#call
08-31 20:36:25.854  8274  8468 D MCAM_ThreadUtils: X: invokeAtFrontUninterruptibly#call
08-31 20:36:25.854  8274  8351 D MCAM_Camera2OpenManager: X: releaseAllCamerasAndWait
08-31 20:36:25.854  8274  8274 D MCAM_BoostFrameworkImpl: startBoost: duration = 500, scene = 6
08-31 20:36:25.854  8274  8274 D MCAM_BoostFrameworkImpl: ready to boost
08-31 20:36:25.854  1711  2074 E PERFHAL-REQUEST: PERFHAL-REQUEST: Process() 398: Translate to physical failed
08-31 20:36:25.854  1711  2074 E PERFHAL-REQUEST: PERFHAL-REQUEST: Process() 398: Translate to physical failed
08-31 20:36:25.854  1711  2074 E PERFHAL-TARGETCONFIG: PERFHAL-TARGETCONFIG: getCoresInCluster() 86: Error: Invalid cluster id 3
08-31 20:36:25.854  1711  2074 E PERFHAL-REQUEST: PERFHAL-REQUEST: Process() 398: Translate to physical failed
08-31 20:36:25.854  1711  2074 E PERFHAL-TARGETCONFIG: PERFHAL-TARGETCONFIG: getCoresInCluster() 86: Error: Invalid cluster id 3
08-31 20:36:25.854  1711  2074 E PERFHAL-REQUEST: PERFHAL-REQUEST: Process() 398: Translate to physical failed
08-31 20:36:25.854  8274  8274 D MCAM_ActivityBase: isMainScreen: true
08-31 20:36:25.854  8274  8274 D MCAM_Camera@179966371: IsMultiCamera: false
08-31 20:36:25.854  8274  8274 D MCAM_FML: unRegisterProtocol: Thread name = main
08-31 20:36:25.854  8274 10594 D MCAM_GalleryHelper: unbind service: camera = com.android.camera.Camera@aba11a3, mIsGalleryServiceBound = false
08-31 20:36:25.854  8274 10594 D MCAM_HandleDetectorImpl: unregisterReceiver
08-31 20:36:25.855  8274  8274 D MCAM_ThermalDetector: onDestroy
08-31 20:36:25.855  8274  8274 V MCAM_ImageSaver: onHostDestroy
08-31 20:36:25.855  8274  8274 D MCAM_V6GestureRecognizer: remove 179966371
08-31 20:36:25.855  8274  8274 D MCAM_RenderEngineV2: onDestroy start
08-31 20:36:25.855  8274  8274 D MCAM_CRE_PreviewRenderEngine: setRequestRenderListener: null
08-31 20:36:25.855  8274  8274 D MCAM_CRE_PreviewRenderEngine: release start
08-31 20:36:25.855  8274  8274 D MCAM_CRE_GlHandlerThread: release with thread id:21106 name:PreviewRenderEngine
08-31 20:36:25.855  8274  8274 D MCAM_CRE_GlHandlerThread: release done
08-31 20:36:25.855  8274 21106 D MCAM_s  : delete program 8
08-31 20:36:25.855  8274  8274 W MCAM_CRE_RenderPreviewFrameRateMonitor: could not be delivered to the consumer when resetMonitor.
08-31 20:36:25.855  8274  8274 D MCAM_CRE_PreviewRenderEngine: release end
08-31 20:36:25.855  8274  8274 D MCAM_RenderEngineV2: onDestroy end
08-31 20:36:25.855  8274  8274 D MCAM_StreamingController: onActivityDestroy: Camera@179966371
08-31 20:36:25.855  8274 21106 D MCAM_BaseGLCanvas: deleteProgram: 8---com.android.camera.effect.renders.r.destroy(SourceFile:65), com.android.camera.effect.renders.o.destroy(SourceFile:20), com.xiaomi.microfilm.vlogpro.mode.b.run(SourceFile:57), 
08-31 20:36:25.855  8274 21106 D MCAM_b  : delete program 11
08-31 20:36:25.855  8274 21106 D MCAM_BaseGLCanvas: deleteProgram: 11---com.android.camera.effect.renders.r.destroy(SourceFile:65), com.android.camera.effect.renders.o.destroy(SourceFile:20), com.xiaomi.microfilm.vlogpro.mode.b.run(SourceFile:57), 
08-31 20:36:25.855  8274  8274 D MCAM_BoostFrameworkImpl: stopBoost
08-31 20:36:25.855  8274 21106 D MCAM_h  : delete program 14
08-31 20:36:25.855  8274  8274 D MCAM_BoostFrameworkImpl: ready to stop boost
08-31 20:36:25.855  8274 21106 D MCAM_BaseGLCanvas: deleteProgram: 14---com.android.camera.effect.renders.r.destroy(SourceFile:65), com.android.camera.effect.renders.o.destroy(SourceFile:20), com.xiaomi.microfilm.vlogpro.mode.b.run(SourceFile:57), 
08-31 20:36:25.855  8274 21106 D MCAM_CRE_MIGL: BaseGLCanvas glDeleteProgram: 8
08-31 20:36:25.855  8274 21106 D MCAM_CRE_MIGL: BaseGLCanvas glDeleteProgram: 11
08-31 20:36:25.855  8274 21106 D MCAM_CRE_MIGL: BaseGLCanvas glDeleteProgram: 14
08-31 20:36:25.855  8274 21106 D MCAM_CRE_PreviewRenderEngine: release start on GL Thread
08-31 20:36:25.855  8274 21106 D MCAM_CRE_MIGL: TextureProgram glDeleteProgram: 2
08-31 20:36:25.855  8274 21106 D MCAM_CRE_MIGL: TextureProgram glDeleteProgram: 1
08-31 20:36:25.855  8274 21106 D MCAM_CRE_MIGL: BaseBlurEffectRenderer glDeleteProgram: 3
08-31 20:36:25.855  8274 21106 D MCAM_CRE_MIGL: BaseBlurEffectRenderer glDeleteProgram: 4
08-31 20:36:25.855  8274 21106 D MCAM_CRE_MIGL: ColorRenderer glDeleteProgram: 5
08-31 20:36:25.855  8274 21106 D MCAM_CRE_EglWindowSurface: EglWindowSurface release start
08-31 20:36:25.855  8274 21106 D MCAM_CRE_EglCore: destroy Surface -5476376637101080976
08-31 20:36:25.855  8274  8274 D MCAM_Camera@179966371: onDestroy end
08-31 20:36:25.855  8274  8274 D WindowOnBackDispatcher: setTopOnBackInvokedCallback (unwrapped): null
08-31 20:36:25.856  3042  3080 D CoreBackPreview: Window{5df016 u0 com.android.camera/com.android.camera.Camera}: Setting back callback null
08-31 20:36:25.856  8274  8274 D ViewRootImpl: Skipping stats log for color mode
08-31 20:36:25.857  8274 21106 D MCAM_CRE_RendererPool: clearAllRenderer
08-31 20:36:25.857  8274 21106 D MCAM_CRE_SurfaceTextureWrapper: release
08-31 20:36:25.857  8274 21106 D MCAM_CRE_MIGL: SyncOesTex glDeleteTexture: 1
08-31 20:36:25.857  8274 21106 D MCAM_CRE_PreviewRenderEngine: release end on GL Thread
08-31 20:36:25.857  8274 21106 D MCAM_CRE_EglCore: destroy Surface -5476376637101080976
08-31 20:36:25.858  8274 21106 D MCAM_CRE_EglCore: release
08-31 20:36:25.858  8274  8274 D MCAM_FragmentTopConfig: onDetach FragmentTopBar, type BASIC
08-31 20:36:25.859  8274  8274 D MCAM_FragmentBottomAction: onDetach FragmentBottomAction, type BASIC
08-31 20:36:25.859  8274  8274 D MCAM_FragmentMainContent: onDetach FragmentMainContent, type BASIC
08-31 20:36:25.859  8274  8274 D MCAM_WatermarkGeocoder: unRegisterWatermarkStateListener: className > FragmentWatermarkPreview
08-31 20:36:25.860  8274  8274 D MCAM_FragmentTopAlert: onDetach FragmentTopAlert, type UNSPECIFIED
08-31 20:36:25.860  8274  8274 D MCAM_FragmentPanelBackground: onDetach FragmentPanelBackground, type MODULE
08-31 20:36:25.861  8274  8274 D MCAM_FragmentHaloOld: onDetach FragmentHaloOld, type MODULE
08-31 20:36:25.861  8274  8274 D MCAM_FragmentReferenceLine: onDetach FragmentReferenceLine, type MODULE
08-31 20:36:25.861  8274  8274 D MCAM_FragmentZoomToggle: onDetach FragmentZoomToggle, type BASIC
08-31 20:36:25.861  8274  8274 D MCAM_FragmentBottomPopupTips: onDetach FragmentBottomPopupTips, type MODULE
08-31 20:36:25.861  8274  8274 D MCAM_FragmentMoreModePopup: unRegister
08-31 20:36:25.861  8274  8274 D MCAM_RxLiveData: removeObserver: FragmentMoreModePopup
08-31 20:36:25.861  8274  8274 D MCAM_FragmentMoreModePopup: onDetach FragmentMoreModePopup, type UNSPECIFIED
08-31 20:36:25.862  8274  8274 D MCAM_FragmentModeSelector: onDetach FragmentModeSelector, type BASIC
08-31 20:36:25.862  8274  8274 D MCAM_ActivityBase: onDestroy -
08-31 20:36:25.862  8274  8274 D WindowOnBackDispatcher: setTopOnBackInvokedCallback (unwrapped): null
08-31 20:36:25.862  3042  3080 D CoreBackPreview: Window{7b6a6af u0 com.android.camera/com.android.camera.Camera}: Setting back callback null
08-31 20:36:25.862  8274  8274 D ViewRootImpl: Skipping stats log for color mode
08-31 20:36:25.863  3042  3080 I HidlServiceManagement: Trying to get transport of vendor.qti.hardware.servicetracker@1.2::IServicetracker/default without hwservicemanager
08-31 20:36:25.864  3042  3080 W ActivityTaskManager: servicetracker HIDL not available
08-31 20:36:25.864  3042  3080 E ActivityTaskManager: Unable to get servicetracker HAL instance
08-31 20:36:25.864  3042  3080 I HidlServiceManagement: Trying to get transport of vendor.qti.hardware.servicetracker@1.2::IServicetracker/default without hwservicemanager
08-31 20:36:25.864  3042  3080 W ActivityTaskManager: servicetracker HIDL not available
08-31 20:36:25.864  3042  3080 E ActivityTaskManager: Unable to get servicetracker HAL instance
08-31 20:36:25.864  8274 21106 D MCAM_CRE_GlHandlerThread: mEglOffscreenSurface and mEglCore release done
08-31 20:36:25.869  4451  4451 D RecentsView: onTaskRemoved: 47, not handling task stack changes
08-31 20:36:25.869  4451  4451 D RecentsView: onTaskRemoved: 47, not handling task stack changes
08-31 20:36:25.869  3991  4056 V ShellTaskOrganizer: Task vanished taskId=47
08-31 20:36:25.869  3991  4056 V ShellTaskOrganizer: Fullscreen Task Vanished: #47
08-31 20:36:25.869  3991  4056 D ShellPackageUpdate: PackageUpdateController: Removing handlePackageUpdate for task: 47
08-31 20:36:25.869  3042  3080 E WindowOrganizerController: Attempting to externally change a non-organized container: Task{3aa4e39 #47 type=standard A=10240:com.android.camera nonResizable}={handlePackageUpdate:false,} playercount=2 taskorg=android.window.ITaskOrganizer$Stub$Proxy@f38136b
08-31 20:36:25.869  3991  4056 V RecentTasksController: Notify recent tasks changed
08-31 20:36:25.869  3991  4056 D ShellDesktopMode: AppToWebRepository: Task 47 is vanishing. Removing task data from repository
08-31 20:36:25.870  3991  4056 V AppCompat: SingleSurfaceLetterboxController: []
08-31 20:36:25.870  3991  4056 V AppCompat: MultiSurfaceLetterboxController: []
08-31 20:36:25.870  3991  4056 V AppCompat: LetterboxInputController: []
08-31 20:36:25.870  3991  4056 V AppCompat: RoundedCornersLetterboxController: {}
08-31 20:36:25.877  4451  4451 D RecentTasksList: invalidateLoadedTasks - previous requestLoadId: -1
08-31 20:36:25.893     1     1 I process_monitor-sig_record: signal_record_hook_handle:268 hook cat sig = 9
08-31 20:36:25.893     1     1 I process_monitor-sig_record: signal_record_hook_handle:281 from init 1:1:0 to cnss-daemon 21184:1:1000
08-31 20:36:25.900 21186 21186 I flags_health_check: ServerConfigurableFlagsReset reset_mode value: 1
08-31 20:36:25.900 21186 21186 I flags_health_check: ServerConfigurableFlagsReset updatable crashing detected, resetting flags.
08-31 20:36:25.900 21185 21185 D tcmd    : tcmd starting up
08-31 20:36:25.900 21185 21185 W tcmd    : libminijail[21185]: failed to get path of fd 4: No such file or directory
08-31 20:36:25.900 21185 21185 W tcmd    : libminijail[21185]: allowing syscall: connect
08-31 20:36:25.900 21185 21185 W tcmd    : libminijail[21185]: allowing syscall: fcntl
08-31 20:36:25.900 21185 21185 W tcmd    : libminijail[21185]: allowing syscall: sendto
08-31 20:36:25.900 21185 21185 W tcmd    : libminijail[21185]: allowing syscall: socket
08-31 20:36:25.900 21185 21185 W tcmd    : libminijail[21185]: allowing syscall: writev
08-31 20:36:25.900 21185 21185 W tcmd    : libminijail[21185]: logging seccomp filter failures
08-31 20:36:25.903 21185 21185 D tcmd    : DpmCom::addComEventHandler fd 5, ComEventCallback 0x64877fab50, void* 0x0, ComCloseCallback 0x0, events 17
08-31 20:36:25.903 21185 21185 D tcmd    : DpmCom is ready. epollFd:4
08-31 20:36:25.903 21185 21185 D tcmd    : address of comEvent 0x7fc8d9d630
08-31 20:36:25.903 21185 21185 E tcmd    : libminijail[21185]: blocked syscall: lseek
08-31 20:36:25.903  1345  1345 I tombstoned: received crash request for pid 21185
08-31 20:36:25.904  1345  1345 W tombstoned: failed to read from crash socket: Connection reset by peer
08-31 20:36:25.905     1     1 I process_monitor-sig_record: signal_record_hook_handle:268 hook cat sig = 9
08-31 20:36:25.905     1     1 I process_monitor-sig_record: signal_record_hook_handle:281 from init 1:1:0 to tcmd 21185:1:1000
08-31 20:36:25.913     1     1 I process_monitor-sig_record: signal_record_hook_handle:268 hook cat sig = 9
08-31 20:36:25.913     1     1 I process_monitor-sig_record: signal_record_hook_handle:281 from init 1:1:0 to flags_health_ch 21186:1:1000
08-31 20:36:25.921 21187 21187 I flags_health_check: ServerConfigurableFlagsReset reset_mode value: 1
08-31 20:36:25.921 21187 21187 I flags_health_check: ServerConfigurableFlagsReset updatable crashing detected, resetting flags.
08-31 20:36:25.932     1     1 I process_monitor-sig_record: signal_record_hook_handle:268 hook cat sig = 9
08-31 20:36:25.932     1     1 I process_monitor-sig_record: signal_record_hook_handle:281 from init 1:1:0 to flags_health_ch 21187:1:1000
08-31 20:36:25.958  1709  2306 I vendor.qti.hardware.display.composer-service: Sensor: notify citsensorservice to trigger cwb, misForced = 0
08-31 20:36:25.959  1709  1709 I SDM     : CWB config passed by cwb_client : tappoint 1  CWB_ROI : (696.000000 106.000000 937.000000 347.000000) for display-0
08-31 20:36:25.975  1709  2125 I SDM     : HWDeviceDRM::SetupConcurrentWriteback: Tear down the Concurrent Writeback topology
08-31 20:36:25.983  1709  3721 I SDM     : NotifyCWBStatus: Notify the client about buffer (0xd5a19a30) status 0 for display-0.
08-31 20:36:25.983  1709  3721 I SDM     : SDMConcurrentWriteBack::ProcessCWBStatus: CWB queue is empty. Display: 0
08-31 20:36:26.040  2509  3717 I libsensor-boledalgo: dbv:1663,lux:27.4,cct:3512.1,hsv:-1.0,CWB R:103.0,G:136.3,B:108.8Event C:1071.4,R:676.8,G:338.4,B:193.4Cali C:0.0,R:0.0,G:0.0,B:0.0 
08-31 20:36:26.076  3042  3773 W libbinder.ServiceManagerCppClient: Waited one second for android.hardware.biometrics.face.virtualhal.IVirtualHal/virtual (is service started? Number of threads started in the threadpool: 32. Are binder threads started and available?)
08-31 20:36:26.079   992   992 I servicemanager: Caller(pid=3042,uid=1000,sid=u:r:system_server:s0) Since 'android.hardware.biometrics.face.virtualhal.IVirtualHal/virtual' could not be found trying to start it as a lazy AIDL service. (if it's not configured to be a lazy service, it may be stuck starting or still starting).
08-31 20:36:26.080 21188 21188 I servicemanager: Caller(pid=3042,uid=1000,sid=u:r:system_server:s0) Tried to start aidl service android.hardware.biometrics.face.virtualhal.IVirtualHal/virtual as a lazy service, but was unable to. Usually this happens when a service is not installed, but if the service is intended to be used as a lazy service, then it may be configured incorrectly.
08-31 20:36:26.079   992 21188 W libc    : Unable to set property "ctl.interface_start" to "aidl/android.hardware.biometrics.face.virtualhal.IVirtualHal/virtual": PROP_ERROR_HANDLE_CONTROL_MESSAGE (0x20)
08-31 20:36:26.121  1709  2125 I SDM     : DisplayBase::CommitThread: Received Idle Timeout, panel: cmd, timeout: 70000 us
08-31 20:36:26.199  8274  8641 E MCAM_BGServiceClient: initService: vendor.xiaomi.hardware.aidlbgservice.IBGService/default service daemon binder failed!
08-31 20:36:26.199  8274  8641 D MCAM_BGServiceClient: reBindService: retry times > 13
08-31 20:36:26.200  1709  2306 I vendor.qti.hardware.display.composer-service: Sensor: notify citsensorservice to trigger cwb, misForced = 1
08-31 20:36:26.200  1709  1709 I SDM     : CWB config passed by cwb_client : tappoint 1  CWB_ROI : (696.000000 106.000000 937.000000 347.000000) for display-0
08-31 20:36:26.209  1709  1709 I SDM     : PartialUpdateSrcSplit::SetCwbRoiForNonPU: CWB ROI Rect(696.000000 106.000000 937.000000 347.000000)
08-31 20:36:26.233  1709  3721 I SDM     : NotifyCWBStatus: Notify the client about buffer (0xd5a17040) status 0 for display-0.
08-31 20:36:26.233  1709  3721 I SDM     : SDMConcurrentWriteBack::ProcessCWBStatus: CWB queue is empty. Display: 0
08-31 20:36:26.240  2509  3717 I libsensor-boledalgo: dbv:1663,lux:27.6,cct:3439.2,hsv:-1.0,CWB R:103.0,G:136.3,B:108.8Event C:1071.7,R:678.6,G:336.2,B:191.1Cali C:0.0,R:0.0,G:0.0,B:0.0 
08-31 20:36:26.285  1709  2125 I SDM     : DisplayBase::CommitThread: Received Idle Timeout, panel: cmd, timeout: 70000 us
08-31 20:36:26.290  2509  3717 I libsensor-boledalgo: dbv:1663,lux:26.8,cct:3547.3,hsv:-1.0,CWB R:103.0,G:136.3,B:108.8Event C:1071.7,R:677.8,G:341.2,B:194.2Cali C:0.0,R:0.0,G:0.0,B:0.0 
08-31 20:36:26.291  1806  2321 D SurfaceFlinger: setDesiredMode 4630946995310957971 {mode={fps=24.00 Hz, modePtr={id=10, vsyncRate=24.00 Hz, peakRefreshRate=24.00 Hz}}, emitEvent=false, force=false}
08-31 20:36:26.299  1806  1806 D SurfaceFlinger: initiateModeChange 4630946995310957971 {mode={fps=24.00 Hz, modePtr={id=10, vsyncRate=24.00 Hz, peakRefreshRate=24.00 Hz}}, emitEvent=false, force=false}
08-31 20:36:26.299  1709  1709 I SDM     : SDMDisplay::SetActiveConfigWithConstraints: display = 0, config: 10, WxH 1440x3200, fps 24@normal@24:24
08-31 20:36:26.300  1709  1709 W SDM     : HWDeviceDRM::GetSupportedBitClkRate: Requested rate not supported: 1360000000
08-31 20:36:26.300  1709  1709 I SDM     : HWDeviceDRM::UpdateMixerAttributes: Mixer WxH 1440x3200-1 for Peripheral
08-31 20:36:26.302  1709  2125 I SDM     : HWDeviceDRM::SetupConcurrentWriteback: Tear down the Concurrent Writeback topology
08-31 20:36:26.307  1197  1197 I         : [mi_disp:_sde_kms_drm_check_dpms [msm_drm]][2026-08-31 18:36:26.306397] [I]conn67 early_trigger:1 (power mode 2->2, fps 120->24) - 0.15(ms)
08-31 20:36:26.315  2509  3703 D libsensor-D2SNotifier: DisplayId 0 Displayinfo2SlpiNotifier to type 8 displayFrequency = 24 
08-31 20:36:26.315  1720  2155 D FPSMonitor: threadFuncFpsMonitor display 0, fps 24
08-31 20:36:26.314  1197  1197 I [drm:dsi_display_set_mode [msm_drm]] [msm-dsi-info]: mdp_transfer_time=7300, clk_rate=1360000000, hactive=1440, vactive=3200, fps=24,ddic_mode=normal, sf_fps=24, ddic_min_fps=24
08-31 20:36:26.319  2509  3703 I sensors : qsh_qmi:41, qsh_qmi
08-31 20:36:26.321  2509  3703 I sensors : ~qsh_qmi:68, ~qsh_qmi
08-31 20:36:26.341  2509  3717 I libsensor-boledalgo: dbv:1663,lux:27.6,cct:3457.2,hsv:-1.0,CWB R:103.0,G:136.3,B:108.8Event C:1072.2,R:677.3,G:340.6,B:190.9Cali C:0.0,R:0.0,G:0.0,B:0.0 
08-31 20:36:26.349  1711  2075 E ANDR-PERF: ExtendedPerfBoost: trigger_rearm_timer() 179: setthermalbreak req empty boostparam=boost:0
08-31 20:36:26.388  1709  2125 I SDM     : DisplayBase::CommitThread: Received Idle Timeout, panel: cmd, timeout: 70000 us
08-31 20:36:26.390  2509  3717 I libsensor-boledalgo: dbv:1663,lux:26.6,cct:3531.9,hsv:-1.0,CWB R:103.0,G:136.3,B:108.8Event C:1073.2,R:681.2,G:340.4,B:194.2Cali C:0.0,R:0.0,G:0.0,B:0.0 
08-31 20:36:26.489  2509  3717 I libsensor-boledalgo: dbv:1663,lux:28.6,cct:3444.7,hsv:-1.0,CWB R:103.0,G:136.3,B:108.8Event C:1074.7,R:675.2,G:339.0,B:191.4Cali C:0.0,R:0.0,G:0.0,B:0.0 
08-31 20:36:26.490  2509  3717 I libsensor-boledalgo: dbv:1663,lux:26.5,cct:3494.4,hsv:-1.0,CWB R:103.0,G:136.3,B:108.8Event C:1070.7,R:681.2,G:340.1,B:192.1Cali C:0.0,R:0.0,G:0.0,B:0.0 
08-31 20:36:26.591  2509  3717 I libsensor-boledalgo: dbv:1663,lux:26.4,cct:3555.3,hsv:-1.0,CWB R:103.0,G:136.3,B:108.8Event C:1071.9,R:680.7,G:340.6,B:194.7Cali C:0.0,R:0.0,G:0.0,B:0.0 
08-31 20:36:26.646  8274 11179 D AidlBufferPoolAcc: evictor expired: 2, evicted: 0
08-31 20:36:26.690  2509  3717 I libsensor-boledalgo: dbv:1663,lux:28.0,cct:3471.4,hsv:-1.0,CWB R:103.0,G:136.3,B:108.8Event C:1076.0,R:678.1,G:340.6,B:192.4Cali C:0.0,R:0.0,G:0.0,B:0.0 
08-31 20:36:26.739  2509  3717 I libsensor-boledalgo: dbv:1663,lux:26.3,cct:3562.0,hsv:-1.0,CWB R:103.0,G:136.3,B:108.8Event C:1070.4,R:679.4,G:340.1,B:194.7Cali C:0.0,R:0.0,G:0.0,B:0.0 
08-31 20:36:26.754   973   973 I [kworke][0xac29877d3][18:36:26.753234] peach_v2: [973:I:PMO] pmo_core_psoc_send_host_wakeup_ind_to_fw: Host wakeup indication sent to fw
08-31 20:36:26.792  2509  3717 I libsensor-boledalgo: dbv:1663,lux:27.7,cct:3448.8,hsv:-1.0,CWB R:103.0,G:136.3,B:108.8Event C:1072.2,R:677.3,G:339.3,B:190.9Cali C:0.0,R:0.0,G:0.0,B:0.0 
08-31 20:36:26.794  1596  1632 I netd    : setProcSysNet(4, 2, wlan0, retrans_time_ms, 750) <0.23ms>
08-31 20:36:26.794  1596  1632 I netd    : setProcSysNet(4, 2, wlan0, ucast_solicit, 10) <0.04ms>
08-31 20:36:26.794  1596  1630 I netd    : setProcSysNet(6, 2, wlan0, retrans_time_ms, 750) <0.07ms>
08-31 20:36:26.794  1596  1630 I netd    : setProcSysNet(6, 2, wlan0, ucast_solicit, 10) <0.03ms>
08-31 20:36:26.795  4107  5020 D IpClient/wlan0: interfaceLinkStateChanged: ifindex 24 up
08-31 20:36:26.890  2509  3717 I libsensor-boledalgo: dbv:1663,lux:25.8,cct:3540.1,hsv:-1.0,CWB R:103.0,G:136.3,B:108.8Event C:1067.6,R:681.0,G:339.0,B:193.4Cali C:0.0,R:0.0,G:0.0,B:0.0 
08-31 20:36:26.891  2509  3717 I libsensor-boledalgo: dbv:1663,lux:27.2,cct:3457.9,hsv:-1.0,CWB R:103.0,G:136.3,B:108.8Event C:1073.5,R:681.0,G:340.1,B:191.4Cali C:0.0,R:0.0,G:0.0,B:0.0 
08-31 20:36:26.904  8274  8641 E MCAM_BGServiceClient: initService: vendor.xiaomi.hardware.aidlbgservice.IBGService/default service daemon binder failed!
08-31 20:36:26.904  8274  8641 D MCAM_BGServiceClient: reBindService: retry times > 14
08-31 20:36:26.990  2509  3717 I libsensor-boledalgo: dbv:1663,lux:26.8,cct:3521.9,hsv:-1.0,CWB R:103.0,G:136.3,B:108.8Event C:1071.4,R:679.1,G:339.0,B:193.7Cali C:0.0,R:0.0,G:0.0,B:0.0 
08-31 20:36:27.079  3042  3773 W libbinder.ServiceManagerCppClient: Waited one second for android.hardware.biometrics.face.virtualhal.IVirtualHal/virtual (is service started? Number of threads started in the threadpool: 32. Are binder threads started and available?)
08-31 20:36:27.083   992 21191 W libc    : Unable to set property "ctl.interface_start" to "aidl/android.hardware.biometrics.face.virtualhal.IVirtualHal/virtual": PROP_ERROR_HANDLE_CONTROL_MESSAGE (0x20)
08-31 20:36:27.082   992   992 I servicemanager: Caller(pid=3042,uid=1000,sid=u:r:system_server:s0) Since 'android.hardware.biometrics.face.virtualhal.IVirtualHal/virtual' could not be found trying to start it as a lazy AIDL service. (if it's not configured to be a lazy service, it may be stuck starting or still starting).
08-31 20:36:27.084 21191 21191 I servicemanager: Caller(pid=3042,uid=1000,sid=u:r:system_server:s0) Tried to start aidl service android.hardware.biometrics.face.virtualhal.IVirtualHal/virtual as a lazy service, but was unable to. Usually this happens when a service is not installed, but if the service is intended to be used as a lazy service, then it may be configured incorrectly.
08-31 20:36:27.244  2509  3717 I libsensor-boledalgo: dbv:1663,lux:27.5,cct:3451.0,hsv:-1.0,CWB R:103.0,G:136.3,B:108.8Event C:1074.0,R:680.5,G:338.4,B:191.6Cali C:0.0,R:0.0,G:0.0,B:0.0 
08-31 20:36:27.290  2509  3717 I libsensor-boledalgo: dbv:1663,lux:26.7,cct:3508.1,hsv:-1.0,CWB R:103.0,G:136.3,B:108.8Event C:1070.9,R:679.4,G:341.5,B:192.4Cali C:0.0,R:0.0,G:0.0,B:0.0 
08-31 20:36:27.343  2509  3717 I libsensor-boledalgo: dbv:1663,lux:25.6,cct:3570.4,hsv:-1.0,CWB R:103.0,G:136.3,B:108.8Event C:1068.6,R:681.8,G:339.5,B:194.7Cali C:0.0,R:0.0,G:0.0,B:0.0 
08-31 20:36:27.345  2509  3717 I libsensor-boledalgo: dbv:1663,lux:28.1,cct:3443.1,hsv:-1.0,CWB R:103.0,G:136.3,B:108.8Event C:1075.0,R:677.6,G:340.1,B:191.1Cali C:0.0,R:0.0,G:0.0,B:0.0 
08-31 20:36:27.394  2509  3717 I libsensor-boledalgo: dbv:1663,lux:26.7,cct:3490.3,hsv:-1.0,CWB R:103.0,G:136.3,B:108.8Event C:1070.4,R:679.4,G:341.2,B:191.6Cali C:0.0,R:0.0,G:0.0,B:0.0 
08-31 20:36:27.395  2509  3717 I libsensor-boledalgo: dbv:1663,lux:27.8,cct:3440.2,hsv:-1.0,CWB R:103.0,G:136.3,B:108.8Event C:1073.5,R:678.9,G:338.1,B:191.1Cali C:0.0,R:0.0,G:0.0,B:0.0 
08-31 20:36:27.396  2509  3717 I libsensor-boledalgo: dbv:1663,lux:27.2,cct:3508.7,hsv:-1.0,CWB R:103.0,G:136.3,B:108.8Event C:1073.2,R:679.1,G:338.7,B:193.7Cali C:0.0,R:0.0,G:0.0,B:0.0 
08-31 20:36:27.494  2509  3717 I libsensor-boledalgo: dbv:1663,lux:27.4,cct:3454.5,hsv:-1.0,CWB R:103.0,G:136.3,B:108.8Event C:1072.9,R:679.7,G:339.0,B:191.4Cali C:0.0,R:0.0,G:0.0,B:0.0 
08-31 20:36:27.544  2509  3717 I libsensor-boledalgo: dbv:1663,lux:26.0,cct:3561.6,hsv:-1.0,CWB R:103.0,G:136.3,B:108.8Event C:1068.9,R:680.7,G:338.4,B:194.7Cali C:0.0,R:0.0,G:0.0,B:0.0 
08-31 20:36:27.590  2509  3717 I libsensor-boledalgo: dbv:1663,lux:26.7,cct:3500.5,hsv:-1.0,CWB R:103.0,G:136.3,B:108.8Event C:1070.2,R:679.7,G:338.4,B:192.7Cali C:0.0,R:0.0,G:0.0,B:0.0 
08-31 20:36:27.647  8274 11179 D AidlBufferPoolAcc: evictor expired: 8, evicted: 0
08-31 20:36:27.657  8274  8641 E MCAM_BGServiceClient: initService: vendor.xiaomi.hardware.aidlbgservice.IBGService/default service daemon binder failed!
08-31 20:36:27.657  8274  8641 D MCAM_BGServiceClient: reBindService: retry times > 15
08-31 20:36:27.706   973   973 I [kworke][0xac3af8b3d][18:36:27.705813] peach_v2: [973:I:PMO] pmo_core_enable_wow_in_fw: drv wow is enabled
08-31 20:36:27.924  3042  3708 D WifiClientModeImpl[11663:wlan0]: updateLinkLayerStatsRssiSpeedFrequencyCapabilities rssi=-64 TxLinkspeed=129 freq=2437 RxLinkSpeed=129
08-31 20:36:27.925  3042  3708 D WifiDataStall: tx tput in kbps: 93396
08-31 20:36:27.925  3042  3708 D WifiDataStall: rx tput in kbps: 94187
08-31 20:36:27.925  3042  3708 V WifiConfigManager: Updating scan detail cache freq=2437 BSSID=8c:9a:8f:a8:b2:54 RSSI=-63 for "Proximus-Home-990073"SAE
08-31 20:36:27.925  3042  3708 D WifiDataStall:  ccaLevel = 80
08-31 20:36:27.925  3042  3708 D WifiDataStall: L2 txTputKbps: 93396, rxTputKbps: 94187, L3 txTputKbps: 0, rxTputKbps: 0, TxTrafficHigh: false, RxTrafficHigh: false, Throughput Sufficient: true
08-31 20:36:27.926  3042  3708 D WifiThroughputPredictor:  utilization (LLS) 80 isBluetoothConnected: false final utilization: 80
08-31 20:36:27.926  3042  3708 D WifiThroughputPredictor:  BW: 0 RSSI: -64 Nss: 2 Mode: 6 symDur: 13600 snrDb 16 bitPerTone: 5328 rate: 183 throughput: 125
08-31 20:36:27.926  3042  3708 D WifiThroughputPredictor:  utilization (LLS) 80 isBluetoothConnected: false final utilization: 80
08-31 20:36:27.926  3042  3708 D WifiThroughputPredictor:  BW: 0 RSSI: -64 Nss: 2 Mode: 6 symDur: 13600 snrDb 16 bitPerTone: 5328 rate: 183 throughput: 125
08-31 20:36:27.931  3042  3708 D WifiScoreCard: BSSID update SIGNAL_POLL ID: 1760920805 SSID: "Proximus-Home-990073", BSSID: 8c:9a:8f:a8:b2:54, MAC: 3c:38:24:7f:7e:4c, IP: /192.168.129.54, Security type: 4, Supplicant state: COMPLETED, Wi-Fi standard: 11ax, RSSI: -64, Link speed: 143Mbps, Tx Link speed: 143Mbps, Max Supported Tx Link speed: 286Mbps, Calculated Tx : 93Mbps, Rx Link speed: 137Mbps, Max Supported Rx Link speed: 286Mbps, Calculated Rx : 94Mbps, Frequency: 2437MHz, Net ID: 1, Metered hint: false, score: 100, isUsable: true, CarrierMerged: false, SubscriptionId: -1, IsPrimary: 1, Trusted: true, Restricted: false, Ephemeral: false, OEM paid: false, OEM private: false, OSU AP: false, FQDN: <none>, Provider friendly name: <none>, Requesting package name: <none>"Proximus-Home-990073"wpa3-saeMLO Information: , Is TID-To-Link negotiation supported by the AP: false, AP MLD Address: <none>, AP MLO Link Id: <none>, AP MLO Affiliated links: <none>, Vendor Data: <none>
08-31 20:36:27.931  3042  3708 D WifiScoreCard: txRate: 1 txSpeed: 143
08-31 20:36:27.931  3042  3708 D WifiScoreCard: network update SIGNAL_POLL "Proximus-Home-990073" ID: 446730065 RSSI -64 txSpeed -1
08-31 20:36:27.932  3042  3708 D WifiClientModeImpl[11663:wlan0]:  ClientModeImpl$L2ConnectedState screen=on 9 0 "Proximus-Home-990073" 8c:9a:8f:a8:b2:54 rssi=-64 f=2437 sc=100 link=143 tx=0.7, 0.0, 0.0 rx=0.9 bcn=21775 [on:61 tx:3 rx:40 period:3040] from screen [on:4582 period:97091] score=100
08-31 20:36:28.082  3042  3773 W libbinder.ServiceManagerCppClient: Waited one second for android.hardware.biometrics.face.virtualhal.IVirtualHal/virtual (is service started? Number of threads started in the threadpool: 32. Are binder threads started and available?)
08-31 20:36:28.086   992 21192 W libc    : Unable to set property "ctl.interface_start" to "aidl/android.hardware.biometrics.face.virtualhal.IVirtualHal/virtual": PROP_ERROR_HANDLE_CONTROL_MESSAGE (0x20)
08-31 20:36:28.085   992   992 I servicemanager: Caller(pid=3042,uid=1000,sid=u:r:system_server:s0) Since 'android.hardware.biometrics.face.virtualhal.IVirtualHal/virtual' could not be found trying to start it as a lazy AIDL service. (if it's not configured to be a lazy service, it may be stuck starting or still starting).
08-31 20:36:28.087 21192 21192 I servicemanager: Caller(pid=3042,uid=1000,sid=u:r:system_server:s0) Tried to start aidl service android.hardware.biometrics.face.virtualhal.IVirtualHal/virtual as a lazy service, but was unable to. Usually this happens when a service is not installed, but if the service is intended to be used as a lazy service, then it may be configured incorrectly.
08-31 20:36:28.191  2509  3717 I libsensor-boledalgo: dbv:1663,lux:27.6,cct:3446.1,hsv:-1.0,CWB R:103.0,G:136.3,B:108.8Event C:1075.2,R:680.2,G:340.9,B:191.1Cali C:0.0,R:0.0,G:0.0,B:0.0 
08-31 20:36:28.289  2509  3717 I libsensor-boledalgo: dbv:1663,lux:26.4,cct:3509.0,hsv:-1.0,CWB R:103.0,G:136.3,B:108.8Event C:1070.4,R:681.0,G:340.1,B:192.7Cali C:0.0,R:0.0,G:0.0,B:0.0 
08-31 20:36:28.343  2509  3717 I libsensor-boledalgo: dbv:1663,lux:27.7,cct:3465.9,hsv:-1.0,CWB R:103.0,G:136.3,B:108.8Event C:1073.2,R:677.8,G:339.0,B:191.9Cali C:0.0,R:0.0,G:0.0,B:0.0 
08-31 20:36:28.394  2509  3717 I libsensor-boledalgo: dbv:1663,lux:25.7,cct:3548.4,hsv:-1.0,CWB R:103.0,G:136.3,B:108.8Event C:1067.1,R:680.7,G:338.7,B:193.7Cali C:0.0,R:0.0,G:0.0,B:0.0 
08-31 20:36:28.443  2509  3717 I libsensor-boledalgo: dbv:1663,lux:26.8,cct:3488.2,hsv:-1.0,CWB R:103.0,G:136.3,B:108.8Event C:1071.7,R:680.2,G:340.1,B:192.1Cali C:0.0,R:0.0,G:0.0,B:0.0 
08-31 20:36:28.445  2509  3717 I libsensor-boledalgo: dbv:1663,lux:25.9,cct:3554.5,hsv:-1.0,CWB R:103.0,G:136.3,B:108.8Event C:1070.4,R:682.5,G:337.9,B:195.0Cali C:0.0,R:0.0,G:0.0,B:0.0 
08-31 20:36:28.462  8274  8641 E MCAM_BGServiceClient: initService: vendor.xiaomi.hardware.aidlbgservice.IBGService/default service daemon binder failed!
08-31 20:36:28.544  2509  3717 I libsensor-boledalgo: dbv:1663,lux:28.1,cct:3446.6,hsv:-1.0,CWB R:103.0,G:136.3,B:108.8Event C:1075.2,R:678.4,G:337.9,B:191.9Cali C:0.0,R:0.0,G:0.0,B:0.0 
08-31 20:36:28.590  2509  3717 I libsensor-boledalgo: dbv:1663,lux:27.5,cct:3502.3,hsv:-1.0,CWB R:103.0,G:136.3,B:108.8Event C:1071.7,R:676.8,G:338.1,B:193.2Cali C:0.0,R:0.0,G:0.0,B:0.0 
08-31 20:36:28.591  2509  3717 I libsensor-boledalgo: dbv:1663,lux:25.8,cct:3525.8,hsv:-1.0,CWB R:103.0,G:136.3,B:108.8Event C:1069.1,R:682.0,G:341.5,B:192.7Cali C:0.0,R:0.0,G:0.0,B:0.0 
08-31 20:36:28.642  2509  3717 I libsensor-boledalgo: dbv:1663,lux:27.8,cct:3460.4,hsv:-1.0,CWB R:103.0,G:136.3,B:108.8Event C:1073.5,R:678.1,G:337.3,B:192.1Cali C:0.0,R:0.0,G:0.0,B:0.0 
08-31 20:36:28.797 18421 18421 E [18:36:28:796-E][18421][mca_smart_charge]smart_charge_handle_bypass_chg: 901 for_bypass [0->0] fcc[0 0]
08-31 20:36:28.844  2509  3717 I libsensor-boledalgo: dbv:1663,lux:26.6,cct:3544.8,hsv:-1.0,CWB R:103.0,G:136.3,B:108.8Event C:1070.4,R:679.1,G:338.4,B:194.5Cali C:0.0,R:0.0,G:0.0,B:0.0 
08-31 20:36:28.943  2509  3717 I libsensor-boledalgo: dbv:1663,lux:27.2,cct:3475.2,hsv:-1.0,CWB R:103.0,G:136.3,B:108.8Event C:1073.2,R:680.2,G:339.5,B:192.1Cali C:0.0,R:0.0,G:0.0,B:0.0 
08-31 20:36:28.944  2509  3717 I libsensor-boledalgo: dbv:1663,lux:25.8,cct:3538.1,hsv:-1.0,CWB R:103.0,G:136.3,B:108.8Event C:1068.1,R:681.8,G:338.1,B:193.7Cali C:0.0,R:0.0,G:0.0,B:0.0 
08-31 20:36:28.990  2509  3717 I libsensor-boledalgo: dbv:1663,lux:27.0,cct:3464.9,hsv:-1.0,CWB R:103.0,G:136.3,B:108.8Event C:1071.4,R:680.5,G:338.1,B:191.6Cali C:0.0,R:0.0,G:0.0,B:0.0 
08-31 20:36:29.044  2509  3717 I libsensor-boledalgo: dbv:1663,lux:26.4,cct:3569.1,hsv:-1.0,CWB R:103.0,G:136.3,B:108.8Event C:1070.9,R:678.6,G:341.8,B:194.7Cali C:0.0,R:0.0,G:0.0,B:0.0 
08-31 20:36:29.086  3042  3773 W libbinder.ServiceManagerCppClient: Waited one second for android.hardware.biometrics.face.virtualhal.IVirtualHal/virtual (is service started? Number of threads started in the threadpool: 32. Are binder threads started and available?)
08-31 20:36:29.090   992 21193 W libc    : Unable to set property "ctl.interface_start" to "aidl/android.hardware.biometrics.face.virtualhal.IVirtualHal/virtual": PROP_ERROR_HANDLE_CONTROL_MESSAGE (0x20)
08-31 20:36:29.089   992   992 I servicemanager: Caller(pid=3042,uid=1000,sid=u:r:system_server:s0) Since 'android.hardware.biometrics.face.virtualhal.IVirtualHal/virtual' could not be found trying to start it as a lazy AIDL service. (if it's not configured to be a lazy service, it may be stuck starting or still starting).
08-31 20:36:29.091 21193 21193 I servicemanager: Caller(pid=3042,uid=1000,sid=u:r:system_server:s0) Tried to start aidl service android.hardware.biometrics.face.virtualhal.IVirtualHal/virtual as a lazy service, but was unable to. Usually this happens when a service is not installed, but if the service is intended to be used as a lazy service, then it may be configured incorrectly.
08-31 20:36:29.144  2509  3717 I libsensor-boledalgo: dbv:1663,lux:27.3,cct:3499.2,hsv:-1.0,CWB R:103.0,G:136.3,B:108.8Event C:1070.4,R:676.5,G:338.4,B:192.7Cali C:0.0,R:0.0,G:0.0,B:0.0 
08-31 20:36:29.194  2509  3717 I libsensor-boledalgo: dbv:1663,lux:26.0,cct:3533.7,hsv:-1.0,CWB R:103.0,G:136.3,B:108.8Event C:1065.6,R:678.6,G:339.0,B:192.7Cali C:0.0,R:0.0,G:0.0,B:0.0 
08-31 20:36:29.243  2509  3717 I libsensor-boledalgo: dbv:1663,lux:27.0,cct:3428.7,hsv:-1.0,CWB R:103.0,G:136.3,B:108.8Event C:1068.1,R:679.1,G:338.1,B:189.3Cali C:0.0,R:0.0,G:0.0,B:0.0 
08-31 20:36:29.244  2509  3717 I libsensor-boledalgo: dbv:1663,lux:28.0,cct:3480.1,hsv:-1.0,CWB R:103.0,G:136.3,B:108.8Event C:1069.4,R:673.1,G:337.3,B:191.9Cali C:0.0,R:0.0,G:0.0,B:0.0 
08-31 20:36:29.291  2509  3717 I libsensor-boledalgo: dbv:1663,lux:25.7,cct:3496.0,hsv:-1.0,CWB R:103.0,G:136.3,B:108.8Event C:1063.1,R:679.9,G:335.7,B:191.4Cali C:0.0,R:0.0,G:0.0,B:0.0 
08-31 20:36:29.295     1     1 I init    : starting service 'vendor.msm_irqbalance'...
08-31 20:36:29.303     1     1 I libprocessgroup: Created cgroup /sys/fs/cgroup/system/uid_0/pid_21194
08-31 20:36:29.310     1     1 I init    : ... started service 'vendor.msm_irqbalance' has pid 21194
08-31 20:36:29.324 21194 21194 E MSM-irqbalance: Unable to open /system/vendor/etc/msm_irqbalance.conf
08-31 20:36:29.324 21194 21194 E MSM-irqbalance: Error parsing configuration file /system/vendor/etc/msm_irqbalance.conf
08-31 20:36:29.326     1     1 I init    : Service 'vendor.msm_irqbalance' (pid 21194) exited with status 2
08-31 20:36:29.326     1     1 I init    : Sending SIGKILL to service 'vendor.msm_irqbalance' (pid 21194) process group...
08-31 20:36:29.326     1     1 I process_monitor-sig_record: signal_record_hook_handle:268 hook cat sig = 9
08-31 20:36:29.326     1     1 I process_monitor-sig_record: signal_record_hook_handle:281 from init 1:1:0 to msm_irqbalance 21194:1:0
08-31 20:36:29.326     1     1 I libprocessgroup: Removed cgroup /sys/fs/cgroup/system/uid_0/pid_21194
08-31 20:36:29.326     1     1 E init    : process with updatable components 'vendor.msm_irqbalance' exited 4 times in 4 minutes
08-31 20:36:29.327     1     1 I init    : processing action (sys.init.updatable_crashing=1) from (/system/etc/init/flags_health_check.rc:10)
08-31 20:36:29.327     1     1 I init    : starting service 'exec 1347 (/system/bin/flags_health_check UPDATABLE_CRASHING)'...
08-31 20:36:29.329     1     1 I libprocessgroup: Created cgroup /sys/fs/cgroup/system/uid_1000/pid_21195
08-31 20:36:29.335 21195 21195 I flags_health_check: ServerConfigurableFlagsReset reset_mode value: 1
08-31 20:36:29.335 21195 21195 I flags_health_check: ServerConfigurableFlagsReset updatable crashing detected, resetting flags.
08-31 20:36:29.328 21195 21195 I flags_health_ch: type=1400 audit(0.0:1046272): avc:  denied  { open } for  path="/dev/__properties__/u:object_r:aac_drc_prop:s0" dev="tmpfs" ino=91 scontext=u:r:flags_health_check:s0 tcontext=u:object_r:aac_drc_prop:s0 tclass=file permissive=1
08-31 20:36:29.328 21195 21195 I flags_health_ch: type=1400 audit(0.0:1046273): avc:  denied  { getattr } for  path="/dev/__properties__/u:object_r:aac_drc_prop:s0" dev="tmpfs" ino=91 scontext=u:r:flags_health_check:s0 tcontext=u:object_r:aac_drc_prop:s0 tclass=file permissive=1
08-31 20:36:29.328 21195 21195 I flags_health_ch: type=1400 audit(0.0:1046274): avc:  denied  { map } for  path="/dev/__properties__/u:object_r:aac_drc_prop:s0" dev="tmpfs" ino=91 scontext=u:r:flags_health_check:s0 tcontext=u:object_r:aac_drc_prop:s0 tclass=file permissive=1
08-31 20:36:29.328 21195 21195 I flags_health_ch: type=1400 audit(0.0:1046275): avc:  denied  { open } for  path="/dev/__properties__/u:object_r:adaptive_haptics_prop:s0" dev="tmpfs" ino=94 scontext=u:r:flags_health_check:s0 tcontext=u:object_r:adaptive_haptics_prop:s0 tclass=file permissive=1
08-31 20:36:29.328 21195 21195 I flags_health_ch: type=1400 audit(0.0:1046276): avc:  denied  { getattr } for  path="/dev/__properties__/u:object_r:adaptive_haptics_prop:s0" dev="tmpfs" ino=94 scontext=u:r:flags_health_check:s0 tcontext=u:object_r:adaptive_haptics_prop:s0 tclass=file permissive=1
08-31 20:36:29.336 21195 21195 W audit   : audit_lost=1039977 audit_rate_limit=5 audit_backlog_limit=64
08-31 20:36:29.336 21195 21195 E audit   : rate limit exceeded
08-31 20:36:29.338  2509  3717 I libsensor-boledalgo: dbv:1663,lux:27.3,cct:3499.5,hsv:-1.0,CWB R:103.0,G:136.3,B:108.8Event C:1067.1,R:673.6,G:338.1,B:191.9Cali C:0.0,R:0.0,G:0.0,B:0.0 
08-31 20:36:29.345     1     1 I process_monitor-sig_record: signal_record_hook_handle:268 hook cat sig = 9
08-31 20:36:29.345     1     1 I process_monitor-sig_record: signal_record_hook_handle:281 from init 1:1:0 to flags_health_ch 21195:1:1000
08-31 20:36:29.443  2509  3717 I libsensor-boledalgo: dbv:1663,lux:27.2,cct:3439.6,hsv:-1.0,CWB R:103.0,G:136.3,B:108.8Event C:1067.4,R:676.8,G:337.0,B:189.8Cali C:0.0,R:0.0,G:0.0,B:0.0 
08-31 20:36:29.543  2509  3717 I libsensor-boledalgo: dbv:1663,lux:26.7,cct:3533.0,hsv:-1.0,CWB R:103.0,G:136.3,B:108.8Event C:1068.4,R:676.0,G:341.8,B:192.7Cali C:0.0,R:0.0,G:0.0,B:0.0 
08-31 20:36:29.594  2509  3717 I libsensor-boledalgo: dbv:1663,lux:26.9,cct:3465.9,hsv:-1.0,CWB R:103.0,G:136.3,B:108.8Event C:1066.1,R:677.3,G:335.9,B:190.9Cali C:0.0,R:0.0,G:0.0,B:0.0 
08-31 20:36:29.645  2509  3717 I libsensor-boledalgo: dbv:1663,lux:26.8,cct:3520.6,hsv:-1.0,CWB R:103.0,G:136.3,B:108.8Event C:1067.6,R:676.3,G:339.0,B:192.7Cali C:0.0,R:0.0,G:0.0,B:0.0 
08-31 20:36:29.691  2509  3717 I libsensor-boledalgo: dbv:1663,lux:26.2,cct:3461.2,hsv:-1.0,CWB R:103.0,G:136.3,B:108.8Event C:1061.3,R:676.5,G:336.5,B:189.3Cali C:0.0,R:0.0,G:0.0,B:0.0 
08-31 20:36:29.745  2509  3717 I libsensor-boledalgo: dbv:1663,lux:26.4,cct:3525.6,hsv:-1.0,CWB R:103.0,G:136.3,B:108.8Event C:1063.3,R:674.7,G:338.4,B:191.9Cali C:0.0,R:0.0,G:0.0,B:0.0 
08-31 20:36:29.819  6657  7785 I fczk    : (REDACTED) HDM. appOpsListener %s %s
08-31 20:36:29.821  6657  7785 I fczk    : (REDACTED) HDM. Ignoring irrelevant audio permission changes for package %s
08-31 20:36:29.825  3042  3722 D InetDiagMessage: Destroyed 0 sockets, proto=IPPROTO_TCP, family=AF_INET, states=14
08-31 20:36:29.829  3042  3722 D InetDiagMessage: Destroyed 1 sockets, proto=IPPROTO_TCP, family=AF_INET6, states=14
08-31 20:36:29.829  3042  3722 D InetDiagMessage: Destroyed live tcp sockets for uids={10240} in 6ms
08-31 20:36:29.831  3042  3722 D InetDiagMessage: Destroyed 0 sockets, proto=IPPROTO_TCP, family=AF_INET, states=14
08-31 20:36:29.834  3042  3722 D InetDiagMessage: Destroyed 0 sockets, proto=IPPROTO_TCP, family=AF_INET6, states=14
08-31 20:36:29.834  3042  3722 D InetDiagMessage: Destroyed live tcp sockets for uids={20240} in 5ms
08-31 20:36:29.835 14155 14155 I [kworke][0xac61f44d3][18:36:29.834794] peach_v2: [14155:I:PMO] pmo_core_psoc_send_host_wakeup_ind_to_fw: Host wakeup indication sent to fw
08-31 20:36:29.840  2509  3717 I libsensor-boledalgo: dbv:1663,lux:27.9,cct:3463.0,hsv:-1.0,CWB R:103.0,G:136.3,B:108.8Event C:1071.4,R:675.2,G:338.7,B:191.4Cali C:0.0,R:0.0,G:0.0,B:0.0 
08-31 20:36:29.994  2509  3717 I libsensor-boledalgo: dbv:1663,lux:26.1,cct:3505.3,hsv:-1.0,CWB R:103.0,G:136.3,B:108.8Event C:1064.8,R:678.6,G:337.9,B:191.6Cali C:0.0,R:0.0,G:0.0,B:0.0 
08-31 20:36:30.090  2509  3717 I libsensor-boledalgo: dbv:1663,lux:27.4,cct:3455.4,hsv:-1.0,CWB R:103.0,G:136.3,B:108.8Event C:1066.1,R:674.4,G:336.2,B:190.3Cali C:0.0,R:0.0,G:0.0,B:0.0 
08-31 20:36:30.090  3042  3773 W libbinder.ServiceManagerCppClient: Waited one second for android.hardware.biometrics.face.virtualhal.IVirtualHal/virtual (is service started? Number of threads started in the threadpool: 32. Are binder threads started and available?)
08-31 20:36:30.094   992 21196 W libc    : Unable to set property "ctl.interface_start" to "aidl/android.hardware.biometrics.face.virtualhal.IVirtualHal/virtual": PROP_ERROR_HANDLE_CONTROL_MESSAGE (0x20)
08-31 20:36:30.093   992   992 I servicemanager: Caller(pid=3042,uid=1000,sid=u:r:system_server:s0) Since 'android.hardware.biometrics.face.virtualhal.IVirtualHal/virtual' could not be found trying to start it as a lazy AIDL service. (if it's not configured to be a lazy service, it may be stuck starting or still starting).
08-31 20:36:30.095 21196 21196 I servicemanager: Caller(pid=3042,uid=1000,sid=u:r:system_server:s0) Tried to start aidl service android.hardware.biometrics.face.virtualhal.IVirtualHal/virtual as a lazy service, but was unable to. Usually this happens when a service is not installed, but if the service is intended to be used as a lazy service, then it may be configured incorrectly.
08-31 20:36:30.289  2509  3717 I libsensor-boledalgo: dbv:1663,lux:26.3,cct:3511.7,hsv:-1.0,CWB R:103.0,G:136.3,B:108.8Event C:1065.3,R:677.8,G:337.3,B:192.1Cali C:0.0,R:0.0,G:0.0,B:0.0 
08-31 20:36:30.344  2509  3717 I libsensor-boledalgo: dbv:1663,lux:27.4,cct:3450.0,hsv:-1.0,CWB R:103.0,G:136.3,B:108.8Event C:1065.8,R:674.2,G:338.1,B:189.6Cali C:0.0,R:0.0,G:0.0,B:0.0 
08-31 20:36:30.442  2509  3717 I libsensor-boledalgo: dbv:1663,lux:26.3,cct:3501.9,hsv:-1.0,CWB R:103.0,G:136.3,B:108.8Event C:1064.8,R:677.6,G:337.3,B:191.6Cali C:0.0,R:0.0,G:0.0,B:0.0 
08-31 20:36:30.478 14155 14155 I [kworke][0xac6db680a][18:36:30.476970] peach_v2: [14155:I:PMO] pmo_core_enable_wow_in_fw: drv wow is enabled
08-31 20:36:30.545  2509  3717 I libsensor-boledalgo: dbv:1663,lux:27.7,cct:3468.8,hsv:-1.0,CWB R:103.0,G:136.3,B:108.8Event C:1070.7,R:676.0,G:337.9,B:191.6Cali C:0.0,R:0.0,G:0.0,B:0.0 
08-31 20:36:30.690  2509  3717 I libsensor-boledalgo: dbv:1663,lux:26.7,cct:3525.7,hsv:-1.0,CWB R:103.0,G:136.3,B:108.8Event C:1067.4,R:676.0,G:339.5,B:192.7Cali C:0.0,R:0.0,G:0.0,B:0.0 
08-31 20:36:30.789  2509  3717 I libsensor-boledalgo: dbv:1663,lux:27.5,cct:3474.4,hsv:-1.0,CWB R:103.0,G:136.3,B:108.8Event C:1067.1,R:673.4,G:339.3,B:190.6Cali C:0.0,R:0.0,G:0.0,B:0.0 
08-31 20:36:30.852  3042  3708 D WifiNetworkSelector: Current connected network: 1
08-31 20:36:30.852  3042  3708 V WifiConnectivityManager: No partial scan because firmware roaming is supported.
08-31 20:36:30.852  3042  3708 V WifiConnectivityManager: schedulePeriodicScanTimer intervalMs 20000
08-31 20:36:30.854  2216  2216 I         : receive blocking event type=6 event=62
08-31 20:36:30.915     1     1 I process_monitor-sig_record: signal_record_hook_handle:268 hook cat sig = 9
08-31 20:36:30.915     1     1 I process_monitor-sig_record: signal_record_hook_handle:281 from init 1:1:0 to cnss-daemon 21197:1:1000
08-31 20:36:30.915 21198 21198 D tcmd    : tcmd starting up
08-31 20:36:30.915 21198 21198 W tcmd    : libminijail[21198]: failed to get path of fd 4: No such file or directory
08-31 20:36:30.915 21198 21198 W tcmd    : libminijail[21198]: allowing syscall: connect
08-31 20:36:30.915 21198 21198 W tcmd    : libminijail[21198]: allowing syscall: fcntl
08-31 20:36:30.915 21198 21198 W tcmd    : libminijail[21198]: allowing syscall: sendto
08-31 20:36:30.915 21198 21198 W tcmd    : libminijail[21198]: allowing syscall: socket
08-31 20:36:30.915 21198 21198 W tcmd    : libminijail[21198]: allowing syscall: writev
08-31 20:36:30.916 21198 21198 W tcmd    : libminijail[21198]: logging seccomp filter failures
08-31 20:36:30.918 21198 21198 D tcmd    : DpmCom::addComEventHandler fd 5, ComEventCallback 0x55e9952b50, void* 0x0, ComCloseCallback 0x0, events 17
08-31 20:36:30.918 21198 21198 D tcmd    : DpmCom is ready. epollFd:4
08-31 20:36:30.918 21198 21198 D tcmd    : address of comEvent 0x7fe4025410
08-31 20:36:30.918 21198 21198 E tcmd    : libminijail[21198]: blocked syscall: lseek
08-31 20:36:30.912 21198 21198 I tcmd    : type=1400 audit(0.0:1047281): avc:  denied  { write } for  name="tombstoned_crash" dev="tmpfs" ino=2268 scontext=u:r:vendor_tcmd:s0 tcontext=u:object_r:tombstoned_crash_socket:s0 tclass=sock_file permissive=1
08-31 20:36:30.912 21198 21198 I tcmd    : type=1400 audit(0.0:1047282): avc:  denied  { connectto } for  path="/dev/socket/tombstoned_crash" scontext=u:r:vendor_tcmd:s0 tcontext=u:r:tombstoned:s0 tclass=unix_stream_socket permissive=1
08-31 20:36:30.918  1345  1345 I tombstoned: received crash request for pid 21198
08-31 20:36:30.919  1345  1345 W tombstoned: failed to read from crash socket: Connection reset by peer
08-31 20:36:30.920     1     1 I process_monitor-sig_record: signal_record_hook_handle:268 hook cat sig = 9
08-31 20:36:30.920     1     1 I process_monitor-sig_record: signal_record_hook_handle:281 from init 1:1:0 to tcmd 21198:1:1000
08-31 20:36:30.956  3042  3708 D WifiClientModeImpl[11663:wlan0]: updateLinkLayerStatsRssiSpeedFrequencyCapabilities rssi=-63 TxLinkspeed=143 freq=2437 RxLinkSpeed=129
08-31 20:36:30.956  3042  3708 D WifiDataStall: tx tput in kbps: 93396
08-31 20:36:30.956  3042  3708 D WifiDataStall: rx tput in kbps: 94187
08-31 20:36:30.956  3042  3708 V WifiConfigManager: Updating scan detail cache freq=2437 BSSID=8c:9a:8f:a8:b2:54 RSSI=-63 for "Proximus-Home-990073"SAE
08-31 20:36:30.956  3042  3708 D WifiDataStall:  ccaLevel = 80
08-31 20:36:30.957  3042  3708 D WifiDataStall: L2 txTputKbps: 93396, rxTputKbps: 94187, L3 txTputKbps: 0, rxTputKbps: 0, TxTrafficHigh: false, RxTrafficHigh: false, Throughput Sufficient: true
08-31 20:36:30.957  3042  3708 D WifiThroughputPredictor:  utilization (LLS) 80 isBluetoothConnected: false final utilization: 80
08-31 20:36:30.957  3042  3708 D WifiThroughputPredictor:  BW: 0 RSSI: -63 Nss: 2 Mode: 6 symDur: 13600 snrDb 17 bitPerTone: 5661 rate: 194 throughput: 133
08-31 20:36:30.957  3042  3708 D WifiThroughputPredictor:  utilization (LLS) 80 isBluetoothConnected: false final utilization: 80
08-31 20:36:30.957  3042  3708 D WifiThroughputPredictor:  BW: 0 RSSI: -63 Nss: 2 Mode: 6 symDur: 13600 snrDb 17 bitPerTone: 5661 rate: 194 throughput: 133
08-31 20:36:30.963  3042  3708 D WifiScoreCard: BSSID update SIGNAL_POLL ID: 1760920805 SSID: "Proximus-Home-990073", BSSID: 8c:9a:8f:a8:b2:54, MAC: 3c:38:24:7f:7e:4c, IP: /192.168.129.54, Security type: 4, Supplicant state: COMPLETED, Wi-Fi standard: 11ax, RSSI: -63, Link speed: 143Mbps, Tx Link speed: 143Mbps, Max Supported Tx Link speed: 286Mbps, Calculated Tx : 93Mbps, Rx Link speed: 137Mbps, Max Supported Rx Link speed: 286Mbps, Calculated Rx : 94Mbps, Frequency: 2437MHz, Net ID: 1, Metered hint: false, score: 100, isUsable: true, CarrierMerged: false, SubscriptionId: -1, IsPrimary: 1, Trusted: true, Restricted: false, Ephemeral: false, OEM paid: false, OEM private: false, OSU AP: false, FQDN: <none>, Provider friendly name: <none>, Requesting package name: <none>"Proximus-Home-990073"wpa3-saeMLO Information: , Is TID-To-Link negotiation supported by the AP: false, AP MLD Address: <none>, AP MLO Link Id: <none>, AP MLO Affiliated links: <none>, Vendor Data: <none>
08-31 20:36:30.963  3042  3708 D WifiScoreCard: txRate: 1 txSpeed: 143
08-31 20:36:30.963  3042  3708 D WifiScoreCard: network update SIGNAL_POLL "Proximus-Home-990073" ID: 446730065 RSSI -63 txSpeed -1
08-31 20:36:30.963  3042  3708 D WifiClientModeImpl[11663:wlan0]:  ClientModeImpl$L2ConnectedState screen=on 9 0 "Proximus-Home-990073" 8c:9a:8f:a8:b2:54 rssi=-63 f=2437 sc=100 link=143 tx=0.4, 0.0, 0.0 rx=0.3 bcn=21798 [on:56 tx:1 rx:23 period:3031] from screen [on:4638 period:100122] score=100
08-31 20:36:31.040  2509  3717 I libsensor-boledalgo: dbv:1663,lux:26.2,cct:3543.4,hsv:-1.0,CWB R:103.0,G:136.3,B:108.8Event C:1061.8,R:674.2,G:336.5,B:192.7Cali C:0.0,R:0.0,G:0.0,B:0.0 
08-31 20:36:31.089  2509  3717 I libsensor-boledalgo: dbv:1663,lux:27.2,cct:3482.7,hsv:-1.0,CWB R:103.0,G:136.3,B:108.8Event C:1066.3,R:675.0,G:336.8,B:191.4Cali C:0.0,R:0.0,G:0.0,B:0.0 
08-31 20:36:31.093  3042  3773 W libbinder.ServiceManagerCppClient: Waited one second for android.hardware.biometrics.face.virtualhal.IVirtualHal/virtual (is service started? Number of threads started in the threadpool: 32. Are binder threads started and available?)
08-31 20:36:31.096   992   992 I servicemanager: Caller(pid=3042,uid=1000,sid=u:r:system_server:s0) Since 'android.hardware.biometrics.face.virtualhal.IVirtualHal/virtual' could not be found trying to start it as a lazy AIDL service. (if it's not configured to be a lazy service, it may be stuck starting or still starting).
08-31 20:36:31.097   992 21199 W libc    : Unable to set property "ctl.interface_start" to "aidl/android.hardware.biometrics.face.virtualhal.IVirtualHal/virtual": PROP_ERROR_HANDLE_CONTROL_MESSAGE (0x20)
08-31 20:36:31.098 21199 21199 I servicemanager: Caller(pid=3042,uid=1000,sid=u:r:system_server:s0) Tried to start aidl service android.hardware.biometrics.face.virtualhal.IVirtualHal/virtual as a lazy service, but was unable to. Usually this happens when a service is not installed, but if the service is intended to be used as a lazy service, then it may be configured incorrectly.
08-31 20:36:31.189  2509  3717 I libsensor-boledalgo: dbv:1663,lux:28.5,cct:3428.6,hsv:-1.0,CWB R:103.0,G:136.3,B:108.8Event C:1071.9,R:673.9,G:337.6,B:190.3Cali C:0.0,R:0.0,G:0.0,B:0.0 
08-31 20:36:31.190  2509  3717 I libsensor-boledalgo: dbv:1663,lux:26.7,cct:3455.1,hsv:-1.0,CWB R:103.0,G:136.3,B:108.8Event C:1067.1,R:677.8,G:340.4,B:189.6Cali C:0.0,R:0.0,G:0.0,B:0.0 
08-31 20:36:31.290  2509  3717 I libsensor-boledalgo: dbv:1663,lux:26.3,cct:3507.0,hsv:-1.0,CWB R:103.0,G:136.3,B:108.8Event C:1065.6,R:677.8,G:337.9,B:191.9Cali C:0.0,R:0.0,G:0.0,B:0.0 
08-31 20:36:31.360 13957 13957 I [xiaomi_power] pm_get_batt_current_now: battery current: 0mA
08-31 20:36:31.441  2509  3717 I libsensor-boledalgo: dbv:1663,lux:27.4,cct:3453.7,hsv:-1.0,CWB R:103.0,G:136.3,B:108.8Event C:1065.1,R:673.9,G:335.9,B:190.1Cali C:0.0,R:0.0,G:0.0,B:0.0 
08-31 20:36:31.543  2509  3717 I libsensor-boledalgo: dbv:1663,lux:25.9,cct:3594.7,hsv:-1.0,CWB R:103.0,G:136.3,B:108.8Event C:1064.8,R:675.7,G:340.4,B:194.5Cali C:0.0,R:0.0,G:0.0,B:0.0 
08-31 20:36:31.545  2509  3717 I libsensor-boledalgo: dbv:1663,lux:26.6,cct:3523.9,hsv:-1.0,CWB R:103.0,G:136.3,B:108.8Event C:1067.1,R:676.5,G:339.0,B:192.7Cali C:0.0,R:0.0,G:0.0,B:0.0 
08-31 20:36:31.644  2509  3717 I libsensor-boledalgo: dbv:1663,lux:27.5,cct:3464.0,hsv:-1.0,CWB R:103.0,G:136.3,B:108.8Event C:1067.1,R:674.4,G:337.6,B:190.6Cali C:0.0,R:0.0,G:0.0,B:0.0 
08-31 20:36:31.651  3042  3113 W libbinder.IPCThreadState: Sending oneway calls to frozen process.
08-31 20:36:31.651  3042  3113 W libbinder.IPCThreadState: Sending oneway calls to frozen process.
08-31 20:36:31.651  3042  3113 W libbinder.IPCThreadState: Sending oneway calls to frozen process.
08-31 20:36:31.651  3042  3113 W libbinder.IPCThreadState: Sending oneway calls to frozen process.
08-31 20:36:31.651  3042  3113 W libbinder.IPCThreadState: Sending oneway calls to frozen process.
08-31 20:36:31.651  3042  3113 W libbinder.IPCThreadState: Sending oneway calls to frozen process.
08-31 20:36:31.652  3042  3113 W libbinder.IPCThreadState: Sending oneway calls to frozen process.
08-31 20:36:31.652  3042  3113 W libbinder.IPCThreadState: Sending oneway calls to frozen process.
08-31 20:36:31.731  3042  3532 D ActivityManager: freezing 5716 com.google.android.gms
08-31 20:36:31.995  2509  3717 I libsensor-boledalgo: dbv:1663,lux:25.8,cct:3513.4,hsv:-1.0,CWB R:103.0,G:136.3,B:108.8Event C:1060.5,R:676.5,G:336.8,B:191.1Cali C:0.0,R:0.0,G:0.0,B:0.0 
08-31 20:36:32.044  2509  3717 I libsensor-boledalgo: dbv:1663,lux:27.9,cct:3433.6,hsv:-1.0,CWB R:103.0,G:136.3,B:108.8Event C:1067.4,R:673.6,G:335.9,B:189.8Cali C:0.0,R:0.0,G:0.0,B:0.0 
08-31 20:36:32.045  2509  3717 I libsensor-boledalgo: dbv:1663,lux:27.0,cct:3512.1,hsv:-1.0,CWB R:103.0,G:136.3,B:108.8Event C:1065.3,R:673.9,G:337.3,B:192.1Cali C:0.0,R:0.0,G:0.0,B:0.0 
08-31 20:36:32.096  3042  3773 W libbinder.ServiceManagerCppClient: Waited one second for android.hardware.biometrics.face.virtualhal.IVirtualHal/virtual (is service started? Number of threads started in the threadpool: 32. Are binder threads started and available?)
08-31 20:36:32.099   992   992 I servicemanager: Caller(pid=3042,uid=1000,sid=u:r:system_server:s0) Since 'android.hardware.biometrics.face.virtualhal.IVirtualHal/virtual' could not be found trying to start it as a lazy AIDL service. (if it's not configured to be a lazy service, it may be stuck starting or still starting).
08-31 20:36:32.100   992 21200 W libc    : Unable to set property "ctl.interface_start" to "aidl/android.hardware.biometrics.face.virtualhal.IVirtualHal/virtual": PROP_ERROR_HANDLE_CONTROL_MESSAGE (0x20)
08-31 20:36:32.101 21200 21200 I servicemanager: Caller(pid=3042,uid=1000,sid=u:r:system_server:s0) Tried to start aidl service android.hardware.biometrics.face.virtualhal.IVirtualHal/virtual as a lazy service, but was unable to. Usually this happens when a service is not installed, but if the service is intended to be used as a lazy service, then it may be configured incorrectly.
08-31 20:36:32.193  2509  3717 I libsensor-boledalgo: dbv:1663,lux:27.3,cct:3451.8,hsv:-1.0,CWB R:103.0,G:136.3,B:108.8Event C:1066.1,R:675.5,G:335.7,B:190.3Cali C:0.0,R:0.0,G:0.0,B:0.0 
08-31 20:36:32.240  2509  3717 I libsensor-boledalgo: dbv:1663,lux:26.8,cct:3539.4,hsv:-1.0,CWB R:103.0,G:136.3,B:108.8Event C:1066.1,R:673.9,G:340.4,B:192.7Cali C:0.0,R:0.0,G:0.0,B:0.0 
08-31 20:36:32.290  2509  3717 I libsensor-boledalgo: dbv:1663,lux:27.6,cct:3460.0,hsv:-1.0,CWB R:103.0,G:136.3,B:108.8Event C:1068.1,R:675.2,G:335.9,B:191.1Cali C:0.0,R:0.0,G:0.0,B:0.0 
08-31 20:36:32.290  2509  3717 I libsensor-boledalgo: dbv:1663,lux:25.7,cct:3503.7,hsv:-1.0,CWB R:103.0,G:136.3,B:108.8Event C:1064.8,R:680.7,G:338.7,B:191.4Cali C:0.0,R:0.0,G:0.0,B:0.0 
08-31 20:36:32.342  2509  3717 I libsensor-boledalgo: dbv:1663,lux:27.6,cct:3462.2,hsv:-1.0,CWB R:103.0,G:136.3,B:108.8Event C:1070.4,R:676.5,G:337.6,B:191.4Cali C:0.0,R:0.0,G:0.0,B:0.0 
08-31 20:36:32.543  2509  3717 I libsensor-boledalgo: dbv:1663,lux:26.1,cct:3480.3,hsv:-1.0,CWB R:103.0,G:136.3,B:108.8Event C:1065.8,R:680.5,G:337.0,B:191.1Cali C:0.0,R:0.0,G:0.0,B:0.0 
08-31 20:36:32.596  2509  3717 I libsensor-boledalgo: dbv:1663,lux:27.8,cct:3455.0,hsv:-1.0,CWB R:103.0,G:136.3,B:108.8Event C:1070.4,R:675.2,G:338.4,B:190.9Cali C:0.0,R:0.0,G:0.0,B:0.0 
08-31 20:36:32.646  2509  3717 I libsensor-boledalgo: dbv:1663,lux:26.0,cct:3498.8,hsv:-1.0,CWB R:103.0,G:136.3,B:108.8Event C:1066.6,R:680.7,G:338.7,B:191.6Cali C:0.0,R:0.0,G:0.0,B:0.0 
08-31 20:36:32.822  1678  1678 W healthd : battery l=100 v=4366 t=27.3 h=2 st=5 c=0 fc=5144000 cc=89 chg=a
08-31 20:36:32.840  2509  3717 I libsensor-boledalgo: dbv:1663,lux:27.7,cct:3481.7,hsv:-1.0,CWB R:103.0,G:136.3,B:108.8Event C:1075.0,R:678.9,G:339.3,B:192.9Cali C:0.0,R:0.0,G:0.0,B:0.0 
08-31 20:36:32.840  2509  3717 I libsensor-boledalgo: dbv:1663,lux:26.0,cct:3507.5,hsv:-1.0,CWB R:103.0,G:136.3,B:108.8Event C:1065.1,R:678.6,G:339.5,B:191.4Cali C:0.0,R:0.0,G:0.0,B:0.0 
08-31 20:36:32.890  2509  3717 I libsensor-boledalgo: dbv:1663,lux:26.9,cct:3454.7,hsv:-1.0,CWB R:103.0,G:136.3,B:108.8Event C:1067.1,R:678.4,G:336.2,B:190.6Cali C:0.0,R:0.0,G:0.0,B:0.0 
08-31 20:36:33.044  2509  3717 I libsensor-boledalgo: dbv:1663,lux:27.0,cct:3509.0,hsv:-1.0,CWB R:103.0,G:136.3,B:108.8Event C:1070.4,R:678.1,G:339.0,B:192.9Cali C:0.0,R:0.0,G:0.0,B:0.0 
08-31 20:36:33.090  2509  3717 I libsensor-boledalgo: dbv:1663,lux:26.9,cct:3458.7,hsv:-1.0,CWB R:103.0,G:136.3,B:108.8Event C:1070.7,R:680.5,G:338.4,B:191.1Cali C:0.0,R:0.0,G:0.0,B:0.0 
08-31 20:36:33.091  2509  3717 I libsensor-boledalgo: dbv:1663,lux:26.6,cct:3517.4,hsv:-1.0,CWB R:103.0,G:136.3,B:108.8Event C:1071.4,R:680.2,G:340.4,B:193.2Cali C:0.0,R:0.0,G:0.0,B:0.0 
08-31 20:36:33.099  3042  3773 W libbinder.ServiceManagerCppClient: Waited one second for android.hardware.biometrics.face.virtualhal.IVirtualHal/virtual (is service started? Number of threads started in the threadpool: 32. Are binder threads started and available?)
08-31 20:36:33.104   992   992 I servicemanager: Caller(pid=3042,uid=1000,sid=u:r:system_server:s0) Since 'android.hardware.biometrics.face.virtualhal.IVirtualHal/virtual' could not be found trying to start it as a lazy AIDL service. (if it's not configured to be a lazy service, it may be stuck starting or still starting).
08-31 20:36:33.105   992 21201 W libc    : Unable to set property "ctl.interface_start" to "aidl/android.hardware.biometrics.face.virtualhal.IVirtualHal/virtual": PROP_ERROR_HANDLE_CONTROL_MESSAGE (0x20)
08-31 20:36:33.106 21201 21201 I servicemanager: Caller(pid=3042,uid=1000,sid=u:r:system_server:s0) Tried to start aidl service android.hardware.biometrics.face.virtualhal.IVirtualHal/virtual as a lazy service, but was unable to. Usually this happens when a service is not installed, but if the service is intended to be used as a lazy service, then it may be configured incorrectly.
08-31 20:36:33.191  2509  3717 I libsensor-boledalgo: dbv:1663,lux:26.7,cct:3466.4,hsv:-1.0,CWB R:103.0,G:136.3,B:108.8Event C:1067.6,R:678.9,G:337.6,B:190.9Cali C:0.0,R:0.0,G:0.0,B:0.0 
08-31 20:36:33.418 18351 18351 E [18:36:33:417-E][18351][mca_battery_shutdown]mca_battery_shutdown_update_vcutoff_para: 415 temp_para_size:5, temp: 27, high: -6, low: -65535
08-31 20:36:33.418 18351 18351 E [18:36:33:417-E][18351][mca_battery_shutdown]mca_battery_shutdown_update_vcutoff_para: 415 temp_para_size:5, temp: 27, high: 0, low: -6
08-31 20:36:33.418 18351 18351 E [18:36:33:417-E][18351][mca_battery_shutdown]mca_battery_shutdown_update_vcutoff_para: 415 temp_para_size:5, temp: 27, high: 10, low: 0
08-31 20:36:33.418 18351 18351 E [18:36:33:417-E][18351][mca_battery_shutdown]mca_battery_shutdown_update_vcutoff_para: 415 temp_para_size:5, temp: 27, high: 60, low: 10
08-31 20:36:33.453 18351 18351 E [18:36:33:452-E][18351][mca_strategy_fg]fg_update_status: 2393 UISOC:100 CURRENT:0 RSOC:100 VOLTAGE:4366 TEMP:273 PVBAT:4367 PIBAT:0 PTBAT:27 HEALTH:1
08-31 20:36:33.453 18351 18351 E [18:36:33:452-E][18351][mca_strategy_fg]charge_slowly_monitor_func: 3905 realtype:10, soc:100, rm:0
08-31 20:36:33.453 18351 18351 E [18:36:33:452-E][18351][mca_strategy_fg]charge_slowly_monitor_func: 3906 time:0, timeplugin:2397 plugin:6
08-31 20:36:33.543  2509  3717 I libsensor-boledalgo: dbv:1663,lux:27.1,cct:3516.7,hsv:-1.0,CWB R:103.0,G:136.3,B:108.8Event C:1067.4,R:673.9,G:341.2,B:191.9Cali C:0.0,R:0.0,G:0.0,B:0.0 
08-31 20:36:33.594  2509  3717 I libsensor-boledalgo: dbv:1663,lux:27.1,cct:3455.5,hsv:-1.0,CWB R:103.0,G:136.3,B:108.8Event C:1069.6,R:678.9,G:337.9,B:190.9Cali C:0.0,R:0.0,G:0.0,B:0.0 
08-31 20:36:33.645  2509  3717 I libsensor-boledalgo: dbv:1663,lux:25.8,cct:3511.5,hsv:-1.0,CWB R:103.0,G:136.3,B:108.8Event C:1066.9,R:681.5,G:337.9,B:192.4Cali C:0.0,R:0.0,G:0.0,B:0.0 
08-31 20:36:33.690  2509  3717 I libsensor-boledalgo: dbv:1663,lux:27.1,cct:3431.5,hsv:-1.0,CWB R:103.0,G:136.3,B:108.8Event C:1071.2,R:681.0,G:337.6,B:190.3Cali C:0.0,R:0.0,G:0.0,B:0.0 
08-31 20:36:33.743  2509  3717 I libsensor-boledalgo: dbv:1663,lux:26.4,cct:3566.9,hsv:-1.0,CWB R:103.0,G:136.3,B:108.8Event C:1068.9,R:678.1,G:339.3,B:194.7Cali C:0.0,R:0.0,G:0.0,B:0.0 
08-31 20:36:33.745  2509  3717 I libsensor-boledalgo: dbv:1663,lux:27.4,cct:3451.9,hsv:-1.0,CWB R:103.0,G:136.3,B:108.8Event C:1072.2,R:678.6,G:339.8,B:190.9Cali C:0.0,R:0.0,G:0.0,B:0.0 
08-31 20:36:33.845  2509  3717 I libsensor-boledalgo: dbv:1663,lux:26.5,cct:3549.9,hsv:-1.0,CWB R:103.0,G:136.3,B:108.8Event C:1071.2,R:680.2,G:339.0,B:194.7Cali C:0.0,R:0.0,G:0.0,B:0.0 
08-31 20:36:33.894  2509  3717 I libsensor-boledalgo: dbv:1663,lux:27.1,cct:3470.1,hsv:-1.0,CWB R:103.0,G:136.3,B:108.8Event C:1069.9,R:678.6,G:338.4,B:191.4Cali C:0.0,R:0.0,G:0.0,B:0.0 
08-31 20:36:33.917 16796 16796 E [18:36:33:916-E][16796][mca_smart_charge]smart_charge_handle_bypass_chg: 901 for_bypass [0->0] fcc[0 0]
08-31 20:36:33.943  2509  3717 I libsensor-boledalgo: dbv:1663,lux:25.4,cct:3510.3,hsv:-1.0,CWB R:103.0,G:136.3,B:108.8Event C:1064.1,R:681.0,G:339.0,B:191.4Cali C:0.0,R:0.0,G:0.0,B:0.0 
08-31 20:36:33.990  2509  3717 I libsensor-boledalgo: dbv:1663,lux:27.5,cct:3453.4,hsv:-1.0,CWB R:103.0,G:136.3,B:108.8Event C:1070.4,R:678.1,G:336.2,B:191.4Cali C:0.0,R:0.0,G:0.0,B:0.0 
08-31 20:36:33.993  3042  3708 D WifiClientModeImpl[11663:wlan0]: updateLinkLayerStatsRssiSpeedFrequencyCapabilities rssi=-64 TxLinkspeed=143 freq=2437 RxLinkSpeed=129
08-31 20:36:33.994  3042  3708 D WifiDataStall: tx tput in kbps: 93396
08-31 20:36:33.994  3042  3708 D WifiDataStall: rx tput in kbps: 94187
08-31 20:36:33.994  3042  3708 V WifiConfigManager: Updating scan detail cache freq=2437 BSSID=8c:9a:8f:a8:b2:54 RSSI=-63 for "Proximus-Home-990073"SAE
08-31 20:36:33.994  3042  3708 D WifiDataStall:  ccaLevel = 80
08-31 20:36:33.994  3042  3708 D WifiDataStall: L2 txTputKbps: 93396, rxTputKbps: 94187, L3 txTputKbps: 0, rxTputKbps: 0, TxTrafficHigh: false, RxTrafficHigh: false, Throughput Sufficient: true
08-31 20:36:33.994  3042  3708 D WifiThroughputPredictor:  utilization (LLS) 80 isBluetoothConnected: false final utilization: 80
08-31 20:36:33.995  3042  3708 D WifiThroughputPredictor:  BW: 0 RSSI: -64 Nss: 2 Mode: 6 symDur: 13600 snrDb 16 bitPerTone: 5328 rate: 183 throughput: 125
08-31 20:36:33.995  3042  3708 D WifiThroughputPredictor:  utilization (LLS) 80 isBluetoothConnected: false final utilization: 80
08-31 20:36:33.995  3042  3708 D WifiThroughputPredictor:  BW: 0 RSSI: -64 Nss: 2 Mode: 6 symDur: 13600 snrDb 16 bitPerTone: 5328 rate: 183 throughput: 125
08-31 20:36:34.000  3042  3708 D WifiScoreCard: BSSID update SIGNAL_POLL ID: 1760920805 SSID: "Proximus-Home-990073", BSSID: 8c:9a:8f:a8:b2:54, MAC: 3c:38:24:7f:7e:4c, IP: /192.168.129.54, Security type: 4, Supplicant state: COMPLETED, Wi-Fi standard: 11ax, RSSI: -64, Link speed: 143Mbps, Tx Link speed: 143Mbps, Max Supported Tx Link speed: 286Mbps, Calculated Tx : 93Mbps, Rx Link speed: 137Mbps, Max Supported Rx Link speed: 286Mbps, Calculated Rx : 94Mbps, Frequency: 2437MHz, Net ID: 1, Metered hint: false, score: 100, isUsable: true, CarrierMerged: false, SubscriptionId: -1, IsPrimary: 1, Trusted: true, Restricted: false, Ephemeral: false, OEM paid: false, OEM private: false, OSU AP: false, FQDN: <none>, Provider friendly name: <none>, Requesting package name: <none>"Proximus-Home-990073"wpa3-saeMLO Information: , Is TID-To-Link negotiation supported by the AP: false, AP MLD Address: <none>, AP MLO Link Id: <none>, AP MLO Affiliated links: <none>, Vendor Data: <none>
08-31 20:36:34.000  3042  3708 D WifiScoreCard: txRate: 1 txSpeed: 143
08-31 20:36:34.000  3042  3708 D WifiScoreCard: network update SIGNAL_POLL "Proximus-Home-990073" ID: 446730065 RSSI -64 txSpeed -1
08-31 20:36:34.000  3042  3708 D WifiClientModeImpl[11663:wlan0]:  ClientModeImpl$L2ConnectedState screen=on 9 0 "Proximus-Home-990073" 8c:9a:8f:a8:b2:54 rssi=-64 f=2437 sc=100 link=143 tx=0.1, 0.0, 0.0 rx=0.1 bcn=21819 [on:0 tx:0 rx:40 period:3037] from screen [on:4638 period:103159] score=100
08-31 20:36:34.095  2509  3717 I libsensor-boledalgo: dbv:1663,lux:26.0,cct:3547.8,hsv:-1.0,CWB R:103.0,G:136.3,B:108.8Event C:1064.6,R:676.3,G:341.2,B:192.4Cali C:0.0,R:0.0,G:0.0,B:0.0 
08-31 20:36:34.104  3042  3773 W libbinder.ServiceManagerCppClient: Waited one second for android.hardware.biometrics.face.virtualhal.IVirtualHal/virtual (is service started? Number of threads started in the threadpool: 32. Are binder threads started and available?)
08-31 20:36:34.107   992   992 I servicemanager: Caller(pid=3042,uid=1000,sid=u:r:system_server:s0) Since 'android.hardware.biometrics.face.virtualhal.IVirtualHal/virtual' could not be found trying to start it as a lazy AIDL service. (if it's not configured to be a lazy service, it may be stuck starting or still starting).
08-31 20:36:34.108   992 21202 W libc    : Unable to set property "ctl.interface_start" to "aidl/android.hardware.biometrics.face.virtualhal.IVirtualHal/virtual": PROP_ERROR_HANDLE_CONTROL_MESSAGE (0x20)
08-31 20:36:34.109 21202 21202 I servicemanager: Caller(pid=3042,uid=1000,sid=u:r:system_server:s0) Tried to start aidl service android.hardware.biometrics.face.virtualhal.IVirtualHal/virtual as a lazy service, but was unable to. Usually this happens when a service is not installed, but if the service is intended to be used as a lazy service, then it may be configured incorrectly.
08-31 20:36:34.143  2509  3717 I libsensor-boledalgo: dbv:1663,lux:27.1,cct:3466.8,hsv:-1.0,CWB R:103.0,G:136.3,B:108.8Event C:1069.1,R:678.1,G:338.1,B:191.1Cali C:0.0,R:0.0,G:0.0,B:0.0 
08-31 20:36:34.304     1     1 I init    : starting service 'vendor.msm_irqbalance'...
08-31 20:36:34.312     1     1 I libprocessgroup: Created cgroup /sys/fs/cgroup/system/uid_0/pid_21203
08-31 20:36:34.317     1     1 I init    : ... started service 'vendor.msm_irqbalance' has pid 21203
08-31 20:36:34.326 21203 21203 E MSM-irqbalance: Unable to open /system/vendor/etc/msm_irqbalance.conf
08-31 20:36:34.327 21203 21203 E MSM-irqbalance: Error parsing configuration file /system/vendor/etc/msm_irqbalance.conf
08-31 20:36:34.329     1     1 I init    : Service 'vendor.msm_irqbalance' (pid 21203) exited with status 2
08-31 20:36:34.329     1     1 I init    : Sending SIGKILL to service 'vendor.msm_irqbalance' (pid 21203) process group...
08-31 20:36:34.329     1     1 I process_monitor-sig_record: signal_record_hook_handle:268 hook cat sig = 9
08-31 20:36:34.329     1     1 I process_monitor-sig_record: signal_record_hook_handle:281 from init 1:1:0 to msm_irqbalance 21203:1:0
08-31 20:36:34.329     1     1 I libprocessgroup: Removed cgroup /sys/fs/cgroup/system/uid_0/pid_21203
08-31 20:36:34.628  3042  3516 I UsageStatsService: User[0] Flushing usage stats to disk
08-31 20:36:34.690  2509  3717 I libsensor-boledalgo: dbv:1663,lux:25.9,cct:3565.0,hsv:-1.0,CWB R:103.0,G:136.3,B:108.8Event C:1068.4,R:680.7,G:338.4,B:194.7Cali C:0.0,R:0.0,G:0.0,B:0.0 
08-31 20:36:34.695 19727 19727 E [18:36:34:694-E][19727][mca_strategy_buckchg]strategy_buckchg_update_charge_status: 2063 pmic_chg_status: 7, chg_status: 2, chg_en: [0][term_recharge], chg_type: 10, vbat: 4368, vbus: 5214000, ibus: 237000
08-31 20:36:34.695 19727 19727 E [18:36:34:694-E][19727][mca_strategy_buckchg]strategy_buckchg_update_charge_status: 2067 ap_icl:[volt_limit][1500], adsp_icl[1500], ichg:[volt_thermal_limit][3000], input_suspend:[(null)][0]
08-31 20:36:34.739  2509  3717 I libsensor-boledalgo: dbv:1663,lux:26.6,cct:3461.9,hsv:-1.0,CWB R:103.0,G:136.3,B:108.8Event C:1069.6,R:681.0,G:339.0,B:190.9Cali C:0.0,R:0.0,G:0.0,B:0.0 
08-31 20:36:34.817 20949 20949 I adbd    : adbd service requested 'shell,v2,TERM=xterm-256color:export ANDROID_LOG_TAGS="''"; exec logcat '-d''
08-31 20:36:34.850   996   996 I logd    : logdr: UID=0 GID=0 PID=21204 n tail=0 logMask=99 pid=0 start=0ns deadline=0ns
